feed,split,label,subject,probe,reference,probeMinutiae,referenceMinutiae,probeQuality,referenceQuality,score,durationMs,probeTemplateHash,referenceTemplateHash
sourceafis,train,genuine,101,101_1,101_2,29,42,,,24,300.12,5e6ab7051504d7261bc8c93d92c096a9dff916b92bd2fdecf8a26871a79a4376,4aabb4d65a28b56e0972aade044b70ececeef26d6760c0c27f12b40f0012556f
sourceafis,train,genuine,101,101_1,101_3,29,24,,,3,277.28,5e6ab7051504d7261bc8c93d92c096a9dff916b92bd2fdecf8a26871a79a4376,4c22f3a04a590ae26532f23d3485ec3f52739731e7dfec071fbf352cc43c4810
sourceafis,train,genuine,101,101_1,101_4,29,71,,,6,300.99,5e6ab7051504d7261bc8c93d92c096a9dff916b92bd2fdecf8a26871a79a4376,122dbb9a32571a35e6d55e2a6ccc882b61337b3a9b755c63c28f3324aca77151
sourceafis,train,genuine,101,101_1,101_5,29,47,,,23,317.39,5e6ab7051504d7261bc8c93d92c096a9dff916b92bd2fdecf8a26871a79a4376,97af114bc7552cf3774a25d6b1889c503d0954a5933cf5c100431a3d4d0321d3
sourceafis,train,genuine,101,101_1,101_6,29,44,,,33,283.87,5e6ab7051504d7261bc8c93d92c096a9dff916b92bd2fdecf8a26871a79a4376,9345470dade59f65098836d8a512d4a3492e3f8bbd0c7b30f8b15d9bc95fba52
sourceafis,train,genuine,101,101_1,101_7,29,29,,,33,310.16,5e6ab7051504d7261bc8c93d92c096a9dff916b92bd2fdecf8a26871a79a4376,82663dd77ab163c462b820fc3c3087d5cf5e8011554daadcd6df412609c8f708
sourceafis,train,genuine,101,101_1,101_8,29,41,,,32,304.27,5e6ab7051504d7261bc8c93d92c096a9dff916b92bd2fdecf8a26871a79a4376,c89e6612e315373aedde6197549741f1a627d88d51e029c9103104eee2f00961
sourceafis,train,genuine,101,101_2,101_3,42,24,,,7,330.39,4aabb4d65a28b56e0972aade044b70ececeef26d6760c0c27f12b40f0012556f,4c22f3a04a590ae26532f23d3485ec3f52739731e7dfec071fbf352cc43c4810
sourceafis,train,genuine,101,101_2,101_4,42,71,,,10,336.3,4aabb4d65a28b56e0972aade044b70ececeef26d6760c0c27f12b40f0012556f,122dbb9a32571a35e6d55e2a6ccc882b61337b3a9b755c63c28f3324aca77151
sourceafis,train,genuine,101,101_2,101_5,42,47,,,28,294.33,4aabb4d65a28b56e0972aade044b70ececeef26d6760c0c27f12b40f0012556f,97af114bc7552cf3774a25d6b1889c503d0954a5933cf5c100431a3d4d0321d3
sourceafis,train,genuine,101,101_2,101_6,42,44,,,49,292.54,4aabb4d65a28b56e0972aade044b70ececeef26d6760c0c27f12b40f0012556f,9345470dade59f65098836d8a512d4a3492e3f8bbd0c7b30f8b15d9bc95fba52
sourceafis,train,genuine,101,101_2,101_7,42,29,,,57,292.04,4aabb4d65a28b56e0972aade044b70ececeef26d6760c0c27f12b40f0012556f,82663dd77ab163c462b820fc3c3087d5cf5e8011554daadcd6df412609c8f708
sourceafis,train,genuine,101,101_2,101_8,42,41,,,41,254.2,4aabb4d65a28b56e0972aade044b70ececeef26d6760c0c27f12b40f0012556f,c89e6612e315373aedde6197549741f1a627d88d51e029c9103104eee2f00961
sourceafis,train,genuine,101,101_3,101_4,24,71,,,17,277.01,4c22f3a04a590ae26532f23d3485ec3f52739731e7dfec071fbf352cc43c4810,122dbb9a32571a35e6d55e2a6ccc882b61337b3a9b755c63c28f3324aca77151
sourceafis,train,genuine,101,101_3,101_5,24,47,,,5,292.84,4c22f3a04a590ae26532f23d3485ec3f52739731e7dfec071fbf352cc43c4810,97af114bc7552cf3774a25d6b1889c503d0954a5933cf5c100431a3d4d0321d3
sourceafis,train,genuine,101,101_3,101_6,24,44,,,61,278.99,4c22f3a04a590ae26532f23d3485ec3f52739731e7dfec071fbf352cc43c4810,9345470dade59f65098836d8a512d4a3492e3f8bbd0c7b30f8b15d9bc95fba52
sourceafis,train,genuine,101,101_3,101_7,24,29,,,5,264.09,4c22f3a04a590ae26532f23d3485ec3f52739731e7dfec071fbf352cc43c4810,82663dd77ab163c462b820fc3c3087d5cf5e8011554daadcd6df412609c8f708
sourceafis,train,genuine,101,101_3,101_8,24,41,,,6,276.7,4c22f3a04a590ae26532f23d3485ec3f52739731e7dfec071fbf352cc43c4810,c89e6612e315373aedde6197549741f1a627d88d51e029c9103104eee2f00961
sourceafis,train,genuine,101,101_4,101_5,71,47,,,16,265.8,122dbb9a32571a35e6d55e2a6ccc882b61337b3a9b755c63c28f3324aca77151,97af114bc7552cf3774a25d6b1889c503d0954a5933cf5c100431a3d4d0321d3
sourceafis,train,genuine,101,101_4,101_6,71,44,,,45,269.08,122dbb9a32571a35e6d55e2a6ccc882b61337b3a9b755c63c28f3324aca77151,9345470dade59f65098836d8a512d4a3492e3f8bbd0c7b30f8b15d9bc95fba52
sourceafis,train,genuine,101,101_4,101_7,71,29,,,8,289.26,122dbb9a32571a35e6d55e2a6ccc882b61337b3a9b755c63c28f3324aca77151,82663dd77ab163c462b820fc3c3087d5cf5e8011554daadcd6df412609c8f708
sourceafis,train,genuine,101,101_4,101_8,71,41,,,9,304.96,122dbb9a32571a35e6d55e2a6ccc882b61337b3a9b755c63c28f3324aca77151,c89e6612e315373aedde6197549741f1a627d88d51e029c9103104eee2f00961
sourceafis,train,genuine,101,101_5,101_6,47,44,,,41,280.23,97af114bc7552cf3774a25d6b1889c503d0954a5933cf5c100431a3d4d0321d3,9345470dade59f65098836d8a512d4a3492e3f8bbd0c7b30f8b15d9bc95fba52
sourceafis,train,genuine,101,101_5,101_7,47,29,,,34,271.31,97af114bc7552cf3774a25d6b1889c503d0954a5933cf5c100431a3d4d0321d3,82663dd77ab163c462b820fc3c3087d5cf5e8011554daadcd6df412609c8f708
sourceafis,train,genuine,101,101_5,101_8,47,41,,,32,283.1,97af114bc7552cf3774a25d6b1889c503d0954a5933cf5c100431a3d4d0321d3,c89e6612e315373aedde6197549741f1a627d88d51e029c9103104eee2f00961
sourceafis,train,genuine,101,101_6,101_7,44,29,,,24,256.28,9345470dade59f65098836d8a512d4a3492e3f8bbd0c7b30f8b15d9bc95fba52,82663dd77ab163c462b820fc3c3087d5cf5e8011554daadcd6df412609c8f708
sourceafis,train,genuine,101,101_6,101_8,44,41,,,62,360.98,9345470dade59f65098836d8a512d4a3492e3f8bbd0c7b30f8b15d9bc95fba52,c89e6612e315373aedde6197549741f1a627d88d51e029c9103104eee2f00961
sourceafis,train,genuine,101,101_7,101_8,29,41,,,27,259.15,82663dd77ab163c462b820fc3c3087d5cf5e8011554daadcd6df412609c8f708,c89e6612e315373aedde6197549741f1a627d88d51e029c9103104eee2f00961
sourceafis,train,genuine,102,102_1,102_2,63,59,,,271,363.2,cef232da98a710c36805119f1dbcf7e166abe368c30a51dd08fac5a018bec564,dee5bc5c95217b5c1577b66043057fcecc5035ff257ee22f961e3355c6225ece
sourceafis,train,genuine,102,102_1,102_3,63,46,,,137,300.99,cef232da98a710c36805119f1dbcf7e166abe368c30a51dd08fac5a018bec564,6d0f026f47a34eb537db49623f3f849e7cd386b2549594afedabb3f23b521c59
sourceafis,train,genuine,102,102_1,102_4,63,53,,,175,293.38,cef232da98a710c36805119f1dbcf7e166abe368c30a51dd08fac5a018bec564,abc37af4fe0eebb1efb9463ba6aafd8b6a70cc38ccb07a0fc72a2af5f6499ef4
sourceafis,train,genuine,102,102_1,102_5,63,55,,,167,319.64,cef232da98a710c36805119f1dbcf7e166abe368c30a51dd08fac5a018bec564,912a1dcdffc1738ec3ee239991793b37490ad53f406fe49844dd44e5055981cd
sourceafis,train,genuine,102,102_1,102_6,63,47,,,60,294.38,cef232da98a710c36805119f1dbcf7e166abe368c30a51dd08fac5a018bec564,0689a46cd0c5e0d6d2c6838d3958ef5d4c059b36cff4eef3930649b832b34b98
sourceafis,train,genuine,102,102_1,102_7,63,58,,,221,272.39,cef232da98a710c36805119f1dbcf7e166abe368c30a51dd08fac5a018bec564,8007c9e8e5fdc7e3dd1e8ecfaad4f23c498ddacd12a296be6b23fa12ba0ece56
sourceafis,train,genuine,102,102_1,102_8,63,54,,,195,280.85,cef232da98a710c36805119f1dbcf7e166abe368c30a51dd08fac5a018bec564,d7fe4448f54ba2f822da02da19896daac06d42f8f5fb4720bf46b6e3085e341a
sourceafis,train,genuine,102,102_2,102_3,59,46,,,135,275.27,dee5bc5c95217b5c1577b66043057fcecc5035ff257ee22f961e3355c6225ece,6d0f026f47a34eb537db49623f3f849e7cd386b2549594afedabb3f23b521c59
sourceafis,train,genuine,102,102_2,102_4,59,53,,,204,289.01,dee5bc5c95217b5c1577b66043057fcecc5035ff257ee22f961e3355c6225ece,abc37af4fe0eebb1efb9463ba6aafd8b6a70cc38ccb07a0fc72a2af5f6499ef4
sourceafis,train,genuine,102,102_2,102_5,59,55,,,172,364.71,dee5bc5c95217b5c1577b66043057fcecc5035ff257ee22f961e3355c6225ece,912a1dcdffc1738ec3ee239991793b37490ad53f406fe49844dd44e5055981cd
sourceafis,train,genuine,102,102_2,102_6,59,47,,,45,290.54,dee5bc5c95217b5c1577b66043057fcecc5035ff257ee22f961e3355c6225ece,0689a46cd0c5e0d6d2c6838d3958ef5d4c059b36cff4eef3930649b832b34b98
sourceafis,train,genuine,102,102_2,102_7,59,58,,,240,287.55,dee5bc5c95217b5c1577b66043057fcecc5035ff257ee22f961e3355c6225ece,8007c9e8e5fdc7e3dd1e8ecfaad4f23c498ddacd12a296be6b23fa12ba0ece56
sourceafis,train,genuine,102,102_2,102_8,59,54,,,228,304.66,dee5bc5c95217b5c1577b66043057fcecc5035ff257ee22f961e3355c6225ece,d7fe4448f54ba2f822da02da19896daac06d42f8f5fb4720bf46b6e3085e341a
sourceafis,train,genuine,102,102_3,102_4,46,53,,,183,292.46,6d0f026f47a34eb537db49623f3f849e7cd386b2549594afedabb3f23b521c59,abc37af4fe0eebb1efb9463ba6aafd8b6a70cc38ccb07a0fc72a2af5f6499ef4
sourceafis,train,genuine,102,102_3,102_5,46,55,,,104,299.42,6d0f026f47a34eb537db49623f3f849e7cd386b2549594afedabb3f23b521c59,912a1dcdffc1738ec3ee239991793b37490ad53f406fe49844dd44e5055981cd
sourceafis,train,genuine,102,102_3,102_6,46,47,,,118,392.89,6d0f026f47a34eb537db49623f3f849e7cd386b2549594afedabb3f23b521c59,0689a46cd0c5e0d6d2c6838d3958ef5d4c059b36cff4eef3930649b832b34b98
sourceafis,train,genuine,102,102_3,102_7,46,58,,,137,263.17,6d0f026f47a34eb537db49623f3f849e7cd386b2549594afedabb3f23b521c59,8007c9e8e5fdc7e3dd1e8ecfaad4f23c498ddacd12a296be6b23fa12ba0ece56
sourceafis,train,genuine,102,102_3,102_8,46,54,,,106,291.22,6d0f026f47a34eb537db49623f3f849e7cd386b2549594afedabb3f23b521c59,d7fe4448f54ba2f822da02da19896daac06d42f8f5fb4720bf46b6e3085e341a
sourceafis,train,genuine,102,102_4,102_5,53,55,,,121,277.53,abc37af4fe0eebb1efb9463ba6aafd8b6a70cc38ccb07a0fc72a2af5f6499ef4,912a1dcdffc1738ec3ee239991793b37490ad53f406fe49844dd44e5055981cd
sourceafis,train,genuine,102,102_4,102_6,53,47,,,70,262.43,abc37af4fe0eebb1efb9463ba6aafd8b6a70cc38ccb07a0fc72a2af5f6499ef4,0689a46cd0c5e0d6d2c6838d3958ef5d4c059b36cff4eef3930649b832b34b98
sourceafis,train,genuine,102,102_4,102_7,53,58,,,148,263.59,abc37af4fe0eebb1efb9463ba6aafd8b6a70cc38ccb07a0fc72a2af5f6499ef4,8007c9e8e5fdc7e3dd1e8ecfaad4f23c498ddacd12a296be6b23fa12ba0ece56
sourceafis,train,genuine,102,102_4,102_8,53,54,,,207,305.51,abc37af4fe0eebb1efb9463ba6aafd8b6a70cc38ccb07a0fc72a2af5f6499ef4,d7fe4448f54ba2f822da02da19896daac06d42f8f5fb4720bf46b6e3085e341a
sourceafis,train,genuine,102,102_5,102_6,55,47,,,39,287.97,912a1dcdffc1738ec3ee239991793b37490ad53f406fe49844dd44e5055981cd,0689a46cd0c5e0d6d2c6838d3958ef5d4c059b36cff4eef3930649b832b34b98
sourceafis,train,genuine,102,102_5,102_7,55,58,,,173,267.93,912a1dcdffc1738ec3ee239991793b37490ad53f406fe49844dd44e5055981cd,8007c9e8e5fdc7e3dd1e8ecfaad4f23c498ddacd12a296be6b23fa12ba0ece56
sourceafis,train,genuine,102,102_5,102_8,55,54,,,137,288.61,912a1dcdffc1738ec3ee239991793b37490ad53f406fe49844dd44e5055981cd,d7fe4448f54ba2f822da02da19896daac06d42f8f5fb4720bf46b6e3085e341a
sourceafis,train,genuine,102,102_6,102_7,47,58,,,65,271.95,0689a46cd0c5e0d6d2c6838d3958ef5d4c059b36cff4eef3930649b832b34b98,8007c9e8e5fdc7e3dd1e8ecfaad4f23c498ddacd12a296be6b23fa12ba0ece56
sourceafis,train,genuine,102,102_6,102_8,47,54,,,41,268.36,0689a46cd0c5e0d6d2c6838d3958ef5d4c059b36cff4eef3930649b832b34b98,d7fe4448f54ba2f822da02da19896daac06d42f8f5fb4720bf46b6e3085e341a
sourceafis,train,genuine,102,102_7,102_8,58,54,,,163,275.8,8007c9e8e5fdc7e3dd1e8ecfaad4f23c498ddacd12a296be6b23fa12ba0ece56,d7fe4448f54ba2f822da02da19896daac06d42f8f5fb4720bf46b6e3085e341a
sourceafis,train,genuine,103,103_1,103_2,41,42,,,114,304.55,566ae74a6b35100d60ede7b3085ab14074ed44877c0232299631fc3e04da7b04,1d947686137f106cee0ac1011385fd157bbbeb9c464c01c906b6906b881c396d
sourceafis,train,genuine,103,103_1,103_3,41,43,,,215,266.86,566ae74a6b35100d60ede7b3085ab14074ed44877c0232299631fc3e04da7b04,5c06d70acec013379418aa97442c6602a2895576a078c34d0583105b727e8b83
sourceafis,train,genuine,103,103_1,103_4,41,29,,,21,267.64,566ae74a6b35100d60ede7b3085ab14074ed44877c0232299631fc3e04da7b04,ad443beaa4f963930bd2e864c703cbcd8c46bda62f5cff79ef4ee06c320d8ab8
sourceafis,train,genuine,103,103_1,103_5,41,41,,,69,256.59,566ae74a6b35100d60ede7b3085ab14074ed44877c0232299631fc3e04da7b04,3153139a4a42b1b9fc5b078bbc4fa0526627bdf32fe4e8a6080e0091937d9eaf
sourceafis,train,genuine,103,103_1,103_6,41,38,,,90,306.22,566ae74a6b35100d60ede7b3085ab14074ed44877c0232299631fc3e04da7b04,c2cca0189cd16ccb746ca3203ebba157e66f340863ae6e75109ec5b6d8963935
sourceafis,train,genuine,103,103_1,103_7,41,40,,,88,372.57,566ae74a6b35100d60ede7b3085ab14074ed44877c0232299631fc3e04da7b04,69a4063993354e94c9b4093eb022d3512e7fc88e021089805953b54ca1c1ea35
sourceafis,train,genuine,103,103_1,103_8,41,46,,,106,254.51,566ae74a6b35100d60ede7b3085ab14074ed44877c0232299631fc3e04da7b04,4116d840237cdeb226adcc89cbe2780ec72907576bf0d55f6230eef3d20985d8
sourceafis,train,genuine,103,103_2,103_3,42,43,,,309,279.68,1d947686137f106cee0ac1011385fd157bbbeb9c464c01c906b6906b881c396d,5c06d70acec013379418aa97442c6602a2895576a078c34d0583105b727e8b83
sourceafis,train,genuine,103,103_2,103_4,42,29,,,29,238.23,1d947686137f106cee0ac1011385fd157bbbeb9c464c01c906b6906b881c396d,ad443beaa4f963930bd2e864c703cbcd8c46bda62f5cff79ef4ee06c320d8ab8
sourceafis,train,genuine,103,103_2,103_5,42,41,,,145,245.46,1d947686137f106cee0ac1011385fd157bbbeb9c464c01c906b6906b881c396d,3153139a4a42b1b9fc5b078bbc4fa0526627bdf32fe4e8a6080e0091937d9eaf
sourceafis,train,genuine,103,103_2,103_6,42,38,,,280,286.32,1d947686137f106cee0ac1011385fd157bbbeb9c464c01c906b6906b881c396d,c2cca0189cd16ccb746ca3203ebba157e66f340863ae6e75109ec5b6d8963935
sourceafis,train,genuine,103,103_2,103_7,42,40,,,196,280.92,1d947686137f106cee0ac1011385fd157bbbeb9c464c01c906b6906b881c396d,69a4063993354e94c9b4093eb022d3512e7fc88e021089805953b54ca1c1ea35
sourceafis,train,genuine,103,103_2,103_8,42,46,,,134,277.38,1d947686137f106cee0ac1011385fd157bbbeb9c464c01c906b6906b881c396d,4116d840237cdeb226adcc89cbe2780ec72907576bf0d55f6230eef3d20985d8
sourceafis,train,genuine,103,103_3,103_4,43,29,,,55,262.71,5c06d70acec013379418aa97442c6602a2895576a078c34d0583105b727e8b83,ad443beaa4f963930bd2e864c703cbcd8c46bda62f5cff79ef4ee06c320d8ab8
sourceafis,train,genuine,103,103_3,103_5,43,41,,,136,269.82,5c06d70acec013379418aa97442c6602a2895576a078c34d0583105b727e8b83,3153139a4a42b1b9fc5b078bbc4fa0526627bdf32fe4e8a6080e0091937d9eaf
sourceafis,train,genuine,103,103_3,103_6,43,38,,,250,324.37,5c06d70acec013379418aa97442c6602a2895576a078c34d0583105b727e8b83,c2cca0189cd16ccb746ca3203ebba157e66f340863ae6e75109ec5b6d8963935
sourceafis,train,genuine,103,103_3,103_7,43,40,,,184,265.89,5c06d70acec013379418aa97442c6602a2895576a078c34d0583105b727e8b83,69a4063993354e94c9b4093eb022d3512e7fc88e021089805953b54ca1c1ea35
sourceafis,train,genuine,103,103_3,103_8,43,46,,,174,303.86,5c06d70acec013379418aa97442c6602a2895576a078c34d0583105b727e8b83,4116d840237cdeb226adcc89cbe2780ec72907576bf0d55f6230eef3d20985d8
sourceafis,train,genuine,103,103_4,103_5,29,41,,,139,286.79,ad443beaa4f963930bd2e864c703cbcd8c46bda62f5cff79ef4ee06c320d8ab8,3153139a4a42b1b9fc5b078bbc4fa0526627bdf32fe4e8a6080e0091937d9eaf
sourceafis,train,genuine,103,103_4,103_6,29,38,,,23,263.39,ad443beaa4f963930bd2e864c703cbcd8c46bda62f5cff79ef4ee06c320d8ab8,c2cca0189cd16ccb746ca3203ebba157e66f340863ae6e75109ec5b6d8963935
sourceafis,train,genuine,103,103_4,103_7,29,40,,,65,281.49,ad443beaa4f963930bd2e864c703cbcd8c46bda62f5cff79ef4ee06c320d8ab8,69a4063993354e94c9b4093eb022d3512e7fc88e021089805953b54ca1c1ea35
sourceafis,train,genuine,103,103_4,103_8,29,46,,,26,258.79,ad443beaa4f963930bd2e864c703cbcd8c46bda62f5cff79ef4ee06c320d8ab8,4116d840237cdeb226adcc89cbe2780ec72907576bf0d55f6230eef3d20985d8
sourceafis,train,genuine,103,103_5,103_6,41,38,,,81,272.25,3153139a4a42b1b9fc5b078bbc4fa0526627bdf32fe4e8a6080e0091937d9eaf,c2cca0189cd16ccb746ca3203ebba157e66f340863ae6e75109ec5b6d8963935
sourceafis,train,genuine,103,103_5,103_7,41,40,,,173,357.8,3153139a4a42b1b9fc5b078bbc4fa0526627bdf32fe4e8a6080e0091937d9eaf,69a4063993354e94c9b4093eb022d3512e7fc88e021089805953b54ca1c1ea35
sourceafis,train,genuine,103,103_5,103_8,41,46,,,103,281.61,3153139a4a42b1b9fc5b078bbc4fa0526627bdf32fe4e8a6080e0091937d9eaf,4116d840237cdeb226adcc89cbe2780ec72907576bf0d55f6230eef3d20985d8
sourceafis,train,genuine,103,103_6,103_7,38,40,,,152,269.8,c2cca0189cd16ccb746ca3203ebba157e66f340863ae6e75109ec5b6d8963935,69a4063993354e94c9b4093eb022d3512e7fc88e021089805953b54ca1c1ea35
sourceafis,train,genuine,103,103_6,103_8,38,46,,,106,263,c2cca0189cd16ccb746ca3203ebba157e66f340863ae6e75109ec5b6d8963935,4116d840237cdeb226adcc89cbe2780ec72907576bf0d55f6230eef3d20985d8
sourceafis,train,genuine,103,103_7,103_8,40,46,,,141,279.8,69a4063993354e94c9b4093eb022d3512e7fc88e021089805953b54ca1c1ea35,4116d840237cdeb226adcc89cbe2780ec72907576bf0d55f6230eef3d20985d8
sourceafis,train,genuine,104,104_1,104_2,33,30,,,56,294.88,42f7fccf3d5f1499100ca2f92c0f820d25e15b24a18fb7aac907f30e95c58e18,10412c2cef76d6368536f7dd898f22cba30101f074c403c53e5581318c5e6975
sourceafis,train,genuine,104,104_1,104_3,33,25,,,49,309.58,42f7fccf3d5f1499100ca2f92c0f820d25e15b24a18fb7aac907f30e95c58e18,c7ee31ce4502dd7490e7d2354fddadfd259c92dc58babf40ad9200af534a41d4
sourceafis,train,genuine,104,104_1,104_4,33,28,,,46,319.67,42f7fccf3d5f1499100ca2f92c0f820d25e15b24a18fb7aac907f30e95c58e18,a0171fb7904f795f018dbb7654be474c78bffc6181ae21b2f5d264640c8cd907
sourceafis,train,genuine,104,104_1,104_5,33,14,,,46,304.65,42f7fccf3d5f1499100ca2f92c0f820d25e15b24a18fb7aac907f30e95c58e18,1ae4cc4d0f2b128902b1d165a137e8434aa63f06e388add97f05e6e9ba02ab53
sourceafis,train,genuine,104,104_1,104_6,33,25,,,72,316.08,42f7fccf3d5f1499100ca2f92c0f820d25e15b24a18fb7aac907f30e95c58e18,668b4271a39416080caf8afaeb5939e5936775efa0465f2abda402fdfdae35ea
sourceafis,train,genuine,104,104_1,104_7,33,30,,,77,260.78,42f7fccf3d5f1499100ca2f92c0f820d25e15b24a18fb7aac907f30e95c58e18,bfb9ca8c011c429e194931b09cc30080548d4edc7785ed5b944fa081ff2fa49d
sourceafis,train,genuine,104,104_1,104_8,33,29,,,58,303.9,42f7fccf3d5f1499100ca2f92c0f820d25e15b24a18fb7aac907f30e95c58e18,87b7eeea51a3b1fbc90b4abc9f4812834736e9624cdd16c600b7c6693cfcaad6
sourceafis,train,genuine,104,104_2,104_3,30,25,,,31,315.91,10412c2cef76d6368536f7dd898f22cba30101f074c403c53e5581318c5e6975,c7ee31ce4502dd7490e7d2354fddadfd259c92dc58babf40ad9200af534a41d4
sourceafis,train,genuine,104,104_2,104_4,30,28,,,39,268.19,10412c2cef76d6368536f7dd898f22cba30101f074c403c53e5581318c5e6975,a0171fb7904f795f018dbb7654be474c78bffc6181ae21b2f5d264640c8cd907
sourceafis,train,genuine,104,104_2,104_5,30,14,,,19,315.24,10412c2cef76d6368536f7dd898f22cba30101f074c403c53e5581318c5e6975,1ae4cc4d0f2b128902b1d165a137e8434aa63f06e388add97f05e6e9ba02ab53
sourceafis,train,genuine,104,104_2,104_6,30,25,,,27,272.62,10412c2cef76d6368536f7dd898f22cba30101f074c403c53e5581318c5e6975,668b4271a39416080caf8afaeb5939e5936775efa0465f2abda402fdfdae35ea
sourceafis,train,genuine,104,104_2,104_7,30,30,,,38,326.23,10412c2cef76d6368536f7dd898f22cba30101f074c403c53e5581318c5e6975,bfb9ca8c011c429e194931b09cc30080548d4edc7785ed5b944fa081ff2fa49d
sourceafis,train,genuine,104,104_2,104_8,30,29,,,22,316.45,10412c2cef76d6368536f7dd898f22cba30101f074c403c53e5581318c5e6975,87b7eeea51a3b1fbc90b4abc9f4812834736e9624cdd16c600b7c6693cfcaad6
sourceafis,train,genuine,104,104_3,104_4,25,28,,,67,394.34,c7ee31ce4502dd7490e7d2354fddadfd259c92dc58babf40ad9200af534a41d4,a0171fb7904f795f018dbb7654be474c78bffc6181ae21b2f5d264640c8cd907
sourceafis,train,genuine,104,104_3,104_5,25,14,,,41,303.12,c7ee31ce4502dd7490e7d2354fddadfd259c92dc58babf40ad9200af534a41d4,1ae4cc4d0f2b128902b1d165a137e8434aa63f06e388add97f05e6e9ba02ab53
sourceafis,train,genuine,104,104_3,104_6,25,25,,,54,278.62,c7ee31ce4502dd7490e7d2354fddadfd259c92dc58babf40ad9200af534a41d4,668b4271a39416080caf8afaeb5939e5936775efa0465f2abda402fdfdae35ea
sourceafis,train,genuine,104,104_3,104_7,25,30,,,63,291.82,c7ee31ce4502dd7490e7d2354fddadfd259c92dc58babf40ad9200af534a41d4,bfb9ca8c011c429e194931b09cc30080548d4edc7785ed5b944fa081ff2fa49d
sourceafis,train,genuine,104,104_3,104_8,25,29,,,61,305.21,c7ee31ce4502dd7490e7d2354fddadfd259c92dc58babf40ad9200af534a41d4,87b7eeea51a3b1fbc90b4abc9f4812834736e9624cdd16c600b7c6693cfcaad6
sourceafis,train,genuine,104,104_4,104_5,28,14,,,49,287.29,a0171fb7904f795f018dbb7654be474c78bffc6181ae21b2f5d264640c8cd907,1ae4cc4d0f2b128902b1d165a137e8434aa63f06e388add97f05e6e9ba02ab53
sourceafis,train,genuine,104,104_4,104_6,28,25,,,51,323.97,a0171fb7904f795f018dbb7654be474c78bffc6181ae21b2f5d264640c8cd907,668b4271a39416080caf8afaeb5939e5936775efa0465f2abda402fdfdae35ea
sourceafis,train,genuine,104,104_4,104_7,28,30,,,47,274.88,a0171fb7904f795f018dbb7654be474c78bffc6181ae21b2f5d264640c8cd907,bfb9ca8c011c429e194931b09cc30080548d4edc7785ed5b944fa081ff2fa49d
sourceafis,train,genuine,104,104_4,104_8,28,29,,,68,280.59,a0171fb7904f795f018dbb7654be474c78bffc6181ae21b2f5d264640c8cd907,87b7eeea51a3b1fbc90b4abc9f4812834736e9624cdd16c600b7c6693cfcaad6
sourceafis,train,genuine,104,104_5,104_6,14,25,,,55,278.86,1ae4cc4d0f2b128902b1d165a137e8434aa63f06e388add97f05e6e9ba02ab53,668b4271a39416080caf8afaeb5939e5936775efa0465f2abda402fdfdae35ea
sourceafis,train,genuine,104,104_5,104_7,14,30,,,40,312.54,1ae4cc4d0f2b128902b1d165a137e8434aa63f06e388add97f05e6e9ba02ab53,bfb9ca8c011c429e194931b09cc30080548d4edc7785ed5b944fa081ff2fa49d
sourceafis,train,genuine,104,104_5,104_8,14,29,,,39,312.71,1ae4cc4d0f2b128902b1d165a137e8434aa63f06e388add97f05e6e9ba02ab53,87b7eeea51a3b1fbc90b4abc9f4812834736e9624cdd16c600b7c6693cfcaad6
sourceafis,train,genuine,104,104_6,104_7,25,30,,,62,300.82,668b4271a39416080caf8afaeb5939e5936775efa0465f2abda402fdfdae35ea,bfb9ca8c011c429e194931b09cc30080548d4edc7785ed5b944fa081ff2fa49d
sourceafis,train,genuine,104,104_6,104_8,25,29,,,36,263,668b4271a39416080caf8afaeb5939e5936775efa0465f2abda402fdfdae35ea,87b7eeea51a3b1fbc90b4abc9f4812834736e9624cdd16c600b7c6693cfcaad6
sourceafis,train,genuine,104,104_7,104_8,30,29,,,51,251.4,bfb9ca8c011c429e194931b09cc30080548d4edc7785ed5b944fa081ff2fa49d,87b7eeea51a3b1fbc90b4abc9f4812834736e9624cdd16c600b7c6693cfcaad6
sourceafis,train,genuine,105,105_1,105_2,46,34,,,173,321.02,3a8eabffb24282bdfa242ccac550bd6e44e70ec80874d5f6cf078848266706ca,7fb9482fa59f6997ca57a7fb4327cf031c40805c7ea45790cc6d186aeed06eeb
sourceafis,train,genuine,105,105_1,105_3,46,24,,,28,315.89,3a8eabffb24282bdfa242ccac550bd6e44e70ec80874d5f6cf078848266706ca,af5a0686c2809d3c0df93566022e876f86f755f22378bf1be2d34d78554e139c
sourceafis,train,genuine,105,105_1,105_4,46,42,,,99,380.97,3a8eabffb24282bdfa242ccac550bd6e44e70ec80874d5f6cf078848266706ca,3e3b7d534f4bb3cb312e2e2ae0425dba75da10644076a6fe7cd689273b20c8ca
sourceafis,train,genuine,105,105_1,105_5,46,31,,,113,267.84,3a8eabffb24282bdfa242ccac550bd6e44e70ec80874d5f6cf078848266706ca,adc533901286a1e601c466392af027f141dd89dde1ef79d93ce1a58bb12192ec
sourceafis,train,genuine,105,105_1,105_6,46,35,,,90,299.73,3a8eabffb24282bdfa242ccac550bd6e44e70ec80874d5f6cf078848266706ca,237bdd1e19377181d31db84e7a40d3dfcbafb48ea2d79591c0f28cc9530bb6e0
sourceafis,train,genuine,105,105_1,105_7,46,29,,,90,298.8,3a8eabffb24282bdfa242ccac550bd6e44e70ec80874d5f6cf078848266706ca,21d5b98ab8e1fbd92dd1b66f552c5608aed19f0119672c78818570cd342f750f
sourceafis,train,genuine,105,105_1,105_8,46,33,,,151,255.85,3a8eabffb24282bdfa242ccac550bd6e44e70ec80874d5f6cf078848266706ca,1782251d1ab405d854d9bd7620677ab28af1d8c995ee6cffc941d4ded1315ecb
sourceafis,train,genuine,105,105_2,105_3,34,24,,,38,266.31,7fb9482fa59f6997ca57a7fb4327cf031c40805c7ea45790cc6d186aeed06eeb,af5a0686c2809d3c0df93566022e876f86f755f22378bf1be2d34d78554e139c
sourceafis,train,genuine,105,105_2,105_4,34,42,,,98,307.24,7fb9482fa59f6997ca57a7fb4327cf031c40805c7ea45790cc6d186aeed06eeb,3e3b7d534f4bb3cb312e2e2ae0425dba75da10644076a6fe7cd689273b20c8ca
sourceafis,train,genuine,105,105_2,105_5,34,31,,,124,304.07,7fb9482fa59f6997ca57a7fb4327cf031c40805c7ea45790cc6d186aeed06eeb,adc533901286a1e601c466392af027f141dd89dde1ef79d93ce1a58bb12192ec
sourceafis,train,genuine,105,105_2,105_6,34,35,,,85,256.61,7fb9482fa59f6997ca57a7fb4327cf031c40805c7ea45790cc6d186aeed06eeb,237bdd1e19377181d31db84e7a40d3dfcbafb48ea2d79591c0f28cc9530bb6e0
sourceafis,train,genuine,105,105_2,105_7,34,29,,,90,244.37,7fb9482fa59f6997ca57a7fb4327cf031c40805c7ea45790cc6d186aeed06eeb,21d5b98ab8e1fbd92dd1b66f552c5608aed19f0119672c78818570cd342f750f
sourceafis,train,genuine,105,105_2,105_8,34,33,,,143,305.61,7fb9482fa59f6997ca57a7fb4327cf031c40805c7ea45790cc6d186aeed06eeb,1782251d1ab405d854d9bd7620677ab28af1d8c995ee6cffc941d4ded1315ecb
sourceafis,train,genuine,105,105_3,105_4,24,42,,,70,310.8,af5a0686c2809d3c0df93566022e876f86f755f22378bf1be2d34d78554e139c,3e3b7d534f4bb3cb312e2e2ae0425dba75da10644076a6fe7cd689273b20c8ca
sourceafis,train,genuine,105,105_3,105_5,24,31,,,98,251.12,af5a0686c2809d3c0df93566022e876f86f755f22378bf1be2d34d78554e139c,adc533901286a1e601c466392af027f141dd89dde1ef79d93ce1a58bb12192ec
sourceafis,train,genuine,105,105_3,105_6,24,35,,,52,252.91,af5a0686c2809d3c0df93566022e876f86f755f22378bf1be2d34d78554e139c,237bdd1e19377181d31db84e7a40d3dfcbafb48ea2d79591c0f28cc9530bb6e0
sourceafis,train,genuine,105,105_3,105_7,24,29,,,83,279.39,af5a0686c2809d3c0df93566022e876f86f755f22378bf1be2d34d78554e139c,21d5b98ab8e1fbd92dd1b66f552c5608aed19f0119672c78818570cd342f750f
sourceafis,train,genuine,105,105_3,105_8,24,33,,,58,278.3,af5a0686c2809d3c0df93566022e876f86f755f22378bf1be2d34d78554e139c,1782251d1ab405d854d9bd7620677ab28af1d8c995ee6cffc941d4ded1315ecb
sourceafis,train,genuine,105,105_4,105_5,42,31,,,153,281.97,3e3b7d534f4bb3cb312e2e2ae0425dba75da10644076a6fe7cd689273b20c8ca,adc533901286a1e601c466392af027f141dd89dde1ef79d93ce1a58bb12192ec
sourceafis,train,genuine,105,105_4,105_6,42,35,,,93,299.01,3e3b7d534f4bb3cb312e2e2ae0425dba75da10644076a6fe7cd689273b20c8ca,237bdd1e19377181d31db84e7a40d3dfcbafb48ea2d79591c0f28cc9530bb6e0
sourceafis,train,genuine,105,105_4,105_7,42,29,,,133,369.24,3e3b7d534f4bb3cb312e2e2ae0425dba75da10644076a6fe7cd689273b20c8ca,21d5b98ab8e1fbd92dd1b66f552c5608aed19f0119672c78818570cd342f750f
sourceafis,train,genuine,105,105_4,105_8,42,33,,,96,264.34,3e3b7d534f4bb3cb312e2e2ae0425dba75da10644076a6fe7cd689273b20c8ca,1782251d1ab405d854d9bd7620677ab28af1d8c995ee6cffc941d4ded1315ecb
sourceafis,train,genuine,105,105_5,105_6,31,35,,,132,292.21,adc533901286a1e601c466392af027f141dd89dde1ef79d93ce1a58bb12192ec,237bdd1e19377181d31db84e7a40d3dfcbafb48ea2d79591c0f28cc9530bb6e0
sourceafis,train,genuine,105,105_5,105_7,31,29,,,139,323.84,adc533901286a1e601c466392af027f141dd89dde1ef79d93ce1a58bb12192ec,21d5b98ab8e1fbd92dd1b66f552c5608aed19f0119672c78818570cd342f750f
sourceafis,train,genuine,105,105_5,105_8,31,33,,,148,273.42,adc533901286a1e601c466392af027f141dd89dde1ef79d93ce1a58bb12192ec,1782251d1ab405d854d9bd7620677ab28af1d8c995ee6cffc941d4ded1315ecb
sourceafis,train,genuine,105,105_6,105_7,35,29,,,93,327.57,237bdd1e19377181d31db84e7a40d3dfcbafb48ea2d79591c0f28cc9530bb6e0,21d5b98ab8e1fbd92dd1b66f552c5608aed19f0119672c78818570cd342f750f
sourceafis,train,genuine,105,105_6,105_8,35,33,,,117,266.49,237bdd1e19377181d31db84e7a40d3dfcbafb48ea2d79591c0f28cc9530bb6e0,1782251d1ab405d854d9bd7620677ab28af1d8c995ee6cffc941d4ded1315ecb
sourceafis,train,genuine,105,105_7,105_8,29,33,,,115,330.13,21d5b98ab8e1fbd92dd1b66f552c5608aed19f0119672c78818570cd342f750f,1782251d1ab405d854d9bd7620677ab28af1d8c995ee6cffc941d4ded1315ecb
sourceafis,validation,genuine,106,106_1,106_2,25,24,,,42,282.49,c98ea1765f20a8ed47a86479920ab7cec6b0462b0d9ad0b9800f65fa448438c8,29ddcd4a741f9c24c0d96ce5ae233f65a2ef129b9ffbfd1581fd4468df4fa6f0
sourceafis,validation,genuine,106,106_1,106_3,25,25,,,34,280.25,c98ea1765f20a8ed47a86479920ab7cec6b0462b0d9ad0b9800f65fa448438c8,a3374c7b5fc5337d4b997e0fa76b1e2372d30469ffb6901e64fe14db778aa3d6
sourceafis,validation,genuine,106,106_1,106_4,25,34,,,6,318.36,c98ea1765f20a8ed47a86479920ab7cec6b0462b0d9ad0b9800f65fa448438c8,57725d6dc50f9eefad304e362be42e978127de34d7ebb089a8e1f3b2b4518139
sourceafis,validation,genuine,106,106_1,106_5,25,42,,,9,269.52,c98ea1765f20a8ed47a86479920ab7cec6b0462b0d9ad0b9800f65fa448438c8,1830636c7ccb428c0798c570545ade30a83494895cdfe9a3431968a87731f1e8
sourceafis,validation,genuine,106,106_1,106_6,25,27,,,24,269.92,c98ea1765f20a8ed47a86479920ab7cec6b0462b0d9ad0b9800f65fa448438c8,d786db559a4a525850b45f0e9ae1b57fdcbd1d0db652ad36417b7d9aaf509a51
sourceafis,validation,genuine,106,106_1,106_7,25,37,,,25,274.99,c98ea1765f20a8ed47a86479920ab7cec6b0462b0d9ad0b9800f65fa448438c8,12690c4f5bf4767d65bcac752fdab38c287c83e41bed5aff5831e627bf2919da
sourceafis,validation,genuine,106,106_1,106_8,25,32,,,10,258.11,c98ea1765f20a8ed47a86479920ab7cec6b0462b0d9ad0b9800f65fa448438c8,c2e1df414ece615e0fd13edc950d706cc872b7b1f0efb893e406804ba6d12258
sourceafis,validation,genuine,106,106_2,106_3,24,25,,,56,261.89,29ddcd4a741f9c24c0d96ce5ae233f65a2ef129b9ffbfd1581fd4468df4fa6f0,a3374c7b5fc5337d4b997e0fa76b1e2372d30469ffb6901e64fe14db778aa3d6
sourceafis,validation,genuine,106,106_2,106_4,24,34,,,12,257.58,29ddcd4a741f9c24c0d96ce5ae233f65a2ef129b9ffbfd1581fd4468df4fa6f0,57725d6dc50f9eefad304e362be42e978127de34d7ebb089a8e1f3b2b4518139
sourceafis,validation,genuine,106,106_2,106_5,24,42,,,17,277.15,29ddcd4a741f9c24c0d96ce5ae233f65a2ef129b9ffbfd1581fd4468df4fa6f0,1830636c7ccb428c0798c570545ade30a83494895cdfe9a3431968a87731f1e8
sourceafis,validation,genuine,106,106_2,106_6,24,27,,,45,382.96,29ddcd4a741f9c24c0d96ce5ae233f65a2ef129b9ffbfd1581fd4468df4fa6f0,d786db559a4a525850b45f0e9ae1b57fdcbd1d0db652ad36417b7d9aaf509a51
sourceafis,validation,genuine,106,106_2,106_7,24,37,,,64,268.43,29ddcd4a741f9c24c0d96ce5ae233f65a2ef129b9ffbfd1581fd4468df4fa6f0,12690c4f5bf4767d65bcac752fdab38c287c83e41bed5aff5831e627bf2919da
sourceafis,validation,genuine,106,106_2,106_8,24,32,,,21,274.7,29ddcd4a741f9c24c0d96ce5ae233f65a2ef129b9ffbfd1581fd4468df4fa6f0,c2e1df414ece615e0fd13edc950d706cc872b7b1f0efb893e406804ba6d12258
sourceafis,validation,genuine,106,106_3,106_4,25,34,,,44,308.34,a3374c7b5fc5337d4b997e0fa76b1e2372d30469ffb6901e64fe14db778aa3d6,57725d6dc50f9eefad304e362be42e978127de34d7ebb089a8e1f3b2b4518139
sourceafis,validation,genuine,106,106_3,106_5,25,42,,,31,257.45,a3374c7b5fc5337d4b997e0fa76b1e2372d30469ffb6901e64fe14db778aa3d6,1830636c7ccb428c0798c570545ade30a83494895cdfe9a3431968a87731f1e8
sourceafis,validation,genuine,106,106_3,106_6,25,27,,,60,272.91,a3374c7b5fc5337d4b997e0fa76b1e2372d30469ffb6901e64fe14db778aa3d6,d786db559a4a525850b45f0e9ae1b57fdcbd1d0db652ad36417b7d9aaf509a51
sourceafis,validation,genuine,106,106_3,106_7,25,37,,,94,298.88,a3374c7b5fc5337d4b997e0fa76b1e2372d30469ffb6901e64fe14db778aa3d6,12690c4f5bf4767d65bcac752fdab38c287c83e41bed5aff5831e627bf2919da
sourceafis,validation,genuine,106,106_3,106_8,25,32,,,49,263.02,a3374c7b5fc5337d4b997e0fa76b1e2372d30469ffb6901e64fe14db778aa3d6,c2e1df414ece615e0fd13edc950d706cc872b7b1f0efb893e406804ba6d12258
sourceafis,validation,genuine,106,106_4,106_5,34,42,,,59,309.54,57725d6dc50f9eefad304e362be42e978127de34d7ebb089a8e1f3b2b4518139,1830636c7ccb428c0798c570545ade30a83494895cdfe9a3431968a87731f1e8
sourceafis,validation,genuine,106,106_4,106_6,34,27,,,47,313.51,57725d6dc50f9eefad304e362be42e978127de34d7ebb089a8e1f3b2b4518139,d786db559a4a525850b45f0e9ae1b57fdcbd1d0db652ad36417b7d9aaf509a51
sourceafis,validation,genuine,106,106_4,106_7,34,37,,,99,293.06,57725d6dc50f9eefad304e362be42e978127de34d7ebb089a8e1f3b2b4518139,12690c4f5bf4767d65bcac752fdab38c287c83e41bed5aff5831e627bf2919da
sourceafis,validation,genuine,106,106_4,106_8,34,32,,,51,262.13,57725d6dc50f9eefad304e362be42e978127de34d7ebb089a8e1f3b2b4518139,c2e1df414ece615e0fd13edc950d706cc872b7b1f0efb893e406804ba6d12258
sourceafis,validation,genuine,106,106_5,106_6,42,27,,,67,286.86,1830636c7ccb428c0798c570545ade30a83494895cdfe9a3431968a87731f1e8,d786db559a4a525850b45f0e9ae1b57fdcbd1d0db652ad36417b7d9aaf509a51
sourceafis,validation,genuine,106,106_5,106_7,42,37,,,54,288.08,1830636c7ccb428c0798c570545ade30a83494895cdfe9a3431968a87731f1e8,12690c4f5bf4767d65bcac752fdab38c287c83e41bed5aff5831e627bf2919da
sourceafis,validation,genuine,106,106_5,106_8,42,32,,,55,289.78,1830636c7ccb428c0798c570545ade30a83494895cdfe9a3431968a87731f1e8,c2e1df414ece615e0fd13edc950d706cc872b7b1f0efb893e406804ba6d12258
sourceafis,validation,genuine,106,106_6,106_7,27,37,,,81,276.86,d786db559a4a525850b45f0e9ae1b57fdcbd1d0db652ad36417b7d9aaf509a51,12690c4f5bf4767d65bcac752fdab38c287c83e41bed5aff5831e627bf2919da
sourceafis,validation,genuine,106,106_6,106_8,27,32,,,63,299.04,d786db559a4a525850b45f0e9ae1b57fdcbd1d0db652ad36417b7d9aaf509a51,c2e1df414ece615e0fd13edc950d706cc872b7b1f0efb893e406804ba6d12258
sourceafis,validation,genuine,106,106_7,106_8,37,32,,,83,351.67,12690c4f5bf4767d65bcac752fdab38c287c83e41bed5aff5831e627bf2919da,c2e1df414ece615e0fd13edc950d706cc872b7b1f0efb893e406804ba6d12258
sourceafis,validation,genuine,107,107_1,107_2,29,25,,,113,327.32,abce1aed66a852165dcfe6baf114025f04d419bac1c5ce613dfabfd4f9b12307,3846c23148ec1582419a7ea6570b7f50176454255d594d8b6f930d5538f5bb9a
sourceafis,validation,genuine,107,107_1,107_3,29,26,,,98,258.99,abce1aed66a852165dcfe6baf114025f04d419bac1c5ce613dfabfd4f9b12307,d4cfc9f779d4d69c8b4c3ccc372823a0b8f3754ea48ac0f8e53fac26909d54cd
sourceafis,validation,genuine,107,107_1,107_4,29,25,,,97,267.53,abce1aed66a852165dcfe6baf114025f04d419bac1c5ce613dfabfd4f9b12307,8929b90a7ee61136a5e73f8fddd9e52edc9ac2a1ad7792be237979a2cfbf0412
sourceafis,validation,genuine,107,107_1,107_5,29,25,,,81,249.64,abce1aed66a852165dcfe6baf114025f04d419bac1c5ce613dfabfd4f9b12307,62ce8e710648581226f47f374be8eca3be2dccddd70e4c9c84f98cd300c48a77
sourceafis,validation,genuine,107,107_1,107_6,29,25,,,55,256.6,abce1aed66a852165dcfe6baf114025f04d419bac1c5ce613dfabfd4f9b12307,b5984232cc873e143ab6ab206fb77532ef73fd58cde8d04bf073a5f3daf45cdc
sourceafis,validation,genuine,107,107_1,107_7,29,22,,,102,316.35,abce1aed66a852165dcfe6baf114025f04d419bac1c5ce613dfabfd4f9b12307,8fc46426c7a8ddb3b88c051d15c70425bce9c6c6fa2c079401ea8ef90ea03634
sourceafis,validation,genuine,107,107_1,107_8,29,18,,,64,284.23,abce1aed66a852165dcfe6baf114025f04d419bac1c5ce613dfabfd4f9b12307,98d34e6219eeef1dbe39273f3a3b337e6bc83b369c6fc57a898367ce89fcc651
sourceafis,validation,genuine,107,107_2,107_3,25,26,,,122,268.41,3846c23148ec1582419a7ea6570b7f50176454255d594d8b6f930d5538f5bb9a,d4cfc9f779d4d69c8b4c3ccc372823a0b8f3754ea48ac0f8e53fac26909d54cd
sourceafis,validation,genuine,107,107_2,107_4,25,25,,,106,251.16,3846c23148ec1582419a7ea6570b7f50176454255d594d8b6f930d5538f5bb9a,8929b90a7ee61136a5e73f8fddd9e52edc9ac2a1ad7792be237979a2cfbf0412
sourceafis,validation,genuine,107,107_2,107_5,25,25,,,96,291.66,3846c23148ec1582419a7ea6570b7f50176454255d594d8b6f930d5538f5bb9a,62ce8e710648581226f47f374be8eca3be2dccddd70e4c9c84f98cd300c48a77
sourceafis,validation,genuine,107,107_2,107_6,25,25,,,28,488.8,3846c23148ec1582419a7ea6570b7f50176454255d594d8b6f930d5538f5bb9a,b5984232cc873e143ab6ab206fb77532ef73fd58cde8d04bf073a5f3daf45cdc
sourceafis,validation,genuine,107,107_2,107_7,25,22,,,71,250.95,3846c23148ec1582419a7ea6570b7f50176454255d594d8b6f930d5538f5bb9a,8fc46426c7a8ddb3b88c051d15c70425bce9c6c6fa2c079401ea8ef90ea03634
sourceafis,validation,genuine,107,107_2,107_8,25,18,,,66,299.76,3846c23148ec1582419a7ea6570b7f50176454255d594d8b6f930d5538f5bb9a,98d34e6219eeef1dbe39273f3a3b337e6bc83b369c6fc57a898367ce89fcc651
sourceafis,validation,genuine,107,107_3,107_4,26,25,,,114,275.42,d4cfc9f779d4d69c8b4c3ccc372823a0b8f3754ea48ac0f8e53fac26909d54cd,8929b90a7ee61136a5e73f8fddd9e52edc9ac2a1ad7792be237979a2cfbf0412
sourceafis,validation,genuine,107,107_3,107_5,26,25,,,85,276.92,d4cfc9f779d4d69c8b4c3ccc372823a0b8f3754ea48ac0f8e53fac26909d54cd,62ce8e710648581226f47f374be8eca3be2dccddd70e4c9c84f98cd300c48a77
sourceafis,validation,genuine,107,107_3,107_6,26,25,,,18,310.52,d4cfc9f779d4d69c8b4c3ccc372823a0b8f3754ea48ac0f8e53fac26909d54cd,b5984232cc873e143ab6ab206fb77532ef73fd58cde8d04bf073a5f3daf45cdc
sourceafis,validation,genuine,107,107_3,107_7,26,22,,,61,279.03,d4cfc9f779d4d69c8b4c3ccc372823a0b8f3754ea48ac0f8e53fac26909d54cd,8fc46426c7a8ddb3b88c051d15c70425bce9c6c6fa2c079401ea8ef90ea03634
sourceafis,validation,genuine,107,107_3,107_8,26,18,,,48,356.21,d4cfc9f779d4d69c8b4c3ccc372823a0b8f3754ea48ac0f8e53fac26909d54cd,98d34e6219eeef1dbe39273f3a3b337e6bc83b369c6fc57a898367ce89fcc651
sourceafis,validation,genuine,107,107_4,107_5,25,25,,,78,289.82,8929b90a7ee61136a5e73f8fddd9e52edc9ac2a1ad7792be237979a2cfbf0412,62ce8e710648581226f47f374be8eca3be2dccddd70e4c9c84f98cd300c48a77
sourceafis,validation,genuine,107,107_4,107_6,25,25,,,17,316.98,8929b90a7ee61136a5e73f8fddd9e52edc9ac2a1ad7792be237979a2cfbf0412,b5984232cc873e143ab6ab206fb77532ef73fd58cde8d04bf073a5f3daf45cdc
sourceafis,validation,genuine,107,107_4,107_7,25,22,,,69,288.81,8929b90a7ee61136a5e73f8fddd9e52edc9ac2a1ad7792be237979a2cfbf0412,8fc46426c7a8ddb3b88c051d15c70425bce9c6c6fa2c079401ea8ef90ea03634
sourceafis,validation,genuine,107,107_4,107_8,25,18,,,58,279.69,8929b90a7ee61136a5e73f8fddd9e52edc9ac2a1ad7792be237979a2cfbf0412,98d34e6219eeef1dbe39273f3a3b337e6bc83b369c6fc57a898367ce89fcc651
sourceafis,validation,genuine,107,107_5,107_6,25,25,,,24,261.96,62ce8e710648581226f47f374be8eca3be2dccddd70e4c9c84f98cd300c48a77,b5984232cc873e143ab6ab206fb77532ef73fd58cde8d04bf073a5f3daf45cdc
sourceafis,validation,genuine,107,107_5,107_7,25,22,,,75,285.05,62ce8e710648581226f47f374be8eca3be2dccddd70e4c9c84f98cd300c48a77,8fc46426c7a8ddb3b88c051d15c70425bce9c6c6fa2c079401ea8ef90ea03634
sourceafis,validation,genuine,107,107_5,107_8,25,18,,,48,271.8,62ce8e710648581226f47f374be8eca3be2dccddd70e4c9c84f98cd300c48a77,98d34e6219eeef1dbe39273f3a3b337e6bc83b369c6fc57a898367ce89fcc651
sourceafis,validation,genuine,107,107_6,107_7,25,22,,,26,267.94,b5984232cc873e143ab6ab206fb77532ef73fd58cde8d04bf073a5f3daf45cdc,8fc46426c7a8ddb3b88c051d15c70425bce9c6c6fa2c079401ea8ef90ea03634
sourceafis,validation,genuine,107,107_6,107_8,25,18,,,27,271.17,b5984232cc873e143ab6ab206fb77532ef73fd58cde8d04bf073a5f3daf45cdc,98d34e6219eeef1dbe39273f3a3b337e6bc83b369c6fc57a898367ce89fcc651
sourceafis,validation,genuine,107,107_7,107_8,22,18,,,24,323.92,8fc46426c7a8ddb3b88c051d15c70425bce9c6c6fa2c079401ea8ef90ea03634,98d34e6219eeef1dbe39273f3a3b337e6bc83b369c6fc57a898367ce89fcc651
sourceafis,validation,genuine,108,108_1,108_2,33,31,,,84,253.41,1d9c30ee93b1d901c47b19f23cfe10088bbbdcb8e4a0a0249e605e4479152f98,42d58b06338c666e0d11b0897517260cb2905f497ef634b5463fe1d771055ac8
sourceafis,validation,genuine,108,108_1,108_3,33,33,,,71,266.53,1d9c30ee93b1d901c47b19f23cfe10088bbbdcb8e4a0a0249e605e4479152f98,938ced3b7d265e1daaf1b05a01557b957c9ae8c55af3d4d9d7f48b7e94f9351b
sourceafis,validation,genuine,108,108_1,108_4,33,33,,,64,311.28,1d9c30ee93b1d901c47b19f23cfe10088bbbdcb8e4a0a0249e605e4479152f98,78bad014c8403ea7a32a877a9b687912155c85d4497695d5487bca6ac3c2f5a3
sourceafis,validation,genuine,108,108_1,108_5,33,40,,,57,275.57,1d9c30ee93b1d901c47b19f23cfe10088bbbdcb8e4a0a0249e605e4479152f98,ece2849c6d5fc5d82fef475fe53da13dc3a0aa92b9ea2032490774dae5fcb869
sourceafis,validation,genuine,108,108_1,108_6,33,45,,,83,276.98,1d9c30ee93b1d901c47b19f23cfe10088bbbdcb8e4a0a0249e605e4479152f98,e00dbe4e95c42ca670add1685e53864c097be23f5e9f7d8a9db973abc97b944d
sourceafis,validation,genuine,108,108_1,108_7,33,38,,,78,275.84,1d9c30ee93b1d901c47b19f23cfe10088bbbdcb8e4a0a0249e605e4479152f98,7a8a6d833e2b760755b435e0742be704103d570a1bb10760ba1e4572dc961bcd
sourceafis,validation,genuine,108,108_1,108_8,33,38,,,57,289.25,1d9c30ee93b1d901c47b19f23cfe10088bbbdcb8e4a0a0249e605e4479152f98,7820b5a5796fa637dea1eef57c5d2b8ac3c0ea55c508452e7796a7e6159f4644
sourceafis,validation,genuine,108,108_2,108_3,31,33,,,114,367.9,42d58b06338c666e0d11b0897517260cb2905f497ef634b5463fe1d771055ac8,938ced3b7d265e1daaf1b05a01557b957c9ae8c55af3d4d9d7f48b7e94f9351b
sourceafis,validation,genuine,108,108_2,108_4,31,33,,,106,283.75,42d58b06338c666e0d11b0897517260cb2905f497ef634b5463fe1d771055ac8,78bad014c8403ea7a32a877a9b687912155c85d4497695d5487bca6ac3c2f5a3
sourceafis,validation,genuine,108,108_2,108_5,31,40,,,105,305.26,42d58b06338c666e0d11b0897517260cb2905f497ef634b5463fe1d771055ac8,ece2849c6d5fc5d82fef475fe53da13dc3a0aa92b9ea2032490774dae5fcb869
sourceafis,validation,genuine,108,108_2,108_6,31,45,,,100,289.24,42d58b06338c666e0d11b0897517260cb2905f497ef634b5463fe1d771055ac8,e00dbe4e95c42ca670add1685e53864c097be23f5e9f7d8a9db973abc97b944d
sourceafis,validation,genuine,108,108_2,108_7,31,38,,,139,305.12,42d58b06338c666e0d11b0897517260cb2905f497ef634b5463fe1d771055ac8,7a8a6d833e2b760755b435e0742be704103d570a1bb10760ba1e4572dc961bcd
sourceafis,validation,genuine,108,108_2,108_8,31,38,,,106,293.44,42d58b06338c666e0d11b0897517260cb2905f497ef634b5463fe1d771055ac8,7820b5a5796fa637dea1eef57c5d2b8ac3c0ea55c508452e7796a7e6159f4644
sourceafis,validation,genuine,108,108_3,108_4,33,33,,,164,271.51,938ced3b7d265e1daaf1b05a01557b957c9ae8c55af3d4d9d7f48b7e94f9351b,78bad014c8403ea7a32a877a9b687912155c85d4497695d5487bca6ac3c2f5a3
sourceafis,validation,genuine,108,108_3,108_5,33,40,,,177,284.92,938ced3b7d265e1daaf1b05a01557b957c9ae8c55af3d4d9d7f48b7e94f9351b,ece2849c6d5fc5d82fef475fe53da13dc3a0aa92b9ea2032490774dae5fcb869
sourceafis,validation,genuine,108,108_3,108_6,33,45,,,129,296.95,938ced3b7d265e1daaf1b05a01557b957c9ae8c55af3d4d9d7f48b7e94f9351b,e00dbe4e95c42ca670add1685e53864c097be23f5e9f7d8a9db973abc97b944d
sourceafis,validation,genuine,108,108_3,108_7,33,38,,,136,296.06,938ced3b7d265e1daaf1b05a01557b957c9ae8c55af3d4d9d7f48b7e94f9351b,7a8a6d833e2b760755b435e0742be704103d570a1bb10760ba1e4572dc961bcd
sourceafis,validation,genuine,108,108_3,108_8,33,38,,,167,282.58,938ced3b7d265e1daaf1b05a01557b957c9ae8c55af3d4d9d7f48b7e94f9351b,7820b5a5796fa637dea1eef57c5d2b8ac3c0ea55c508452e7796a7e6159f4644
sourceafis,validation,genuine,108,108_4,108_5,33,40,,,200,262.39,78bad014c8403ea7a32a877a9b687912155c85d4497695d5487bca6ac3c2f5a3,ece2849c6d5fc5d82fef475fe53da13dc3a0aa92b9ea2032490774dae5fcb869
sourceafis,validation,genuine,108,108_4,108_6,33,45,,,85,258.2,78bad014c8403ea7a32a877a9b687912155c85d4497695d5487bca6ac3c2f5a3,e00dbe4e95c42ca670add1685e53864c097be23f5e9f7d8a9db973abc97b944d
sourceafis,validation,genuine,108,108_4,108_7,33,38,,,84,281.72,78bad014c8403ea7a32a877a9b687912155c85d4497695d5487bca6ac3c2f5a3,7a8a6d833e2b760755b435e0742be704103d570a1bb10760ba1e4572dc961bcd
sourceafis,validation,genuine,108,108_4,108_8,33,38,,,139,264.31,78bad014c8403ea7a32a877a9b687912155c85d4497695d5487bca6ac3c2f5a3,7820b5a5796fa637dea1eef57c5d2b8ac3c0ea55c508452e7796a7e6159f4644
sourceafis,validation,genuine,108,108_5,108_6,40,45,,,97,284.92,ece2849c6d5fc5d82fef475fe53da13dc3a0aa92b9ea2032490774dae5fcb869,e00dbe4e95c42ca670add1685e53864c097be23f5e9f7d8a9db973abc97b944d
sourceafis,validation,genuine,108,108_5,108_7,40,38,,,124,270.95,ece2849c6d5fc5d82fef475fe53da13dc3a0aa92b9ea2032490774dae5fcb869,7a8a6d833e2b760755b435e0742be704103d570a1bb10760ba1e4572dc961bcd
sourceafis,validation,genuine,108,108_5,108_8,40,38,,,178,294.62,ece2849c6d5fc5d82fef475fe53da13dc3a0aa92b9ea2032490774dae5fcb869,7820b5a5796fa637dea1eef57c5d2b8ac3c0ea55c508452e7796a7e6159f4644
sourceafis,validation,genuine,108,108_6,108_7,45,38,,,178,343.08,e00dbe4e95c42ca670add1685e53864c097be23f5e9f7d8a9db973abc97b944d,7a8a6d833e2b760755b435e0742be704103d570a1bb10760ba1e4572dc961bcd
sourceafis,validation,genuine,108,108_6,108_8,45,38,,,114,272.96,e00dbe4e95c42ca670add1685e53864c097be23f5e9f7d8a9db973abc97b944d,7820b5a5796fa637dea1eef57c5d2b8ac3c0ea55c508452e7796a7e6159f4644
sourceafis,validation,genuine,108,108_7,108_8,38,38,,,144,300.79,7a8a6d833e2b760755b435e0742be704103d570a1bb10760ba1e4572dc961bcd,7820b5a5796fa637dea1eef57c5d2b8ac3c0ea55c508452e7796a7e6159f4644
sourceafis,validation,genuine,109,109_1,109_2,40,18,,,43,277.71,84dd7cd1f29345a1aa719d93db15cb57a88c47daa022e41bc34cf4cc0fb99efa,16bf1025db90f678f4bb8655f9238bfe0ce6b954574f813ca2c330bfccb97020
sourceafis,validation,genuine,109,109_1,109_3,40,29,,,86,287.4,84dd7cd1f29345a1aa719d93db15cb57a88c47daa022e41bc34cf4cc0fb99efa,21ac91a18c52fdb5a56ee79ef088a36cdaa81f5c2340731950f6a273524fcd1d
sourceafis,validation,genuine,109,109_1,109_4,40,25,,,117,278.43,84dd7cd1f29345a1aa719d93db15cb57a88c47daa022e41bc34cf4cc0fb99efa,d281cb724c31395bad82b285174f878e2ec2039c14b340d70b34f100f0a7f521
sourceafis,validation,genuine,109,109_1,109_5,40,32,,,100,268.12,84dd7cd1f29345a1aa719d93db15cb57a88c47daa022e41bc34cf4cc0fb99efa,1190adeb9c61dcb07022589cc4afef325266cbccebce38dd2a23dc0b482bb081
sourceafis,validation,genuine,109,109_1,109_6,40,26,,,24,252.32,84dd7cd1f29345a1aa719d93db15cb57a88c47daa022e41bc34cf4cc0fb99efa,fd2fa9adc0851cc5531fd138f2c89142bc0a39eb591923a575392f9c4a414d24
sourceafis,validation,genuine,109,109_1,109_7,40,28,,,89,259.73,84dd7cd1f29345a1aa719d93db15cb57a88c47daa022e41bc34cf4cc0fb99efa,05831fd331ba585db2f8c0d34a913d64c236ec1b8fa298b11f2024982df9579a
sourceafis,validation,genuine,109,109_1,109_8,40,29,,,84,280.56,84dd7cd1f29345a1aa719d93db15cb57a88c47daa022e41bc34cf4cc0fb99efa,1a4df7fe5be180cc33c2e6fae324846ab1a3701cc1ca5b74a6c4b9b1afccb848
sourceafis,validation,genuine,109,109_2,109_3,18,29,,,52,276.56,16bf1025db90f678f4bb8655f9238bfe0ce6b954574f813ca2c330bfccb97020,21ac91a18c52fdb5a56ee79ef088a36cdaa81f5c2340731950f6a273524fcd1d
sourceafis,validation,genuine,109,109_2,109_4,18,25,,,42,263.72,16bf1025db90f678f4bb8655f9238bfe0ce6b954574f813ca2c330bfccb97020,d281cb724c31395bad82b285174f878e2ec2039c14b340d70b34f100f0a7f521
sourceafis,validation,genuine,109,109_2,109_5,18,32,,,47,269.16,16bf1025db90f678f4bb8655f9238bfe0ce6b954574f813ca2c330bfccb97020,1190adeb9c61dcb07022589cc4afef325266cbccebce38dd2a23dc0b482bb081
sourceafis,validation,genuine,109,109_2,109_6,18,26,,,51,315.32,16bf1025db90f678f4bb8655f9238bfe0ce6b954574f813ca2c330bfccb97020,fd2fa9adc0851cc5531fd138f2c89142bc0a39eb591923a575392f9c4a414d24
sourceafis,validation,genuine,109,109_2,109_7,18,28,,,59,257.82,16bf1025db90f678f4bb8655f9238bfe0ce6b954574f813ca2c330bfccb97020,05831fd331ba585db2f8c0d34a913d64c236ec1b8fa298b11f2024982df9579a
sourceafis,validation,genuine,109,109_2,109_8,18,29,,,21,292.99,16bf1025db90f678f4bb8655f9238bfe0ce6b954574f813ca2c330bfccb97020,1a4df7fe5be180cc33c2e6fae324846ab1a3701cc1ca5b74a6c4b9b1afccb848
sourceafis,validation,genuine,109,109_3,109_4,29,25,,,73,265.29,21ac91a18c52fdb5a56ee79ef088a36cdaa81f5c2340731950f6a273524fcd1d,d281cb724c31395bad82b285174f878e2ec2039c14b340d70b34f100f0a7f521
sourceafis,validation,genuine,109,109_3,109_5,29,32,,,57,297.6,21ac91a18c52fdb5a56ee79ef088a36cdaa81f5c2340731950f6a273524fcd1d,1190adeb9c61dcb07022589cc4afef325266cbccebce38dd2a23dc0b482bb081
sourceafis,validation,genuine,109,109_3,109_6,29,26,,,56,339.75,21ac91a18c52fdb5a56ee79ef088a36cdaa81f5c2340731950f6a273524fcd1d,fd2fa9adc0851cc5531fd138f2c89142bc0a39eb591923a575392f9c4a414d24
sourceafis,validation,genuine,109,109_3,109_7,29,28,,,85,281.86,21ac91a18c52fdb5a56ee79ef088a36cdaa81f5c2340731950f6a273524fcd1d,05831fd331ba585db2f8c0d34a913d64c236ec1b8fa298b11f2024982df9579a
sourceafis,validation,genuine,109,109_3,109_8,29,29,,,55,290.51,21ac91a18c52fdb5a56ee79ef088a36cdaa81f5c2340731950f6a273524fcd1d,1a4df7fe5be180cc33c2e6fae324846ab1a3701cc1ca5b74a6c4b9b1afccb848
sourceafis,validation,genuine,109,109_4,109_5,25,32,,,73,267.95,d281cb724c31395bad82b285174f878e2ec2039c14b340d70b34f100f0a7f521,1190adeb9c61dcb07022589cc4afef325266cbccebce38dd2a23dc0b482bb081
sourceafis,validation,genuine,109,109_4,109_6,25,26,,,35,296.8,d281cb724c31395bad82b285174f878e2ec2039c14b340d70b34f100f0a7f521,fd2fa9adc0851cc5531fd138f2c89142bc0a39eb591923a575392f9c4a414d24
sourceafis,validation,genuine,109,109_4,109_7,25,28,,,60,289.41,d281cb724c31395bad82b285174f878e2ec2039c14b340d70b34f100f0a7f521,05831fd331ba585db2f8c0d34a913d64c236ec1b8fa298b11f2024982df9579a
sourceafis,validation,genuine,109,109_4,109_8,25,29,,,37,306.82,d281cb724c31395bad82b285174f878e2ec2039c14b340d70b34f100f0a7f521,1a4df7fe5be180cc33c2e6fae324846ab1a3701cc1ca5b74a6c4b9b1afccb848
sourceafis,validation,genuine,109,109_5,109_6,32,26,,,33,265.45,1190adeb9c61dcb07022589cc4afef325266cbccebce38dd2a23dc0b482bb081,fd2fa9adc0851cc5531fd138f2c89142bc0a39eb591923a575392f9c4a414d24
sourceafis,validation,genuine,109,109_5,109_7,32,28,,,55,311.68,1190adeb9c61dcb07022589cc4afef325266cbccebce38dd2a23dc0b482bb081,05831fd331ba585db2f8c0d34a913d64c236ec1b8fa298b11f2024982df9579a
sourceafis,validation,genuine,109,109_5,109_8,32,29,,,40,321.86,1190adeb9c61dcb07022589cc4afef325266cbccebce38dd2a23dc0b482bb081,1a4df7fe5be180cc33c2e6fae324846ab1a3701cc1ca5b74a6c4b9b1afccb848
sourceafis,validation,genuine,109,109_6,109_7,26,28,,,57,314.47,fd2fa9adc0851cc5531fd138f2c89142bc0a39eb591923a575392f9c4a414d24,05831fd331ba585db2f8c0d34a913d64c236ec1b8fa298b11f2024982df9579a
sourceafis,validation,genuine,109,109_6,109_8,26,29,,,16,253.09,fd2fa9adc0851cc5531fd138f2c89142bc0a39eb591923a575392f9c4a414d24,1a4df7fe5be180cc33c2e6fae324846ab1a3701cc1ca5b74a6c4b9b1afccb848
sourceafis,validation,genuine,109,109_7,109_8,28,29,,,45,282.38,05831fd331ba585db2f8c0d34a913d64c236ec1b8fa298b11f2024982df9579a,1a4df7fe5be180cc33c2e6fae324846ab1a3701cc1ca5b74a6c4b9b1afccb848
sourceafis,validation,genuine,110,110_1,110_2,29,20,,,38,284.18,68bca56d6d35f6f0a8c1489564ea97d5738362e266f5670a69d14b23934a2dbb,85e99879ffa224c246208c6cbaa7bb0595f6981410adb3cd3d700d3f90520898
sourceafis,validation,genuine,110,110_1,110_3,29,30,,,90,274.94,68bca56d6d35f6f0a8c1489564ea97d5738362e266f5670a69d14b23934a2dbb,d4d7fcc322a0b5e82547fe1cd89a81fc2e91b2da2e52b2a6a18995fef2278836
sourceafis,validation,genuine,110,110_1,110_4,29,30,,,42,259.88,68bca56d6d35f6f0a8c1489564ea97d5738362e266f5670a69d14b23934a2dbb,1e8ba61136079b60004bad15a24b314cf6764ad910c03952da26fd159abde07c
sourceafis,validation,genuine,110,110_1,110_5,29,30,,,28,310.27,68bca56d6d35f6f0a8c1489564ea97d5738362e266f5670a69d14b23934a2dbb,8a69365ececf38f1653f998ac4fa006e0c3596a0fb07227a52bba66d7ff51b12
sourceafis,validation,genuine,110,110_1,110_6,29,32,,,133,385.26,68bca56d6d35f6f0a8c1489564ea97d5738362e266f5670a69d14b23934a2dbb,0afe05f6864c0f5331e3b0b9f94f63a4a3dc103ac82f54e3f222f08bf97dadf0
sourceafis,validation,genuine,110,110_1,110_7,29,29,,,51,367.59,68bca56d6d35f6f0a8c1489564ea97d5738362e266f5670a69d14b23934a2dbb,362e15c94facd04df3ec657e41bc9ee893addbf656e7930d0db67d3b96fada0c
sourceafis,validation,genuine,110,110_1,110_8,29,33,,,78,269.14,68bca56d6d35f6f0a8c1489564ea97d5738362e266f5670a69d14b23934a2dbb,a421c60d8d578675d887632396435e4af70b2bc95b83fb8d970a06ef9b15eca1
sourceafis,validation,genuine,110,110_2,110_3,20,30,,,36,284.02,85e99879ffa224c246208c6cbaa7bb0595f6981410adb3cd3d700d3f90520898,d4d7fcc322a0b5e82547fe1cd89a81fc2e91b2da2e52b2a6a18995fef2278836
sourceafis,validation,genuine,110,110_2,110_4,20,30,,,13,269.74,85e99879ffa224c246208c6cbaa7bb0595f6981410adb3cd3d700d3f90520898,1e8ba61136079b60004bad15a24b314cf6764ad910c03952da26fd159abde07c
sourceafis,validation,genuine,110,110_2,110_5,20,30,,,4,272.99,85e99879ffa224c246208c6cbaa7bb0595f6981410adb3cd3d700d3f90520898,8a69365ececf38f1653f998ac4fa006e0c3596a0fb07227a52bba66d7ff51b12
sourceafis,validation,genuine,110,110_2,110_6,20,32,,,42,299.41,85e99879ffa224c246208c6cbaa7bb0595f6981410adb3cd3d700d3f90520898,0afe05f6864c0f5331e3b0b9f94f63a4a3dc103ac82f54e3f222f08bf97dadf0
sourceafis,validation,genuine,110,110_2,110_7,20,29,,,14,276.39,85e99879ffa224c246208c6cbaa7bb0595f6981410adb3cd3d700d3f90520898,362e15c94facd04df3ec657e41bc9ee893addbf656e7930d0db67d3b96fada0c
sourceafis,validation,genuine,110,110_2,110_8,20,33,,,14,292.56,85e99879ffa224c246208c6cbaa7bb0595f6981410adb3cd3d700d3f90520898,a421c60d8d578675d887632396435e4af70b2bc95b83fb8d970a06ef9b15eca1
sourceafis,validation,genuine,110,110_3,110_4,30,30,,,69,282.83,d4d7fcc322a0b5e82547fe1cd89a81fc2e91b2da2e52b2a6a18995fef2278836,1e8ba61136079b60004bad15a24b314cf6764ad910c03952da26fd159abde07c
sourceafis,validation,genuine,110,110_3,110_5,30,30,,,29,303.91,d4d7fcc322a0b5e82547fe1cd89a81fc2e91b2da2e52b2a6a18995fef2278836,8a69365ececf38f1653f998ac4fa006e0c3596a0fb07227a52bba66d7ff51b12
sourceafis,validation,genuine,110,110_3,110_6,30,32,,,136,259.09,d4d7fcc322a0b5e82547fe1cd89a81fc2e91b2da2e52b2a6a18995fef2278836,0afe05f6864c0f5331e3b0b9f94f63a4a3dc103ac82f54e3f222f08bf97dadf0
sourceafis,validation,genuine,110,110_3,110_7,30,29,,,62,296.34,d4d7fcc322a0b5e82547fe1cd89a81fc2e91b2da2e52b2a6a18995fef2278836,362e15c94facd04df3ec657e41bc9ee893addbf656e7930d0db67d3b96fada0c
sourceafis,validation,genuine,110,110_3,110_8,30,33,,,66,318.07,d4d7fcc322a0b5e82547fe1cd89a81fc2e91b2da2e52b2a6a18995fef2278836,a421c60d8d578675d887632396435e4af70b2bc95b83fb8d970a06ef9b15eca1
sourceafis,validation,genuine,110,110_4,110_5,30,30,,,103,279.62,1e8ba61136079b60004bad15a24b314cf6764ad910c03952da26fd159abde07c,8a69365ececf38f1653f998ac4fa006e0c3596a0fb07227a52bba66d7ff51b12
sourceafis,validation,genuine,110,110_4,110_6,30,32,,,64,307.71,1e8ba61136079b60004bad15a24b314cf6764ad910c03952da26fd159abde07c,0afe05f6864c0f5331e3b0b9f94f63a4a3dc103ac82f54e3f222f08bf97dadf0
sourceafis,validation,genuine,110,110_4,110_7,30,29,,,50,303.22,1e8ba61136079b60004bad15a24b314cf6764ad910c03952da26fd159abde07c,362e15c94facd04df3ec657e41bc9ee893addbf656e7930d0db67d3b96fada0c
sourceafis,validation,genuine,110,110_4,110_8,30,33,,,56,288.5,1e8ba61136079b60004bad15a24b314cf6764ad910c03952da26fd159abde07c,a421c60d8d578675d887632396435e4af70b2bc95b83fb8d970a06ef9b15eca1
sourceafis,validation,genuine,110,110_5,110_6,30,32,,,49,347.05,8a69365ececf38f1653f998ac4fa006e0c3596a0fb07227a52bba66d7ff51b12,0afe05f6864c0f5331e3b0b9f94f63a4a3dc103ac82f54e3f222f08bf97dadf0
sourceafis,validation,genuine,110,110_5,110_7,30,29,,,55,279.6,8a69365ececf38f1653f998ac4fa006e0c3596a0fb07227a52bba66d7ff51b12,362e15c94facd04df3ec657e41bc9ee893addbf656e7930d0db67d3b96fada0c
sourceafis,validation,genuine,110,110_5,110_8,30,33,,,40,271.18,8a69365ececf38f1653f998ac4fa006e0c3596a0fb07227a52bba66d7ff51b12,a421c60d8d578675d887632396435e4af70b2bc95b83fb8d970a06ef9b15eca1
sourceafis,validation,genuine,110,110_6,110_7,32,29,,,98,250.39,0afe05f6864c0f5331e3b0b9f94f63a4a3dc103ac82f54e3f222f08bf97dadf0,362e15c94facd04df3ec657e41bc9ee893addbf656e7930d0db67d3b96fada0c
sourceafis,validation,genuine,110,110_6,110_8,32,33,,,110,269.13,0afe05f6864c0f5331e3b0b9f94f63a4a3dc103ac82f54e3f222f08bf97dadf0,a421c60d8d578675d887632396435e4af70b2bc95b83fb8d970a06ef9b15eca1
sourceafis,validation,genuine,110,110_7,110_8,29,33,,,143,280.11,362e15c94facd04df3ec657e41bc9ee893addbf656e7930d0db67d3b96fada0c,a421c60d8d578675d887632396435e4af70b2bc95b83fb8d970a06ef9b15eca1
sourceafis,train,impostor,101,101_1,102_2,29,59,,,6,284.54,5e6ab7051504d7261bc8c93d92c096a9dff916b92bd2fdecf8a26871a79a4376,dee5bc5c95217b5c1577b66043057fcecc5035ff257ee22f961e3355c6225ece
sourceafis,train,impostor,101,101_1,102_3,29,46,,,7,262.07,5e6ab7051504d7261bc8c93d92c096a9dff916b92bd2fdecf8a26871a79a4376,6d0f026f47a34eb537db49623f3f849e7cd386b2549594afedabb3f23b521c59
sourceafis,train,impostor,101,101_1,102_4,29,53,,,9,288.99,5e6ab7051504d7261bc8c93d92c096a9dff916b92bd2fdecf8a26871a79a4376,abc37af4fe0eebb1efb9463ba6aafd8b6a70cc38ccb07a0fc72a2af5f6499ef4
sourceafis,train,impostor,101,101_1,102_5,29,55,,,7,261.79,5e6ab7051504d7261bc8c93d92c096a9dff916b92bd2fdecf8a26871a79a4376,912a1dcdffc1738ec3ee239991793b37490ad53f406fe49844dd44e5055981cd
sourceafis,train,impostor,101,101_1,102_6,29,47,,,9,292.23,5e6ab7051504d7261bc8c93d92c096a9dff916b92bd2fdecf8a26871a79a4376,0689a46cd0c5e0d6d2c6838d3958ef5d4c059b36cff4eef3930649b832b34b98
sourceafis,train,impostor,101,101_1,102_7,29,58,,,6,284.68,5e6ab7051504d7261bc8c93d92c096a9dff916b92bd2fdecf8a26871a79a4376,8007c9e8e5fdc7e3dd1e8ecfaad4f23c498ddacd12a296be6b23fa12ba0ece56
sourceafis,train,impostor,101,101_1,102_8,29,54,,,7,248.98,5e6ab7051504d7261bc8c93d92c096a9dff916b92bd2fdecf8a26871a79a4376,d7fe4448f54ba2f822da02da19896daac06d42f8f5fb4720bf46b6e3085e341a
sourceafis,train,impostor,101,101_2,102_3,42,46,,,17,256.95,4aabb4d65a28b56e0972aade044b70ececeef26d6760c0c27f12b40f0012556f,6d0f026f47a34eb537db49623f3f849e7cd386b2549594afedabb3f23b521c59
sourceafis,train,impostor,101,101_2,102_4,42,53,,,9,286.31,4aabb4d65a28b56e0972aade044b70ececeef26d6760c0c27f12b40f0012556f,abc37af4fe0eebb1efb9463ba6aafd8b6a70cc38ccb07a0fc72a2af5f6499ef4
sourceafis,train,impostor,101,101_2,102_5,42,55,,,8,266.34,4aabb4d65a28b56e0972aade044b70ececeef26d6760c0c27f12b40f0012556f,912a1dcdffc1738ec3ee239991793b37490ad53f406fe49844dd44e5055981cd
sourceafis,train,impostor,101,101_2,102_6,42,47,,,12,242.35,4aabb4d65a28b56e0972aade044b70ececeef26d6760c0c27f12b40f0012556f,0689a46cd0c5e0d6d2c6838d3958ef5d4c059b36cff4eef3930649b832b34b98
sourceafis,train,impostor,101,101_2,102_7,42,58,,,8,286.95,4aabb4d65a28b56e0972aade044b70ececeef26d6760c0c27f12b40f0012556f,8007c9e8e5fdc7e3dd1e8ecfaad4f23c498ddacd12a296be6b23fa12ba0ece56
sourceafis,train,impostor,101,101_2,102_8,42,54,,,7,289.59,4aabb4d65a28b56e0972aade044b70ececeef26d6760c0c27f12b40f0012556f,d7fe4448f54ba2f822da02da19896daac06d42f8f5fb4720bf46b6e3085e341a
sourceafis,train,impostor,101,101_3,102_4,24,53,,,7,367.66,4c22f3a04a590ae26532f23d3485ec3f52739731e7dfec071fbf352cc43c4810,abc37af4fe0eebb1efb9463ba6aafd8b6a70cc38ccb07a0fc72a2af5f6499ef4
sourceafis,train,impostor,101,101_3,102_5,24,55,,,6,270.85,4c22f3a04a590ae26532f23d3485ec3f52739731e7dfec071fbf352cc43c4810,912a1dcdffc1738ec3ee239991793b37490ad53f406fe49844dd44e5055981cd
sourceafis,train,impostor,101,101_3,102_6,24,47,,,7,254.69,4c22f3a04a590ae26532f23d3485ec3f52739731e7dfec071fbf352cc43c4810,0689a46cd0c5e0d6d2c6838d3958ef5d4c059b36cff4eef3930649b832b34b98
sourceafis,train,impostor,101,101_3,102_7,24,58,,,4,275.51,4c22f3a04a590ae26532f23d3485ec3f52739731e7dfec071fbf352cc43c4810,8007c9e8e5fdc7e3dd1e8ecfaad4f23c498ddacd12a296be6b23fa12ba0ece56
sourceafis,train,impostor,101,101_3,102_8,24,54,,,6,268.85,4c22f3a04a590ae26532f23d3485ec3f52739731e7dfec071fbf352cc43c4810,d7fe4448f54ba2f822da02da19896daac06d42f8f5fb4720bf46b6e3085e341a
sourceafis,train,impostor,101,101_4,102_5,71,55,,,11,285.92,122dbb9a32571a35e6d55e2a6ccc882b61337b3a9b755c63c28f3324aca77151,912a1dcdffc1738ec3ee239991793b37490ad53f406fe49844dd44e5055981cd
sourceafis,train,impostor,101,101_4,102_6,71,47,,,16,271.83,122dbb9a32571a35e6d55e2a6ccc882b61337b3a9b755c63c28f3324aca77151,0689a46cd0c5e0d6d2c6838d3958ef5d4c059b36cff4eef3930649b832b34b98
sourceafis,train,impostor,101,101_4,102_7,71,58,,,14,350.27,122dbb9a32571a35e6d55e2a6ccc882b61337b3a9b755c63c28f3324aca77151,8007c9e8e5fdc7e3dd1e8ecfaad4f23c498ddacd12a296be6b23fa12ba0ece56
sourceafis,train,impostor,101,101_4,102_8,71,54,,,13,307.86,122dbb9a32571a35e6d55e2a6ccc882b61337b3a9b755c63c28f3324aca77151,d7fe4448f54ba2f822da02da19896daac06d42f8f5fb4720bf46b6e3085e341a
sourceafis,train,impostor,101,101_5,102_6,47,47,,,10,345.49,97af114bc7552cf3774a25d6b1889c503d0954a5933cf5c100431a3d4d0321d3,0689a46cd0c5e0d6d2c6838d3958ef5d4c059b36cff4eef3930649b832b34b98
sourceafis,train,impostor,101,101_5,102_7,47,58,,,6,305.98,97af114bc7552cf3774a25d6b1889c503d0954a5933cf5c100431a3d4d0321d3,8007c9e8e5fdc7e3dd1e8ecfaad4f23c498ddacd12a296be6b23fa12ba0ece56
sourceafis,train,impostor,101,101_5,102_8,47,54,,,6,290.45,97af114bc7552cf3774a25d6b1889c503d0954a5933cf5c100431a3d4d0321d3,d7fe4448f54ba2f822da02da19896daac06d42f8f5fb4720bf46b6e3085e341a
sourceafis,train,impostor,101,101_6,102_7,44,58,,,8,315.38,9345470dade59f65098836d8a512d4a3492e3f8bbd0c7b30f8b15d9bc95fba52,8007c9e8e5fdc7e3dd1e8ecfaad4f23c498ddacd12a296be6b23fa12ba0ece56
sourceafis,train,impostor,101,101_6,102_8,44,54,,,7,331.65,9345470dade59f65098836d8a512d4a3492e3f8bbd0c7b30f8b15d9bc95fba52,d7fe4448f54ba2f822da02da19896daac06d42f8f5fb4720bf46b6e3085e341a
sourceafis,train,impostor,101,101_7,102_8,29,54,,,7,302.84,82663dd77ab163c462b820fc3c3087d5cf5e8011554daadcd6df412609c8f708,d7fe4448f54ba2f822da02da19896daac06d42f8f5fb4720bf46b6e3085e341a
sourceafis,train,impostor,102,102_1,103_2,63,42,,,7,285.71,cef232da98a710c36805119f1dbcf7e166abe368c30a51dd08fac5a018bec564,1d947686137f106cee0ac1011385fd157bbbeb9c464c01c906b6906b881c396d
sourceafis,train,impostor,102,102_1,103_3,63,43,,,6,299.07,cef232da98a710c36805119f1dbcf7e166abe368c30a51dd08fac5a018bec564,5c06d70acec013379418aa97442c6602a2895576a078c34d0583105b727e8b83
sourceafis,train,impostor,102,102_1,103_4,63,29,,,4,397.34,cef232da98a710c36805119f1dbcf7e166abe368c30a51dd08fac5a018bec564,ad443beaa4f963930bd2e864c703cbcd8c46bda62f5cff79ef4ee06c320d8ab8
sourceafis,train,impostor,102,102_1,103_5,63,41,,,7,282.92,cef232da98a710c36805119f1dbcf7e166abe368c30a51dd08fac5a018bec564,3153139a4a42b1b9fc5b078bbc4fa0526627bdf32fe4e8a6080e0091937d9eaf
sourceafis,train,impostor,102,102_1,103_6,63,38,,,7,310.61,cef232da98a710c36805119f1dbcf7e166abe368c30a51dd08fac5a018bec564,c2cca0189cd16ccb746ca3203ebba157e66f340863ae6e75109ec5b6d8963935
sourceafis,train,impostor,102,102_1,103_7,63,40,,,10,296.83,cef232da98a710c36805119f1dbcf7e166abe368c30a51dd08fac5a018bec564,69a4063993354e94c9b4093eb022d3512e7fc88e021089805953b54ca1c1ea35
sourceafis,train,impostor,102,102_1,103_8,63,46,,,8,256.57,cef232da98a710c36805119f1dbcf7e166abe368c30a51dd08fac5a018bec564,4116d840237cdeb226adcc89cbe2780ec72907576bf0d55f6230eef3d20985d8
sourceafis,train,impostor,102,102_2,103_3,59,43,,,9,275.15,dee5bc5c95217b5c1577b66043057fcecc5035ff257ee22f961e3355c6225ece,5c06d70acec013379418aa97442c6602a2895576a078c34d0583105b727e8b83
sourceafis,train,impostor,102,102_2,103_4,59,29,,,5,286.18,dee5bc5c95217b5c1577b66043057fcecc5035ff257ee22f961e3355c6225ece,ad443beaa4f963930bd2e864c703cbcd8c46bda62f5cff79ef4ee06c320d8ab8
sourceafis,train,impostor,102,102_2,103_5,59,41,,,7,309.54,dee5bc5c95217b5c1577b66043057fcecc5035ff257ee22f961e3355c6225ece,3153139a4a42b1b9fc5b078bbc4fa0526627bdf32fe4e8a6080e0091937d9eaf
sourceafis,train,impostor,102,102_2,103_6,59,38,,,5,284.34,dee5bc5c95217b5c1577b66043057fcecc5035ff257ee22f961e3355c6225ece,c2cca0189cd16ccb746ca3203ebba157e66f340863ae6e75109ec5b6d8963935
sourceafis,train,impostor,102,102_2,103_7,59,40,,,9,317.52,dee5bc5c95217b5c1577b66043057fcecc5035ff257ee22f961e3355c6225ece,69a4063993354e94c9b4093eb022d3512e7fc88e021089805953b54ca1c1ea35
sourceafis,train,impostor,102,102_2,103_8,59,46,,,8,313.82,dee5bc5c95217b5c1577b66043057fcecc5035ff257ee22f961e3355c6225ece,4116d840237cdeb226adcc89cbe2780ec72907576bf0d55f6230eef3d20985d8
sourceafis,train,impostor,102,102_3,103_4,46,29,,,9,278.46,6d0f026f47a34eb537db49623f3f849e7cd386b2549594afedabb3f23b521c59,ad443beaa4f963930bd2e864c703cbcd8c46bda62f5cff79ef4ee06c320d8ab8
sourceafis,train,impostor,102,102_3,103_5,46,41,,,10,286.03,6d0f026f47a34eb537db49623f3f849e7cd386b2549594afedabb3f23b521c59,3153139a4a42b1b9fc5b078bbc4fa0526627bdf32fe4e8a6080e0091937d9eaf
sourceafis,train,impostor,102,102_3,103_6,46,38,,,12,311.23,6d0f026f47a34eb537db49623f3f849e7cd386b2549594afedabb3f23b521c59,c2cca0189cd16ccb746ca3203ebba157e66f340863ae6e75109ec5b6d8963935
sourceafis,train,impostor,102,102_3,103_7,46,40,,,16,290.5,6d0f026f47a34eb537db49623f3f849e7cd386b2549594afedabb3f23b521c59,69a4063993354e94c9b4093eb022d3512e7fc88e021089805953b54ca1c1ea35
sourceafis,train,impostor,102,102_3,103_8,46,46,,,11,263.53,6d0f026f47a34eb537db49623f3f849e7cd386b2549594afedabb3f23b521c59,4116d840237cdeb226adcc89cbe2780ec72907576bf0d55f6230eef3d20985d8
sourceafis,train,impostor,102,102_4,103_5,53,41,,,8,750.44,abc37af4fe0eebb1efb9463ba6aafd8b6a70cc38ccb07a0fc72a2af5f6499ef4,3153139a4a42b1b9fc5b078bbc4fa0526627bdf32fe4e8a6080e0091937d9eaf
sourceafis,train,impostor,102,102_4,103_6,53,38,,,7,356.05,abc37af4fe0eebb1efb9463ba6aafd8b6a70cc38ccb07a0fc72a2af5f6499ef4,c2cca0189cd16ccb746ca3203ebba157e66f340863ae6e75109ec5b6d8963935
sourceafis,train,impostor,102,102_4,103_7,53,40,,,12,299.83,abc37af4fe0eebb1efb9463ba6aafd8b6a70cc38ccb07a0fc72a2af5f6499ef4,69a4063993354e94c9b4093eb022d3512e7fc88e021089805953b54ca1c1ea35
sourceafis,train,impostor,102,102_4,103_8,53,46,,,11,300.47,abc37af4fe0eebb1efb9463ba6aafd8b6a70cc38ccb07a0fc72a2af5f6499ef4,4116d840237cdeb226adcc89cbe2780ec72907576bf0d55f6230eef3d20985d8
sourceafis,train,impostor,102,102_5,103_6,55,38,,,13,287.26,912a1dcdffc1738ec3ee239991793b37490ad53f406fe49844dd44e5055981cd,c2cca0189cd16ccb746ca3203ebba157e66f340863ae6e75109ec5b6d8963935
sourceafis,train,impostor,102,102_5,103_7,55,40,,,11,260.91,912a1dcdffc1738ec3ee239991793b37490ad53f406fe49844dd44e5055981cd,69a4063993354e94c9b4093eb022d3512e7fc88e021089805953b54ca1c1ea35
sourceafis,train,impostor,102,102_5,103_8,55,46,,,9,327.4,912a1dcdffc1738ec3ee239991793b37490ad53f406fe49844dd44e5055981cd,4116d840237cdeb226adcc89cbe2780ec72907576bf0d55f6230eef3d20985d8
sourceafis,train,impostor,102,102_6,103_7,47,40,,,14,258.92,0689a46cd0c5e0d6d2c6838d3958ef5d4c059b36cff4eef3930649b832b34b98,69a4063993354e94c9b4093eb022d3512e7fc88e021089805953b54ca1c1ea35
sourceafis,train,impostor,102,102_6,103_8,47,46,,,11,288.73,0689a46cd0c5e0d6d2c6838d3958ef5d4c059b36cff4eef3930649b832b34b98,4116d840237cdeb226adcc89cbe2780ec72907576bf0d55f6230eef3d20985d8
sourceafis,train,impostor,102,102_7,103_8,58,46,,,8,323.27,8007c9e8e5fdc7e3dd1e8ecfaad4f23c498ddacd12a296be6b23fa12ba0ece56,4116d840237cdeb226adcc89cbe2780ec72907576bf0d55f6230eef3d20985d8
sourceafis,train,impostor,103,103_1,104_2,41,30,,,6,261.79,566ae74a6b35100d60ede7b3085ab14074ed44877c0232299631fc3e04da7b04,10412c2cef76d6368536f7dd898f22cba30101f074c403c53e5581318c5e6975
sourceafis,train,impostor,103,103_1,104_3,41,25,,,9,298.65,566ae74a6b35100d60ede7b3085ab14074ed44877c0232299631fc3e04da7b04,c7ee31ce4502dd7490e7d2354fddadfd259c92dc58babf40ad9200af534a41d4
sourceafis,train,impostor,103,103_1,104_4,41,28,,,11,262.66,566ae74a6b35100d60ede7b3085ab14074ed44877c0232299631fc3e04da7b04,a0171fb7904f795f018dbb7654be474c78bffc6181ae21b2f5d264640c8cd907
sourceafis,train,impostor,103,103_1,104_5,41,14,,,4,330.27,566ae74a6b35100d60ede7b3085ab14074ed44877c0232299631fc3e04da7b04,1ae4cc4d0f2b128902b1d165a137e8434aa63f06e388add97f05e6e9ba02ab53
sourceafis,train,impostor,103,103_1,104_6,41,25,,,5,268.86,566ae74a6b35100d60ede7b3085ab14074ed44877c0232299631fc3e04da7b04,668b4271a39416080caf8afaeb5939e5936775efa0465f2abda402fdfdae35ea
sourceafis,train,impostor,103,103_1,104_7,41,30,,,10,278.7,566ae74a6b35100d60ede7b3085ab14074ed44877c0232299631fc3e04da7b04,bfb9ca8c011c429e194931b09cc30080548d4edc7785ed5b944fa081ff2fa49d
sourceafis,train,impostor,103,103_1,104_8,41,29,,,7,278.17,566ae74a6b35100d60ede7b3085ab14074ed44877c0232299631fc3e04da7b04,87b7eeea51a3b1fbc90b4abc9f4812834736e9624cdd16c600b7c6693cfcaad6
sourceafis,train,impostor,103,103_2,104_3,42,25,,,10,285.93,1d947686137f106cee0ac1011385fd157bbbeb9c464c01c906b6906b881c396d,c7ee31ce4502dd7490e7d2354fddadfd259c92dc58babf40ad9200af534a41d4
sourceafis,train,impostor,103,103_2,104_4,42,28,,,12,379.6,1d947686137f106cee0ac1011385fd157bbbeb9c464c01c906b6906b881c396d,a0171fb7904f795f018dbb7654be474c78bffc6181ae21b2f5d264640c8cd907
sourceafis,train,impostor,103,103_2,104_5,42,14,,,7,295.83,1d947686137f106cee0ac1011385fd157bbbeb9c464c01c906b6906b881c396d,1ae4cc4d0f2b128902b1d165a137e8434aa63f06e388add97f05e6e9ba02ab53
sourceafis,train,impostor,103,103_2,104_6,42,25,,,10,283.27,1d947686137f106cee0ac1011385fd157bbbeb9c464c01c906b6906b881c396d,668b4271a39416080caf8afaeb5939e5936775efa0465f2abda402fdfdae35ea
sourceafis,train,impostor,103,103_2,104_7,42,30,,,7,268.46,1d947686137f106cee0ac1011385fd157bbbeb9c464c01c906b6906b881c396d,bfb9ca8c011c429e194931b09cc30080548d4edc7785ed5b944fa081ff2fa49d
sourceafis,train,impostor,103,103_2,104_8,42,29,,,7,290.18,1d947686137f106cee0ac1011385fd157bbbeb9c464c01c906b6906b881c396d,87b7eeea51a3b1fbc90b4abc9f4812834736e9624cdd16c600b7c6693cfcaad6
sourceafis,train,impostor,103,103_3,104_4,43,28,,,13,284.78,5c06d70acec013379418aa97442c6602a2895576a078c34d0583105b727e8b83,a0171fb7904f795f018dbb7654be474c78bffc6181ae21b2f5d264640c8cd907
sourceafis,train,impostor,103,103_3,104_5,43,14,,,6,263.11,5c06d70acec013379418aa97442c6602a2895576a078c34d0583105b727e8b83,1ae4cc4d0f2b128902b1d165a137e8434aa63f06e388add97f05e6e9ba02ab53
sourceafis,train,impostor,103,103_3,104_6,43,25,,,5,278.82,5c06d70acec013379418aa97442c6602a2895576a078c34d0583105b727e8b83,668b4271a39416080caf8afaeb5939e5936775efa0465f2abda402fdfdae35ea
sourceafis,train,impostor,103,103_3,104_7,43,30,,,9,304.83,5c06d70acec013379418aa97442c6602a2895576a078c34d0583105b727e8b83,bfb9ca8c011c429e194931b09cc30080548d4edc7785ed5b944fa081ff2fa49d
sourceafis,train,impostor,103,103_3,104_8,43,29,,,8,384.46,5c06d70acec013379418aa97442c6602a2895576a078c34d0583105b727e8b83,87b7eeea51a3b1fbc90b4abc9f4812834736e9624cdd16c600b7c6693cfcaad6
sourceafis,train,impostor,103,103_4,104_5,29,14,,,3,289.07,ad443beaa4f963930bd2e864c703cbcd8c46bda62f5cff79ef4ee06c320d8ab8,1ae4cc4d0f2b128902b1d165a137e8434aa63f06e388add97f05e6e9ba02ab53
sourceafis,train,impostor,103,103_4,104_6,29,25,,,4,315.63,ad443beaa4f963930bd2e864c703cbcd8c46bda62f5cff79ef4ee06c320d8ab8,668b4271a39416080caf8afaeb5939e5936775efa0465f2abda402fdfdae35ea
sourceafis,train,impostor,103,103_4,104_7,29,30,,,7,285.84,ad443beaa4f963930bd2e864c703cbcd8c46bda62f5cff79ef4ee06c320d8ab8,bfb9ca8c011c429e194931b09cc30080548d4edc7785ed5b944fa081ff2fa49d
sourceafis,train,impostor,103,103_4,104_8,29,29,,,9,278.01,ad443beaa4f963930bd2e864c703cbcd8c46bda62f5cff79ef4ee06c320d8ab8,87b7eeea51a3b1fbc90b4abc9f4812834736e9624cdd16c600b7c6693cfcaad6
sourceafis,train,impostor,103,103_5,104_6,41,25,,,6,274.62,3153139a4a42b1b9fc5b078bbc4fa0526627bdf32fe4e8a6080e0091937d9eaf,668b4271a39416080caf8afaeb5939e5936775efa0465f2abda402fdfdae35ea
sourceafis,train,impostor,103,103_5,104_7,41,30,,,6,281.41,3153139a4a42b1b9fc5b078bbc4fa0526627bdf32fe4e8a6080e0091937d9eaf,bfb9ca8c011c429e194931b09cc30080548d4edc7785ed5b944fa081ff2fa49d
sourceafis,train,impostor,103,103_5,104_8,41,29,,,5,297.29,3153139a4a42b1b9fc5b078bbc4fa0526627bdf32fe4e8a6080e0091937d9eaf,87b7eeea51a3b1fbc90b4abc9f4812834736e9624cdd16c600b7c6693cfcaad6
sourceafis,train,impostor,103,103_6,104_7,38,30,,,9,383.09,c2cca0189cd16ccb746ca3203ebba157e66f340863ae6e75109ec5b6d8963935,bfb9ca8c011c429e194931b09cc30080548d4edc7785ed5b944fa081ff2fa49d
sourceafis,train,impostor,103,103_6,104_8,38,29,,,10,270.86,c2cca0189cd16ccb746ca3203ebba157e66f340863ae6e75109ec5b6d8963935,87b7eeea51a3b1fbc90b4abc9f4812834736e9624cdd16c600b7c6693cfcaad6
sourceafis,train,impostor,103,103_7,104_8,40,29,,,9,288.85,69a4063993354e94c9b4093eb022d3512e7fc88e021089805953b54ca1c1ea35,87b7eeea51a3b1fbc90b4abc9f4812834736e9624cdd16c600b7c6693cfcaad6
sourceafis,train,impostor,104,104_1,105_2,33,34,,,13,274.77,42f7fccf3d5f1499100ca2f92c0f820d25e15b24a18fb7aac907f30e95c58e18,7fb9482fa59f6997ca57a7fb4327cf031c40805c7ea45790cc6d186aeed06eeb
sourceafis,train,impostor,104,104_1,105_3,33,24,,,5,307.89,42f7fccf3d5f1499100ca2f92c0f820d25e15b24a18fb7aac907f30e95c58e18,af5a0686c2809d3c0df93566022e876f86f755f22378bf1be2d34d78554e139c
sourceafis,train,impostor,104,104_1,105_4,33,42,,,7,323.63,42f7fccf3d5f1499100ca2f92c0f820d25e15b24a18fb7aac907f30e95c58e18,3e3b7d534f4bb3cb312e2e2ae0425dba75da10644076a6fe7cd689273b20c8ca
sourceafis,train,impostor,104,104_1,105_5,33,31,,,9,299.09,42f7fccf3d5f1499100ca2f92c0f820d25e15b24a18fb7aac907f30e95c58e18,adc533901286a1e601c466392af027f141dd89dde1ef79d93ce1a58bb12192ec
sourceafis,train,impostor,104,104_1,105_6,33,35,,,9,267.03,42f7fccf3d5f1499100ca2f92c0f820d25e15b24a18fb7aac907f30e95c58e18,237bdd1e19377181d31db84e7a40d3dfcbafb48ea2d79591c0f28cc9530bb6e0
sourceafis,train,impostor,104,104_1,105_7,33,29,,,14,278.98,42f7fccf3d5f1499100ca2f92c0f820d25e15b24a18fb7aac907f30e95c58e18,21d5b98ab8e1fbd92dd1b66f552c5608aed19f0119672c78818570cd342f750f
sourceafis,train,impostor,104,104_1,105_8,33,33,,,7,317.94,42f7fccf3d5f1499100ca2f92c0f820d25e15b24a18fb7aac907f30e95c58e18,1782251d1ab405d854d9bd7620677ab28af1d8c995ee6cffc941d4ded1315ecb
sourceafis,train,impostor,104,104_2,105_3,30,24,,,3,253.71,10412c2cef76d6368536f7dd898f22cba30101f074c403c53e5581318c5e6975,af5a0686c2809d3c0df93566022e876f86f755f22378bf1be2d34d78554e139c
sourceafis,train,impostor,104,104_2,105_4,30,42,,,5,286.81,10412c2cef76d6368536f7dd898f22cba30101f074c403c53e5581318c5e6975,3e3b7d534f4bb3cb312e2e2ae0425dba75da10644076a6fe7cd689273b20c8ca
sourceafis,train,impostor,104,104_2,105_5,30,31,,,7,338.26,10412c2cef76d6368536f7dd898f22cba30101f074c403c53e5581318c5e6975,adc533901286a1e601c466392af027f141dd89dde1ef79d93ce1a58bb12192ec
sourceafis,train,impostor,104,104_2,105_6,30,35,,,6,274.81,10412c2cef76d6368536f7dd898f22cba30101f074c403c53e5581318c5e6975,237bdd1e19377181d31db84e7a40d3dfcbafb48ea2d79591c0f28cc9530bb6e0
sourceafis,train,impostor,104,104_2,105_7,30,29,,,5,270.28,10412c2cef76d6368536f7dd898f22cba30101f074c403c53e5581318c5e6975,21d5b98ab8e1fbd92dd1b66f552c5608aed19f0119672c78818570cd342f750f
sourceafis,train,impostor,104,104_2,105_8,30,33,,,3,289.86,10412c2cef76d6368536f7dd898f22cba30101f074c403c53e5581318c5e6975,1782251d1ab405d854d9bd7620677ab28af1d8c995ee6cffc941d4ded1315ecb
sourceafis,train,impostor,104,104_3,105_4,25,42,,,9,296.07,c7ee31ce4502dd7490e7d2354fddadfd259c92dc58babf40ad9200af534a41d4,3e3b7d534f4bb3cb312e2e2ae0425dba75da10644076a6fe7cd689273b20c8ca
sourceafis,train,impostor,104,104_3,105_5,25,31,,,9,274.45,c7ee31ce4502dd7490e7d2354fddadfd259c92dc58babf40ad9200af534a41d4,adc533901286a1e601c466392af027f141dd89dde1ef79d93ce1a58bb12192ec
sourceafis,train,impostor,104,104_3,105_6,25,35,,,8,483.86,c7ee31ce4502dd7490e7d2354fddadfd259c92dc58babf40ad9200af534a41d4,237bdd1e19377181d31db84e7a40d3dfcbafb48ea2d79591c0f28cc9530bb6e0
sourceafis,train,impostor,104,104_3,105_7,25,29,,,10,266.9,c7ee31ce4502dd7490e7d2354fddadfd259c92dc58babf40ad9200af534a41d4,21d5b98ab8e1fbd92dd1b66f552c5608aed19f0119672c78818570cd342f750f
sourceafis,train,impostor,104,104_3,105_8,25,33,,,16,289.29,c7ee31ce4502dd7490e7d2354fddadfd259c92dc58babf40ad9200af534a41d4,1782251d1ab405d854d9bd7620677ab28af1d8c995ee6cffc941d4ded1315ecb
sourceafis,train,impostor,104,104_4,105_5,28,31,,,8,272.37,a0171fb7904f795f018dbb7654be474c78bffc6181ae21b2f5d264640c8cd907,adc533901286a1e601c466392af027f141dd89dde1ef79d93ce1a58bb12192ec
sourceafis,train,impostor,104,104_4,105_6,28,35,,,7,264.38,a0171fb7904f795f018dbb7654be474c78bffc6181ae21b2f5d264640c8cd907,237bdd1e19377181d31db84e7a40d3dfcbafb48ea2d79591c0f28cc9530bb6e0
sourceafis,train,impostor,104,104_4,105_7,28,29,,,6,280.84,a0171fb7904f795f018dbb7654be474c78bffc6181ae21b2f5d264640c8cd907,21d5b98ab8e1fbd92dd1b66f552c5608aed19f0119672c78818570cd342f750f
sourceafis,train,impostor,104,104_4,105_8,28,33,,,13,265.63,a0171fb7904f795f018dbb7654be474c78bffc6181ae21b2f5d264640c8cd907,1782251d1ab405d854d9bd7620677ab28af1d8c995ee6cffc941d4ded1315ecb
sourceafis,train,impostor,104,104_5,105_6,14,35,,,6,258.26,1ae4cc4d0f2b128902b1d165a137e8434aa63f06e388add97f05e6e9ba02ab53,237bdd1e19377181d31db84e7a40d3dfcbafb48ea2d79591c0f28cc9530bb6e0
sourceafis,train,impostor,104,104_5,105_7,14,29,,,4,310.85,1ae4cc4d0f2b128902b1d165a137e8434aa63f06e388add97f05e6e9ba02ab53,21d5b98ab8e1fbd92dd1b66f552c5608aed19f0119672c78818570cd342f750f
sourceafis,train,impostor,104,104_5,105_8,14,33,,,4,270.27,1ae4cc4d0f2b128902b1d165a137e8434aa63f06e388add97f05e6e9ba02ab53,1782251d1ab405d854d9bd7620677ab28af1d8c995ee6cffc941d4ded1315ecb
sourceafis,train,impostor,104,104_6,105_7,25,29,,,6,320.21,668b4271a39416080caf8afaeb5939e5936775efa0465f2abda402fdfdae35ea,21d5b98ab8e1fbd92dd1b66f552c5608aed19f0119672c78818570cd342f750f
sourceafis,train,impostor,104,104_6,105_8,25,33,,,7,269.5,668b4271a39416080caf8afaeb5939e5936775efa0465f2abda402fdfdae35ea,1782251d1ab405d854d9bd7620677ab28af1d8c995ee6cffc941d4ded1315ecb
sourceafis,train,impostor,104,104_7,105_8,30,33,,,9,297.01,bfb9ca8c011c429e194931b09cc30080548d4edc7785ed5b944fa081ff2fa49d,1782251d1ab405d854d9bd7620677ab28af1d8c995ee6cffc941d4ded1315ecb
sourceafis,train,impostor,105,105_1,106_2,46,24,,,5,284.55,3a8eabffb24282bdfa242ccac550bd6e44e70ec80874d5f6cf078848266706ca,29ddcd4a741f9c24c0d96ce5ae233f65a2ef129b9ffbfd1581fd4468df4fa6f0
sourceafis,train,impostor,105,105_1,106_3,46,25,,,10,283.85,3a8eabffb24282bdfa242ccac550bd6e44e70ec80874d5f6cf078848266706ca,a3374c7b5fc5337d4b997e0fa76b1e2372d30469ffb6901e64fe14db778aa3d6
sourceafis,train,impostor,105,105_1,106_4,46,34,,,19,302.01,3a8eabffb24282bdfa242ccac550bd6e44e70ec80874d5f6cf078848266706ca,57725d6dc50f9eefad304e362be42e978127de34d7ebb089a8e1f3b2b4518139
sourceafis,train,impostor,105,105_1,106_5,46,42,,,18,297.47,3a8eabffb24282bdfa242ccac550bd6e44e70ec80874d5f6cf078848266706ca,1830636c7ccb428c0798c570545ade30a83494895cdfe9a3431968a87731f1e8
sourceafis,train,impostor,105,105_1,106_6,46,27,,,9,393.28,3a8eabffb24282bdfa242ccac550bd6e44e70ec80874d5f6cf078848266706ca,d786db559a4a525850b45f0e9ae1b57fdcbd1d0db652ad36417b7d9aaf509a51
sourceafis,train,impostor,105,105_1,106_7,46,37,,,18,292.08,3a8eabffb24282bdfa242ccac550bd6e44e70ec80874d5f6cf078848266706ca,12690c4f5bf4767d65bcac752fdab38c287c83e41bed5aff5831e627bf2919da
sourceafis,train,impostor,105,105_1,106_8,46,32,,,12,290.43,3a8eabffb24282bdfa242ccac550bd6e44e70ec80874d5f6cf078848266706ca,c2e1df414ece615e0fd13edc950d706cc872b7b1f0efb893e406804ba6d12258
sourceafis,train,impostor,105,105_2,106_3,34,25,,,8,265.07,7fb9482fa59f6997ca57a7fb4327cf031c40805c7ea45790cc6d186aeed06eeb,a3374c7b5fc5337d4b997e0fa76b1e2372d30469ffb6901e64fe14db778aa3d6
sourceafis,train,impostor,105,105_2,106_4,34,34,,,9,306.24,7fb9482fa59f6997ca57a7fb4327cf031c40805c7ea45790cc6d186aeed06eeb,57725d6dc50f9eefad304e362be42e978127de34d7ebb089a8e1f3b2b4518139
sourceafis,train,impostor,105,105_2,106_5,34,42,,,18,267.86,7fb9482fa59f6997ca57a7fb4327cf031c40805c7ea45790cc6d186aeed06eeb,1830636c7ccb428c0798c570545ade30a83494895cdfe9a3431968a87731f1e8
sourceafis,train,impostor,105,105_2,106_6,34,27,,,17,286.19,7fb9482fa59f6997ca57a7fb4327cf031c40805c7ea45790cc6d186aeed06eeb,d786db559a4a525850b45f0e9ae1b57fdcbd1d0db652ad36417b7d9aaf509a51
sourceafis,train,impostor,105,105_2,106_7,34,37,,,12,288.98,7fb9482fa59f6997ca57a7fb4327cf031c40805c7ea45790cc6d186aeed06eeb,12690c4f5bf4767d65bcac752fdab38c287c83e41bed5aff5831e627bf2919da
sourceafis,train,impostor,105,105_2,106_8,34,32,,,11,298.37,7fb9482fa59f6997ca57a7fb4327cf031c40805c7ea45790cc6d186aeed06eeb,c2e1df414ece615e0fd13edc950d706cc872b7b1f0efb893e406804ba6d12258
sourceafis,train,impostor,105,105_3,106_4,24,34,,,7,306.13,af5a0686c2809d3c0df93566022e876f86f755f22378bf1be2d34d78554e139c,57725d6dc50f9eefad304e362be42e978127de34d7ebb089a8e1f3b2b4518139
sourceafis,train,impostor,105,105_3,106_5,24,42,,,6,287.59,af5a0686c2809d3c0df93566022e876f86f755f22378bf1be2d34d78554e139c,1830636c7ccb428c0798c570545ade30a83494895cdfe9a3431968a87731f1e8
sourceafis,train,impostor,105,105_3,106_6,24,27,,,7,291.69,af5a0686c2809d3c0df93566022e876f86f755f22378bf1be2d34d78554e139c,d786db559a4a525850b45f0e9ae1b57fdcbd1d0db652ad36417b7d9aaf509a51
sourceafis,train,impostor,105,105_3,106_7,24,37,,,6,282.28,af5a0686c2809d3c0df93566022e876f86f755f22378bf1be2d34d78554e139c,12690c4f5bf4767d65bcac752fdab38c287c83e41bed5aff5831e627bf2919da
sourceafis,train,impostor,105,105_3,106_8,24,32,,,10,280.15,af5a0686c2809d3c0df93566022e876f86f755f22378bf1be2d34d78554e139c,c2e1df414ece615e0fd13edc950d706cc872b7b1f0efb893e406804ba6d12258
sourceafis,train,impostor,105,105_4,106_5,42,42,,,12,283.96,3e3b7d534f4bb3cb312e2e2ae0425dba75da10644076a6fe7cd689273b20c8ca,1830636c7ccb428c0798c570545ade30a83494895cdfe9a3431968a87731f1e8
sourceafis,train,impostor,105,105_4,106_6,42,27,,,12,459.35,3e3b7d534f4bb3cb312e2e2ae0425dba75da10644076a6fe7cd689273b20c8ca,d786db559a4a525850b45f0e9ae1b57fdcbd1d0db652ad36417b7d9aaf509a51
sourceafis,train,impostor,105,105_4,106_7,42,37,,,12,261.24,3e3b7d534f4bb3cb312e2e2ae0425dba75da10644076a6fe7cd689273b20c8ca,12690c4f5bf4767d65bcac752fdab38c287c83e41bed5aff5831e627bf2919da
sourceafis,train,impostor,105,105_4,106_8,42,32,,,14,400.89,3e3b7d534f4bb3cb312e2e2ae0425dba75da10644076a6fe7cd689273b20c8ca,c2e1df414ece615e0fd13edc950d706cc872b7b1f0efb893e406804ba6d12258
sourceafis,train,impostor,105,105_5,106_6,31,27,,,12,294.17,adc533901286a1e601c466392af027f141dd89dde1ef79d93ce1a58bb12192ec,d786db559a4a525850b45f0e9ae1b57fdcbd1d0db652ad36417b7d9aaf509a51
sourceafis,train,impostor,105,105_5,106_7,31,37,,,14,281.85,adc533901286a1e601c466392af027f141dd89dde1ef79d93ce1a58bb12192ec,12690c4f5bf4767d65bcac752fdab38c287c83e41bed5aff5831e627bf2919da
sourceafis,train,impostor,105,105_5,106_8,31,32,,,15,277.31,adc533901286a1e601c466392af027f141dd89dde1ef79d93ce1a58bb12192ec,c2e1df414ece615e0fd13edc950d706cc872b7b1f0efb893e406804ba6d12258
sourceafis,train,impostor,105,105_6,106_7,35,37,,,13,273.54,237bdd1e19377181d31db84e7a40d3dfcbafb48ea2d79591c0f28cc9530bb6e0,12690c4f5bf4767d65bcac752fdab38c287c83e41bed5aff5831e627bf2919da
sourceafis,train,impostor,105,105_6,106_8,35,32,,,18,280.47,237bdd1e19377181d31db84e7a40d3dfcbafb48ea2d79591c0f28cc9530bb6e0,c2e1df414ece615e0fd13edc950d706cc872b7b1f0efb893e406804ba6d12258
sourceafis,train,impostor,105,105_7,106_8,29,32,,,13,304.3,21d5b98ab8e1fbd92dd1b66f552c5608aed19f0119672c78818570cd342f750f,c2e1df414ece615e0fd13edc950d706cc872b7b1f0efb893e406804ba6d12258
sourceafis,validation,impostor,106,106_1,107_2,25,25,,,4,295.73,c98ea1765f20a8ed47a86479920ab7cec6b0462b0d9ad0b9800f65fa448438c8,3846c23148ec1582419a7ea6570b7f50176454255d594d8b6f930d5538f5bb9a
sourceafis,validation,impostor,106,106_1,107_3,25,26,,,4,303.16,c98ea1765f20a8ed47a86479920ab7cec6b0462b0d9ad0b9800f65fa448438c8,d4cfc9f779d4d69c8b4c3ccc372823a0b8f3754ea48ac0f8e53fac26909d54cd
sourceafis,validation,impostor,106,106_1,107_4,25,25,,,4,291.61,c98ea1765f20a8ed47a86479920ab7cec6b0462b0d9ad0b9800f65fa448438c8,8929b90a7ee61136a5e73f8fddd9e52edc9ac2a1ad7792be237979a2cfbf0412
sourceafis,validation,impostor,106,106_1,107_5,25,25,,,3,272.99,c98ea1765f20a8ed47a86479920ab7cec6b0462b0d9ad0b9800f65fa448438c8,62ce8e710648581226f47f374be8eca3be2dccddd70e4c9c84f98cd300c48a77
sourceafis,validation,impostor,106,106_1,107_6,25,25,,,6,271.56,c98ea1765f20a8ed47a86479920ab7cec6b0462b0d9ad0b9800f65fa448438c8,b5984232cc873e143ab6ab206fb77532ef73fd58cde8d04bf073a5f3daf45cdc
sourceafis,validation,impostor,106,106_1,107_7,25,22,,,4,258.72,c98ea1765f20a8ed47a86479920ab7cec6b0462b0d9ad0b9800f65fa448438c8,8fc46426c7a8ddb3b88c051d15c70425bce9c6c6fa2c079401ea8ef90ea03634
sourceafis,validation,impostor,106,106_1,107_8,25,18,,,0,314.62,c98ea1765f20a8ed47a86479920ab7cec6b0462b0d9ad0b9800f65fa448438c8,98d34e6219eeef1dbe39273f3a3b337e6bc83b369c6fc57a898367ce89fcc651
sourceafis,validation,impostor,106,106_2,107_3,24,26,,,3,281.8,29ddcd4a741f9c24c0d96ce5ae233f65a2ef129b9ffbfd1581fd4468df4fa6f0,d4cfc9f779d4d69c8b4c3ccc372823a0b8f3754ea48ac0f8e53fac26909d54cd
sourceafis,validation,impostor,106,106_2,107_4,24,25,,,3,281.87,29ddcd4a741f9c24c0d96ce5ae233f65a2ef129b9ffbfd1581fd4468df4fa6f0,8929b90a7ee61136a5e73f8fddd9e52edc9ac2a1ad7792be237979a2cfbf0412
sourceafis,validation,impostor,106,106_2,107_5,24,25,,,3,285.47,29ddcd4a741f9c24c0d96ce5ae233f65a2ef129b9ffbfd1581fd4468df4fa6f0,62ce8e710648581226f47f374be8eca3be2dccddd70e4c9c84f98cd300c48a77
sourceafis,validation,impostor,106,106_2,107_6,24,25,,,5,296.11,29ddcd4a741f9c24c0d96ce5ae233f65a2ef129b9ffbfd1581fd4468df4fa6f0,b5984232cc873e143ab6ab206fb77532ef73fd58cde8d04bf073a5f3daf45cdc
sourceafis,validation,impostor,106,106_2,107_7,24,22,,,0,366.17,29ddcd4a741f9c24c0d96ce5ae233f65a2ef129b9ffbfd1581fd4468df4fa6f0,8fc46426c7a8ddb3b88c051d15c70425bce9c6c6fa2c079401ea8ef90ea03634
sourceafis,validation,impostor,106,106_2,107_8,24,18,,,0,281.64,29ddcd4a741f9c24c0d96ce5ae233f65a2ef129b9ffbfd1581fd4468df4fa6f0,98d34e6219eeef1dbe39273f3a3b337e6bc83b369c6fc57a898367ce89fcc651
sourceafis,validation,impostor,106,106_3,107_4,25,25,,,4,299.96,a3374c7b5fc5337d4b997e0fa76b1e2372d30469ffb6901e64fe14db778aa3d6,8929b90a7ee61136a5e73f8fddd9e52edc9ac2a1ad7792be237979a2cfbf0412
sourceafis,validation,impostor,106,106_3,107_5,25,25,,,3,301.86,a3374c7b5fc5337d4b997e0fa76b1e2372d30469ffb6901e64fe14db778aa3d6,62ce8e710648581226f47f374be8eca3be2dccddd70e4c9c84f98cd300c48a77
sourceafis,validation,impostor,106,106_3,107_6,25,25,,,6,284.09,a3374c7b5fc5337d4b997e0fa76b1e2372d30469ffb6901e64fe14db778aa3d6,b5984232cc873e143ab6ab206fb77532ef73fd58cde8d04bf073a5f3daf45cdc
sourceafis,validation,impostor,106,106_3,107_7,25,22,,,0,282.59,a3374c7b5fc5337d4b997e0fa76b1e2372d30469ffb6901e64fe14db778aa3d6,8fc46426c7a8ddb3b88c051d15c70425bce9c6c6fa2c079401ea8ef90ea03634
sourceafis,validation,impostor,106,106_3,107_8,25,18,,,3,260.49,a3374c7b5fc5337d4b997e0fa76b1e2372d30469ffb6901e64fe14db778aa3d6,98d34e6219eeef1dbe39273f3a3b337e6bc83b369c6fc57a898367ce89fcc651
sourceafis,validation,impostor,106,106_4,107_5,34,25,,,7,287.11,57725d6dc50f9eefad304e362be42e978127de34d7ebb089a8e1f3b2b4518139,62ce8e710648581226f47f374be8eca3be2dccddd70e4c9c84f98cd300c48a77
sourceafis,validation,impostor,106,106_4,107_6,34,25,,,11,303.82,57725d6dc50f9eefad304e362be42e978127de34d7ebb089a8e1f3b2b4518139,b5984232cc873e143ab6ab206fb77532ef73fd58cde8d04bf073a5f3daf45cdc
sourceafis,validation,impostor,106,106_4,107_7,34,22,,,9,318.71,57725d6dc50f9eefad304e362be42e978127de34d7ebb089a8e1f3b2b4518139,8fc46426c7a8ddb3b88c051d15c70425bce9c6c6fa2c079401ea8ef90ea03634
sourceafis,validation,impostor,106,106_4,107_8,34,18,,,6,291.77,57725d6dc50f9eefad304e362be42e978127de34d7ebb089a8e1f3b2b4518139,98d34e6219eeef1dbe39273f3a3b337e6bc83b369c6fc57a898367ce89fcc651
sourceafis,validation,impostor,106,106_5,107_6,42,25,,,8,278.87,1830636c7ccb428c0798c570545ade30a83494895cdfe9a3431968a87731f1e8,b5984232cc873e143ab6ab206fb77532ef73fd58cde8d04bf073a5f3daf45cdc
sourceafis,validation,impostor,106,106_5,107_7,42,22,,,6,284.39,1830636c7ccb428c0798c570545ade30a83494895cdfe9a3431968a87731f1e8,8fc46426c7a8ddb3b88c051d15c70425bce9c6c6fa2c079401ea8ef90ea03634
sourceafis,validation,impostor,106,106_5,107_8,42,18,,,3,274.25,1830636c7ccb428c0798c570545ade30a83494895cdfe9a3431968a87731f1e8,98d34e6219eeef1dbe39273f3a3b337e6bc83b369c6fc57a898367ce89fcc651
sourceafis,validation,impostor,106,106_6,107_7,27,22,,,7,277.49,d786db559a4a525850b45f0e9ae1b57fdcbd1d0db652ad36417b7d9aaf509a51,8fc46426c7a8ddb3b88c051d15c70425bce9c6c6fa2c079401ea8ef90ea03634
sourceafis,validation,impostor,106,106_6,107_8,27,18,,,3,287.53,d786db559a4a525850b45f0e9ae1b57fdcbd1d0db652ad36417b7d9aaf509a51,98d34e6219eeef1dbe39273f3a3b337e6bc83b369c6fc57a898367ce89fcc651
sourceafis,validation,impostor,106,106_7,107_8,37,18,,,3,341.45,12690c4f5bf4767d65bcac752fdab38c287c83e41bed5aff5831e627bf2919da,98d34e6219eeef1dbe39273f3a3b337e6bc83b369c6fc57a898367ce89fcc651
sourceafis,validation,impostor,107,107_1,108_2,29,31,,,4,352.91,abce1aed66a852165dcfe6baf114025f04d419bac1c5ce613dfabfd4f9b12307,42d58b06338c666e0d11b0897517260cb2905f497ef634b5463fe1d771055ac8
sourceafis,validation,impostor,107,107_1,108_3,29,33,,,7,301.93,abce1aed66a852165dcfe6baf114025f04d419bac1c5ce613dfabfd4f9b12307,938ced3b7d265e1daaf1b05a01557b957c9ae8c55af3d4d9d7f48b7e94f9351b
sourceafis,validation,impostor,107,107_1,108_4,29,33,,,4,278.51,abce1aed66a852165dcfe6baf114025f04d419bac1c5ce613dfabfd4f9b12307,78bad014c8403ea7a32a877a9b687912155c85d4497695d5487bca6ac3c2f5a3
sourceafis,validation,impostor,107,107_1,108_5,29,40,,,6,280.64,abce1aed66a852165dcfe6baf114025f04d419bac1c5ce613dfabfd4f9b12307,ece2849c6d5fc5d82fef475fe53da13dc3a0aa92b9ea2032490774dae5fcb869
sourceafis,validation,impostor,107,107_1,108_6,29,45,,,6,251.55,abce1aed66a852165dcfe6baf114025f04d419bac1c5ce613dfabfd4f9b12307,e00dbe4e95c42ca670add1685e53864c097be23f5e9f7d8a9db973abc97b944d
sourceafis,validation,impostor,107,107_1,108_7,29,38,,,8,264.98,abce1aed66a852165dcfe6baf114025f04d419bac1c5ce613dfabfd4f9b12307,7a8a6d833e2b760755b435e0742be704103d570a1bb10760ba1e4572dc961bcd
sourceafis,validation,impostor,107,107_1,108_8,29,38,,,5,317.63,abce1aed66a852165dcfe6baf114025f04d419bac1c5ce613dfabfd4f9b12307,7820b5a5796fa637dea1eef57c5d2b8ac3c0ea55c508452e7796a7e6159f4644
sourceafis,validation,impostor,107,107_2,108_3,25,33,,,9,304.25,3846c23148ec1582419a7ea6570b7f50176454255d594d8b6f930d5538f5bb9a,938ced3b7d265e1daaf1b05a01557b957c9ae8c55af3d4d9d7f48b7e94f9351b
sourceafis,validation,impostor,107,107_2,108_4,25,33,,,8,309.57,3846c23148ec1582419a7ea6570b7f50176454255d594d8b6f930d5538f5bb9a,78bad014c8403ea7a32a877a9b687912155c85d4497695d5487bca6ac3c2f5a3
sourceafis,validation,impostor,107,107_2,108_5,25,40,,,8,300.02,3846c23148ec1582419a7ea6570b7f50176454255d594d8b6f930d5538f5bb9a,ece2849c6d5fc5d82fef475fe53da13dc3a0aa92b9ea2032490774dae5fcb869
sourceafis,validation,impostor,107,107_2,108_6,25,45,,,7,270.28,3846c23148ec1582419a7ea6570b7f50176454255d594d8b6f930d5538f5bb9a,e00dbe4e95c42ca670add1685e53864c097be23f5e9f7d8a9db973abc97b944d
sourceafis,validation,impostor,107,107_2,108_7,25,38,,,5,266.64,3846c23148ec1582419a7ea6570b7f50176454255d594d8b6f930d5538f5bb9a,7a8a6d833e2b760755b435e0742be704103d570a1bb10760ba1e4572dc961bcd
sourceafis,validation,impostor,107,107_2,108_8,25,38,,,5,279.71,3846c23148ec1582419a7ea6570b7f50176454255d594d8b6f930d5538f5bb9a,7820b5a5796fa637dea1eef57c5d2b8ac3c0ea55c508452e7796a7e6159f4644
sourceafis,validation,impostor,107,107_3,108_4,26,33,,,4,296.18,d4cfc9f779d4d69c8b4c3ccc372823a0b8f3754ea48ac0f8e53fac26909d54cd,78bad014c8403ea7a32a877a9b687912155c85d4497695d5487bca6ac3c2f5a3
sourceafis,validation,impostor,107,107_3,108_5,26,40,,,5,276.51,d4cfc9f779d4d69c8b4c3ccc372823a0b8f3754ea48ac0f8e53fac26909d54cd,ece2849c6d5fc5d82fef475fe53da13dc3a0aa92b9ea2032490774dae5fcb869
sourceafis,validation,impostor,107,107_3,108_6,26,45,,,5,296.2,d4cfc9f779d4d69c8b4c3ccc372823a0b8f3754ea48ac0f8e53fac26909d54cd,e00dbe4e95c42ca670add1685e53864c097be23f5e9f7d8a9db973abc97b944d
sourceafis,validation,impostor,107,107_3,108_7,26,38,,,7,298.06,d4cfc9f779d4d69c8b4c3ccc372823a0b8f3754ea48ac0f8e53fac26909d54cd,7a8a6d833e2b760755b435e0742be704103d570a1bb10760ba1e4572dc961bcd
sourceafis,validation,impostor,107,107_3,108_8,26,38,,,5,307.36,d4cfc9f779d4d69c8b4c3ccc372823a0b8f3754ea48ac0f8e53fac26909d54cd,7820b5a5796fa637dea1eef57c5d2b8ac3c0ea55c508452e7796a7e6159f4644
sourceafis,validation,impostor,107,107_4,108_5,25,40,,,7,342.06,8929b90a7ee61136a5e73f8fddd9e52edc9ac2a1ad7792be237979a2cfbf0412,ece2849c6d5fc5d82fef475fe53da13dc3a0aa92b9ea2032490774dae5fcb869
sourceafis,validation,impostor,107,107_4,108_6,25,45,,,7,261.91,8929b90a7ee61136a5e73f8fddd9e52edc9ac2a1ad7792be237979a2cfbf0412,e00dbe4e95c42ca670add1685e53864c097be23f5e9f7d8a9db973abc97b944d
sourceafis,validation,impostor,107,107_4,108_7,25,38,,,6,325.51,8929b90a7ee61136a5e73f8fddd9e52edc9ac2a1ad7792be237979a2cfbf0412,7a8a6d833e2b760755b435e0742be704103d570a1bb10760ba1e4572dc961bcd
sourceafis,validation,impostor,107,107_4,108_8,25,38,,,6,273.03,8929b90a7ee61136a5e73f8fddd9e52edc9ac2a1ad7792be237979a2cfbf0412,7820b5a5796fa637dea1eef57c5d2b8ac3c0ea55c508452e7796a7e6159f4644
sourceafis,validation,impostor,107,107_5,108_6,25,45,,,4,266.01,62ce8e710648581226f47f374be8eca3be2dccddd70e4c9c84f98cd300c48a77,e00dbe4e95c42ca670add1685e53864c097be23f5e9f7d8a9db973abc97b944d
sourceafis,validation,impostor,107,107_5,108_7,25,38,,,6,299.22,62ce8e710648581226f47f374be8eca3be2dccddd70e4c9c84f98cd300c48a77,7a8a6d833e2b760755b435e0742be704103d570a1bb10760ba1e4572dc961bcd
sourceafis,validation,impostor,107,107_5,108_8,25,38,,,5,322.69,62ce8e710648581226f47f374be8eca3be2dccddd70e4c9c84f98cd300c48a77,7820b5a5796fa637dea1eef57c5d2b8ac3c0ea55c508452e7796a7e6159f4644
sourceafis,validation,impostor,107,107_6,108_7,25,38,,,5,304.27,b5984232cc873e143ab6ab206fb77532ef73fd58cde8d04bf073a5f3daf45cdc,7a8a6d833e2b760755b435e0742be704103d570a1bb10760ba1e4572dc961bcd
sourceafis,validation,impostor,107,107_6,108_8,25,38,,,6,302.38,b5984232cc873e143ab6ab206fb77532ef73fd58cde8d04bf073a5f3daf45cdc,7820b5a5796fa637dea1eef57c5d2b8ac3c0ea55c508452e7796a7e6159f4644
sourceafis,validation,impostor,107,107_7,108_8,22,38,,,4,325.27,8fc46426c7a8ddb3b88c051d15c70425bce9c6c6fa2c079401ea8ef90ea03634,7820b5a5796fa637dea1eef57c5d2b8ac3c0ea55c508452e7796a7e6159f4644
sourceafis,validation,impostor,108,108_1,109_2,33,18,,,6,313.03,1d9c30ee93b1d901c47b19f23cfe10088bbbdcb8e4a0a0249e605e4479152f98,16bf1025db90f678f4bb8655f9238bfe0ce6b954574f813ca2c330bfccb97020
sourceafis,validation,impostor,108,108_1,109_3,33,29,,,8,277.1,1d9c30ee93b1d901c47b19f23cfe10088bbbdcb8e4a0a0249e605e4479152f98,21ac91a18c52fdb5a56ee79ef088a36cdaa81f5c2340731950f6a273524fcd1d
sourceafis,validation,impostor,108,108_1,109_4,33,25,,,6,313.87,1d9c30ee93b1d901c47b19f23cfe10088bbbdcb8e4a0a0249e605e4479152f98,d281cb724c31395bad82b285174f878e2ec2039c14b340d70b34f100f0a7f521
sourceafis,validation,impostor,108,108_1,109_5,33,32,,,6,290.34,1d9c30ee93b1d901c47b19f23cfe10088bbbdcb8e4a0a0249e605e4479152f98,1190adeb9c61dcb07022589cc4afef325266cbccebce38dd2a23dc0b482bb081
sourceafis,validation,impostor,108,108_1,109_6,33,26,,,4,264.42,1d9c30ee93b1d901c47b19f23cfe10088bbbdcb8e4a0a0249e605e4479152f98,fd2fa9adc0851cc5531fd138f2c89142bc0a39eb591923a575392f9c4a414d24
sourceafis,validation,impostor,108,108_1,109_7,33,28,,,4,296.78,1d9c30ee93b1d901c47b19f23cfe10088bbbdcb8e4a0a0249e605e4479152f98,05831fd331ba585db2f8c0d34a913d64c236ec1b8fa298b11f2024982df9579a
sourceafis,validation,impostor,108,108_1,109_8,33,29,,,7,315.26,1d9c30ee93b1d901c47b19f23cfe10088bbbdcb8e4a0a0249e605e4479152f98,1a4df7fe5be180cc33c2e6fae324846ab1a3701cc1ca5b74a6c4b9b1afccb848
sourceafis,validation,impostor,108,108_2,109_3,31,29,,,5,325.52,42d58b06338c666e0d11b0897517260cb2905f497ef634b5463fe1d771055ac8,21ac91a18c52fdb5a56ee79ef088a36cdaa81f5c2340731950f6a273524fcd1d
sourceafis,validation,impostor,108,108_2,109_4,31,25,,,4,303.68,42d58b06338c666e0d11b0897517260cb2905f497ef634b5463fe1d771055ac8,d281cb724c31395bad82b285174f878e2ec2039c14b340d70b34f100f0a7f521
sourceafis,validation,impostor,108,108_2,109_5,31,32,,,4,327.38,42d58b06338c666e0d11b0897517260cb2905f497ef634b5463fe1d771055ac8,1190adeb9c61dcb07022589cc4afef325266cbccebce38dd2a23dc0b482bb081
sourceafis,validation,impostor,108,108_2,109_6,31,26,,,5,305.21,42d58b06338c666e0d11b0897517260cb2905f497ef634b5463fe1d771055ac8,fd2fa9adc0851cc5531fd138f2c89142bc0a39eb591923a575392f9c4a414d24
sourceafis,validation,impostor,108,108_2,109_7,31,28,,,5,305.05,42d58b06338c666e0d11b0897517260cb2905f497ef634b5463fe1d771055ac8,05831fd331ba585db2f8c0d34a913d64c236ec1b8fa298b11f2024982df9579a
sourceafis,validation,impostor,108,108_2,109_8,31,29,,,9,309.84,42d58b06338c666e0d11b0897517260cb2905f497ef634b5463fe1d771055ac8,1a4df7fe5be180cc33c2e6fae324846ab1a3701cc1ca5b74a6c4b9b1afccb848
sourceafis,validation,impostor,108,108_3,109_4,33,25,,,5,296.71,938ced3b7d265e1daaf1b05a01557b957c9ae8c55af3d4d9d7f48b7e94f9351b,d281cb724c31395bad82b285174f878e2ec2039c14b340d70b34f100f0a7f521
sourceafis,validation,impostor,108,108_3,109_5,33,32,,,4,300.9,938ced3b7d265e1daaf1b05a01557b957c9ae8c55af3d4d9d7f48b7e94f9351b,1190adeb9c61dcb07022589cc4afef325266cbccebce38dd2a23dc0b482bb081
sourceafis,validation,impostor,108,108_3,109_6,33,26,,,7,298.18,938ced3b7d265e1daaf1b05a01557b957c9ae8c55af3d4d9d7f48b7e94f9351b,fd2fa9adc0851cc5531fd138f2c89142bc0a39eb591923a575392f9c4a414d24
sourceafis,validation,impostor,108,108_3,109_7,33,28,,,4,302.81,938ced3b7d265e1daaf1b05a01557b957c9ae8c55af3d4d9d7f48b7e94f9351b,05831fd331ba585db2f8c0d34a913d64c236ec1b8fa298b11f2024982df9579a
sourceafis,validation,impostor,108,108_3,109_8,33,29,,,6,271.53,938ced3b7d265e1daaf1b05a01557b957c9ae8c55af3d4d9d7f48b7e94f9351b,1a4df7fe5be180cc33c2e6fae324846ab1a3701cc1ca5b74a6c4b9b1afccb848
sourceafis,validation,impostor,108,108_4,109_5,33,32,,,9,276.12,78bad014c8403ea7a32a877a9b687912155c85d4497695d5487bca6ac3c2f5a3,1190adeb9c61dcb07022589cc4afef325266cbccebce38dd2a23dc0b482bb081
sourceafis,validation,impostor,108,108_4,109_6,33,26,,,6,302.24,78bad014c8403ea7a32a877a9b687912155c85d4497695d5487bca6ac3c2f5a3,fd2fa9adc0851cc5531fd138f2c89142bc0a39eb591923a575392f9c4a414d24
sourceafis,validation,impostor,108,108_4,109_7,33,28,,,4,292.42,78bad014c8403ea7a32a877a9b687912155c85d4497695d5487bca6ac3c2f5a3,05831fd331ba585db2f8c0d34a913d64c236ec1b8fa298b11f2024982df9579a
sourceafis,validation,impostor,108,108_4,109_8,33,29,,,4,286.81,78bad014c8403ea7a32a877a9b687912155c85d4497695d5487bca6ac3c2f5a3,1a4df7fe5be180cc33c2e6fae324846ab1a3701cc1ca5b74a6c4b9b1afccb848
sourceafis,validation,impostor,108,108_5,109_6,40,26,,,8,440.68,ece2849c6d5fc5d82fef475fe53da13dc3a0aa92b9ea2032490774dae5fcb869,fd2fa9adc0851cc5531fd138f2c89142bc0a39eb591923a575392f9c4a414d24
sourceafis,validation,impostor,108,108_5,109_7,40,28,,,5,308.58,ece2849c6d5fc5d82fef475fe53da13dc3a0aa92b9ea2032490774dae5fcb869,05831fd331ba585db2f8c0d34a913d64c236ec1b8fa298b11f2024982df9579a
sourceafis,validation,impostor,108,108_5,109_8,40,29,,,8,408.05,ece2849c6d5fc5d82fef475fe53da13dc3a0aa92b9ea2032490774dae5fcb869,1a4df7fe5be180cc33c2e6fae324846ab1a3701cc1ca5b74a6c4b9b1afccb848
sourceafis,validation,impostor,108,108_6,109_7,45,28,,,9,288.79,e00dbe4e95c42ca670add1685e53864c097be23f5e9f7d8a9db973abc97b944d,05831fd331ba585db2f8c0d34a913d64c236ec1b8fa298b11f2024982df9579a
sourceafis,validation,impostor,108,108_6,109_8,45,29,,,11,292.9,e00dbe4e95c42ca670add1685e53864c097be23f5e9f7d8a9db973abc97b944d,1a4df7fe5be180cc33c2e6fae324846ab1a3701cc1ca5b74a6c4b9b1afccb848
sourceafis,validation,impostor,108,108_7,109_8,38,29,,,9,299.99,7a8a6d833e2b760755b435e0742be704103d570a1bb10760ba1e4572dc961bcd,1a4df7fe5be180cc33c2e6fae324846ab1a3701cc1ca5b74a6c4b9b1afccb848
sourceafis,validation,impostor,109,109_1,110_2,40,20,,,3,311.71,84dd7cd1f29345a1aa719d93db15cb57a88c47daa022e41bc34cf4cc0fb99efa,85e99879ffa224c246208c6cbaa7bb0595f6981410adb3cd3d700d3f90520898
sourceafis,validation,impostor,109,109_1,110_3,40,30,,,8,285.04,84dd7cd1f29345a1aa719d93db15cb57a88c47daa022e41bc34cf4cc0fb99efa,d4d7fcc322a0b5e82547fe1cd89a81fc2e91b2da2e52b2a6a18995fef2278836
sourceafis,validation,impostor,109,109_1,110_4,40,30,,,9,300.42,84dd7cd1f29345a1aa719d93db15cb57a88c47daa022e41bc34cf4cc0fb99efa,1e8ba61136079b60004bad15a24b314cf6764ad910c03952da26fd159abde07c
sourceafis,validation,impostor,109,109_1,110_5,40,30,,,6,320.75,84dd7cd1f29345a1aa719d93db15cb57a88c47daa022e41bc34cf4cc0fb99efa,8a69365ececf38f1653f998ac4fa006e0c3596a0fb07227a52bba66d7ff51b12
sourceafis,validation,impostor,109,109_1,110_6,40,32,,,5,294.34,84dd7cd1f29345a1aa719d93db15cb57a88c47daa022e41bc34cf4cc0fb99efa,0afe05f6864c0f5331e3b0b9f94f63a4a3dc103ac82f54e3f222f08bf97dadf0
sourceafis,validation,impostor,109,109_1,110_7,40,29,,,7,312.14,84dd7cd1f29345a1aa719d93db15cb57a88c47daa022e41bc34cf4cc0fb99efa,362e15c94facd04df3ec657e41bc9ee893addbf656e7930d0db67d3b96fada0c
sourceafis,validation,impostor,109,109_1,110_8,40,33,,,7,275.1,84dd7cd1f29345a1aa719d93db15cb57a88c47daa022e41bc34cf4cc0fb99efa,a421c60d8d578675d887632396435e4af70b2bc95b83fb8d970a06ef9b15eca1
sourceafis,validation,impostor,109,109_2,110_3,18,30,,,4,282.66,16bf1025db90f678f4bb8655f9238bfe0ce6b954574f813ca2c330bfccb97020,d4d7fcc322a0b5e82547fe1cd89a81fc2e91b2da2e52b2a6a18995fef2278836
sourceafis,validation,impostor,109,109_2,110_4,18,30,,,7,303.23,16bf1025db90f678f4bb8655f9238bfe0ce6b954574f813ca2c330bfccb97020,1e8ba61136079b60004bad15a24b314cf6764ad910c03952da26fd159abde07c
sourceafis,validation,impostor,109,109_2,110_5,18,30,,,3,288.35,16bf1025db90f678f4bb8655f9238bfe0ce6b954574f813ca2c330bfccb97020,8a69365ececf38f1653f998ac4fa006e0c3596a0fb07227a52bba66d7ff51b12
sourceafis,validation,impostor,109,109_2,110_6,18,32,,,4,316.7,16bf1025db90f678f4bb8655f9238bfe0ce6b954574f813ca2c330bfccb97020,0afe05f6864c0f5331e3b0b9f94f63a4a3dc103ac82f54e3f222f08bf97dadf0
sourceafis,validation,impostor,109,109_2,110_7,18,29,,,4,290.02,16bf1025db90f678f4bb8655f9238bfe0ce6b954574f813ca2c330bfccb97020,362e15c94facd04df3ec657e41bc9ee893addbf656e7930d0db67d3b96fada0c
sourceafis,validation,impostor,109,109_2,110_8,18,33,,,4,299.86,16bf1025db90f678f4bb8655f9238bfe0ce6b954574f813ca2c330bfccb97020,a421c60d8d578675d887632396435e4af70b2bc95b83fb8d970a06ef9b15eca1
sourceafis,validation,impostor,109,109_3,110_4,29,30,,,10,397.64,21ac91a18c52fdb5a56ee79ef088a36cdaa81f5c2340731950f6a273524fcd1d,1e8ba61136079b60004bad15a24b314cf6764ad910c03952da26fd159abde07c
sourceafis,validation,impostor,109,109_3,110_5,29,30,,,4,273.45,21ac91a18c52fdb5a56ee79ef088a36cdaa81f5c2340731950f6a273524fcd1d,8a69365ececf38f1653f998ac4fa006e0c3596a0fb07227a52bba66d7ff51b12
sourceafis,validation,impostor,109,109_3,110_6,29,32,,,7,318.61,21ac91a18c52fdb5a56ee79ef088a36cdaa81f5c2340731950f6a273524fcd1d,0afe05f6864c0f5331e3b0b9f94f63a4a3dc103ac82f54e3f222f08bf97dadf0
sourceafis,validation,impostor,109,109_3,110_7,29,29,,,6,300.48,21ac91a18c52fdb5a56ee79ef088a36cdaa81f5c2340731950f6a273524fcd1d,362e15c94facd04df3ec657e41bc9ee893addbf656e7930d0db67d3b96fada0c
sourceafis,validation,impostor,109,109_3,110_8,29,33,,,6,310.51,21ac91a18c52fdb5a56ee79ef088a36cdaa81f5c2340731950f6a273524fcd1d,a421c60d8d578675d887632396435e4af70b2bc95b83fb8d970a06ef9b15eca1
sourceafis,validation,impostor,109,109_4,110_5,25,30,,,3,308.27,d281cb724c31395bad82b285174f878e2ec2039c14b340d70b34f100f0a7f521,8a69365ececf38f1653f998ac4fa006e0c3596a0fb07227a52bba66d7ff51b12
sourceafis,validation,impostor,109,109_4,110_6,25,32,,,4,269.65,d281cb724c31395bad82b285174f878e2ec2039c14b340d70b34f100f0a7f521,0afe05f6864c0f5331e3b0b9f94f63a4a3dc103ac82f54e3f222f08bf97dadf0
sourceafis,validation,impostor,109,109_4,110_7,25,29,,,3,289.65,d281cb724c31395bad82b285174f878e2ec2039c14b340d70b34f100f0a7f521,362e15c94facd04df3ec657e41bc9ee893addbf656e7930d0db67d3b96fada0c
sourceafis,validation,impostor,109,109_4,110_8,25,33,,,6,250.92,d281cb724c31395bad82b285174f878e2ec2039c14b340d70b34f100f0a7f521,a421c60d8d578675d887632396435e4af70b2bc95b83fb8d970a06ef9b15eca1
sourceafis,validation,impostor,109,109_5,110_6,32,32,,,5,312.87,1190adeb9c61dcb07022589cc4afef325266cbccebce38dd2a23dc0b482bb081,0afe05f6864c0f5331e3b0b9f94f63a4a3dc103ac82f54e3f222f08bf97dadf0
sourceafis,validation,impostor,109,109_5,110_7,32,29,,,3,316.45,1190adeb9c61dcb07022589cc4afef325266cbccebce38dd2a23dc0b482bb081,362e15c94facd04df3ec657e41bc9ee893addbf656e7930d0db67d3b96fada0c
sourceafis,validation,impostor,109,109_5,110_8,32,33,,,6,293.55,1190adeb9c61dcb07022589cc4afef325266cbccebce38dd2a23dc0b482bb081,a421c60d8d578675d887632396435e4af70b2bc95b83fb8d970a06ef9b15eca1
sourceafis,validation,impostor,109,109_6,110_7,26,29,,,5,309.5,fd2fa9adc0851cc5531fd138f2c89142bc0a39eb591923a575392f9c4a414d24,362e15c94facd04df3ec657e41bc9ee893addbf656e7930d0db67d3b96fada0c
sourceafis,validation,impostor,109,109_6,110_8,26,33,,,9,260.9,fd2fa9adc0851cc5531fd138f2c89142bc0a39eb591923a575392f9c4a414d24,a421c60d8d578675d887632396435e4af70b2bc95b83fb8d970a06ef9b15eca1
sourceafis,validation,impostor,109,109_7,110_8,28,33,,,4,275.68,05831fd331ba585db2f8c0d34a913d64c236ec1b8fa298b11f2024982df9579a,a421c60d8d578675d887632396435e4af70b2bc95b83fb8d970a06ef9b15eca1
sourceafis,validation,impostor,110,110_1,101_2,29,42,,,4,255.91,68bca56d6d35f6f0a8c1489564ea97d5738362e266f5670a69d14b23934a2dbb,4aabb4d65a28b56e0972aade044b70ececeef26d6760c0c27f12b40f0012556f
sourceafis,validation,impostor,110,110_1,101_3,29,24,,,3,296.15,68bca56d6d35f6f0a8c1489564ea97d5738362e266f5670a69d14b23934a2dbb,4c22f3a04a590ae26532f23d3485ec3f52739731e7dfec071fbf352cc43c4810
sourceafis,validation,impostor,110,110_1,101_4,29,71,,,4,387.94,68bca56d6d35f6f0a8c1489564ea97d5738362e266f5670a69d14b23934a2dbb,122dbb9a32571a35e6d55e2a6ccc882b61337b3a9b755c63c28f3324aca77151
sourceafis,validation,impostor,110,110_1,101_5,29,47,,,8,295.5,68bca56d6d35f6f0a8c1489564ea97d5738362e266f5670a69d14b23934a2dbb,97af114bc7552cf3774a25d6b1889c503d0954a5933cf5c100431a3d4d0321d3
sourceafis,validation,impostor,110,110_1,101_6,29,44,,,8,321,68bca56d6d35f6f0a8c1489564ea97d5738362e266f5670a69d14b23934a2dbb,9345470dade59f65098836d8a512d4a3492e3f8bbd0c7b30f8b15d9bc95fba52
sourceafis,validation,impostor,110,110_1,101_7,29,29,,,5,273.37,68bca56d6d35f6f0a8c1489564ea97d5738362e266f5670a69d14b23934a2dbb,82663dd77ab163c462b820fc3c3087d5cf5e8011554daadcd6df412609c8f708
sourceafis,validation,impostor,110,110_1,101_8,29,41,,,6,288.12,68bca56d6d35f6f0a8c1489564ea97d5738362e266f5670a69d14b23934a2dbb,c89e6612e315373aedde6197549741f1a627d88d51e029c9103104eee2f00961
sourceafis,validation,impostor,110,110_2,101_3,20,24,,,3,285.33,85e99879ffa224c246208c6cbaa7bb0595f6981410adb3cd3d700d3f90520898,4c22f3a04a590ae26532f23d3485ec3f52739731e7dfec071fbf352cc43c4810
sourceafis,validation,impostor,110,110_2,101_4,20,71,,,4,314.3,85e99879ffa224c246208c6cbaa7bb0595f6981410adb3cd3d700d3f90520898,122dbb9a32571a35e6d55e2a6ccc882b61337b3a9b755c63c28f3324aca77151
sourceafis,validation,impostor,110,110_2,101_5,20,47,,,5,317.9,85e99879ffa224c246208c6cbaa7bb0595f6981410adb3cd3d700d3f90520898,97af114bc7552cf3774a25d6b1889c503d0954a5933cf5c100431a3d4d0321d3
sourceafis,validation,impostor,110,110_2,101_6,20,44,,,7,293.11,85e99879ffa224c246208c6cbaa7bb0595f6981410adb3cd3d700d3f90520898,9345470dade59f65098836d8a512d4a3492e3f8bbd0c7b30f8b15d9bc95fba52
sourceafis,validation,impostor,110,110_2,101_7,20,29,,,3,324.26,85e99879ffa224c246208c6cbaa7bb0595f6981410adb3cd3d700d3f90520898,82663dd77ab163c462b820fc3c3087d5cf5e8011554daadcd6df412609c8f708
sourceafis,validation,impostor,110,110_2,101_8,20,41,,,3,317.79,85e99879ffa224c246208c6cbaa7bb0595f6981410adb3cd3d700d3f90520898,c89e6612e315373aedde6197549741f1a627d88d51e029c9103104eee2f00961
sourceafis,validation,impostor,110,110_3,101_4,30,71,,,4,313.31,d4d7fcc322a0b5e82547fe1cd89a81fc2e91b2da2e52b2a6a18995fef2278836,122dbb9a32571a35e6d55e2a6ccc882b61337b3a9b755c63c28f3324aca77151
sourceafis,validation,impostor,110,110_3,101_5,30,47,,,8,361.24,d4d7fcc322a0b5e82547fe1cd89a81fc2e91b2da2e52b2a6a18995fef2278836,97af114bc7552cf3774a25d6b1889c503d0954a5933cf5c100431a3d4d0321d3
sourceafis,validation,impostor,110,110_3,101_6,30,44,,,8,338.11,d4d7fcc322a0b5e82547fe1cd89a81fc2e91b2da2e52b2a6a18995fef2278836,9345470dade59f65098836d8a512d4a3492e3f8bbd0c7b30f8b15d9bc95fba52
sourceafis,validation,impostor,110,110_3,101_7,30,29,,,4,539.28,d4d7fcc322a0b5e82547fe1cd89a81fc2e91b2da2e52b2a6a18995fef2278836,82663dd77ab163c462b820fc3c3087d5cf5e8011554daadcd6df412609c8f708
sourceafis,validation,impostor,110,110_3,101_8,30,41,,,5,355.53,d4d7fcc322a0b5e82547fe1cd89a81fc2e91b2da2e52b2a6a18995fef2278836,c89e6612e315373aedde6197549741f1a627d88d51e029c9103104eee2f00961
sourceafis,validation,impostor,110,110_4,101_5,30,47,,,8,472.45,1e8ba61136079b60004bad15a24b314cf6764ad910c03952da26fd159abde07c,97af114bc7552cf3774a25d6b1889c503d0954a5933cf5c100431a3d4d0321d3
sourceafis,validation,impostor,110,110_4,101_6,30,44,,,17,305.23,1e8ba61136079b60004bad15a24b314cf6764ad910c03952da26fd159abde07c,9345470dade59f65098836d8a512d4a3492e3f8bbd0c7b30f8b15d9bc95fba52
sourceafis,validation,impostor,110,110_4,101_7,30,29,,,12,301.52,1e8ba61136079b60004bad15a24b314cf6764ad910c03952da26fd159abde07c,82663dd77ab163c462b820fc3c3087d5cf5e8011554daadcd6df412609c8f708
sourceafis,validation,impostor,110,110_4,101_8,30,41,,,9,267.32,1e8ba61136079b60004bad15a24b314cf6764ad910c03952da26fd159abde07c,c89e6612e315373aedde6197549741f1a627d88d51e029c9103104eee2f00961
sourceafis,validation,impostor,110,110_5,101_6,30,44,,,7,272.79,8a69365ececf38f1653f998ac4fa006e0c3596a0fb07227a52bba66d7ff51b12,9345470dade59f65098836d8a512d4a3492e3f8bbd0c7b30f8b15d9bc95fba52
sourceafis,validation,impostor,110,110_5,101_7,30,29,,,8,297.12,8a69365ececf38f1653f998ac4fa006e0c3596a0fb07227a52bba66d7ff51b12,82663dd77ab163c462b820fc3c3087d5cf5e8011554daadcd6df412609c8f708
sourceafis,validation,impostor,110,110_5,101_8,30,41,,,8,312.57,8a69365ececf38f1653f998ac4fa006e0c3596a0fb07227a52bba66d7ff51b12,c89e6612e315373aedde6197549741f1a627d88d51e029c9103104eee2f00961
sourceafis,validation,impostor,110,110_6,101_7,32,29,,,5,265.83,0afe05f6864c0f5331e3b0b9f94f63a4a3dc103ac82f54e3f222f08bf97dadf0,82663dd77ab163c462b820fc3c3087d5cf5e8011554daadcd6df412609c8f708
sourceafis,validation,impostor,110,110_6,101_8,32,41,,,4,282.12,0afe05f6864c0f5331e3b0b9f94f63a4a3dc103ac82f54e3f222f08bf97dadf0,c89e6612e315373aedde6197549741f1a627d88d51e029c9103104eee2f00961
sourceafis,validation,impostor,110,110_7,101_8,29,41,,,5,301.88,362e15c94facd04df3ec657e41bc9ee893addbf656e7930d0db67d3b96fada0c,c89e6612e315373aedde6197549741f1a627d88d51e029c9103104eee2f00961
legacy,train,genuine,101,101_1,101_2,140,140,70,76,295,466.74,c6f429d92e48f30f5716e8c7cc199a1f7f6623c9514705d661acf8b0e364a45a,7fe2df44ffd7e70310b78e590388cb9ad69567d004f36a7ca6d183137e981dd3
legacy,train,genuine,101,101_1,101_3,140,140,70,71,18,459.81,c6f429d92e48f30f5716e8c7cc199a1f7f6623c9514705d661acf8b0e364a45a,868ba2378c8c3b528d348f71960a20a1669f5b8662527a0dbfb5067b2c7e7e05
legacy,train,genuine,101,101_1,101_4,140,140,70,72,271,467.42,c6f429d92e48f30f5716e8c7cc199a1f7f6623c9514705d661acf8b0e364a45a,48aecebf751b608790fc7c0f57ce6c1da4030263b7e6f6cbd47418b026bb4bd7
legacy,train,genuine,101,101_1,101_5,140,140,70,73,275,1044.09,c6f429d92e48f30f5716e8c7cc199a1f7f6623c9514705d661acf8b0e364a45a,4f8324194b729ad6ec2d08d58a9bbba3d85a1d1d4e16487c1fead278795388fc
legacy,train,genuine,101,101_1,101_6,140,140,70,74,85,568.11,c6f429d92e48f30f5716e8c7cc199a1f7f6623c9514705d661acf8b0e364a45a,4b42e59a7336be4817774e9ec0e9c4aaa3e45f556a03b75f190aacc6a4067581
legacy,train,genuine,101,101_1,101_7,140,140,70,74,254,865.52,c6f429d92e48f30f5716e8c7cc199a1f7f6623c9514705d661acf8b0e364a45a,22012d41b299c696726703c188e374c1678cce37d06640c083f7f45d48d32c0a
legacy,train,genuine,101,101_1,101_8,140,140,70,72,241,477.11,c6f429d92e48f30f5716e8c7cc199a1f7f6623c9514705d661acf8b0e364a45a,2cd89d2aef9c8e0ab5eb14d47574d934101e98aa98f334bb0d48fbd65bb15031
legacy,train,genuine,101,101_2,101_3,140,140,76,71,17,459.75,7fe2df44ffd7e70310b78e590388cb9ad69567d004f36a7ca6d183137e981dd3,868ba2378c8c3b528d348f71960a20a1669f5b8662527a0dbfb5067b2c7e7e05
legacy,train,genuine,101,101_2,101_4,140,140,76,72,265,484.7,7fe2df44ffd7e70310b78e590388cb9ad69567d004f36a7ca6d183137e981dd3,48aecebf751b608790fc7c0f57ce6c1da4030263b7e6f6cbd47418b026bb4bd7
legacy,train,genuine,101,101_2,101_5,140,140,76,73,282,923.56,7fe2df44ffd7e70310b78e590388cb9ad69567d004f36a7ca6d183137e981dd3,4f8324194b729ad6ec2d08d58a9bbba3d85a1d1d4e16487c1fead278795388fc
legacy,train,genuine,101,101_2,101_6,140,140,76,74,22,437.05,7fe2df44ffd7e70310b78e590388cb9ad69567d004f36a7ca6d183137e981dd3,4b42e59a7336be4817774e9ec0e9c4aaa3e45f556a03b75f190aacc6a4067581
legacy,train,genuine,101,101_2,101_7,140,140,76,74,245,969.5,7fe2df44ffd7e70310b78e590388cb9ad69567d004f36a7ca6d183137e981dd3,22012d41b299c696726703c188e374c1678cce37d06640c083f7f45d48d32c0a
legacy,train,genuine,101,101_2,101_8,140,140,76,72,253,479.73,7fe2df44ffd7e70310b78e590388cb9ad69567d004f36a7ca6d183137e981dd3,2cd89d2aef9c8e0ab5eb14d47574d934101e98aa98f334bb0d48fbd65bb15031
legacy,train,genuine,101,101_3,101_4,140,140,71,72,24,429,868ba2378c8c3b528d348f71960a20a1669f5b8662527a0dbfb5067b2c7e7e05,48aecebf751b608790fc7c0f57ce6c1da4030263b7e6f6cbd47418b026bb4bd7
legacy,train,genuine,101,101_3,101_5,140,140,71,73,21,513.82,868ba2378c8c3b528d348f71960a20a1669f5b8662527a0dbfb5067b2c7e7e05,4f8324194b729ad6ec2d08d58a9bbba3d85a1d1d4e16487c1fead278795388fc
legacy,train,genuine,101,101_3,101_6,140,140,71,74,44,564.83,868ba2378c8c3b528d348f71960a20a1669f5b8662527a0dbfb5067b2c7e7e05,4b42e59a7336be4817774e9ec0e9c4aaa3e45f556a03b75f190aacc6a4067581
legacy,train,genuine,101,101_3,101_7,140,140,71,74,38,581.38,868ba2378c8c3b528d348f71960a20a1669f5b8662527a0dbfb5067b2c7e7e05,22012d41b299c696726703c188e374c1678cce37d06640c083f7f45d48d32c0a
legacy,train,genuine,101,101_3,101_8,140,140,71,72,15,429.79,868ba2378c8c3b528d348f71960a20a1669f5b8662527a0dbfb5067b2c7e7e05,2cd89d2aef9c8e0ab5eb14d47574d934101e98aa98f334bb0d48fbd65bb15031
legacy,train,genuine,101,101_4,101_5,140,140,72,73,274,1069.44,48aecebf751b608790fc7c0f57ce6c1da4030263b7e6f6cbd47418b026bb4bd7,4f8324194b729ad6ec2d08d58a9bbba3d85a1d1d4e16487c1fead278795388fc
legacy,train,genuine,101,101_4,101_6,140,140,72,74,93,613.26,48aecebf751b608790fc7c0f57ce6c1da4030263b7e6f6cbd47418b026bb4bd7,4b42e59a7336be4817774e9ec0e9c4aaa3e45f556a03b75f190aacc6a4067581
legacy,train,genuine,101,101_4,101_7,140,140,72,74,248,1327.15,48aecebf751b608790fc7c0f57ce6c1da4030263b7e6f6cbd47418b026bb4bd7,22012d41b299c696726703c188e374c1678cce37d06640c083f7f45d48d32c0a
legacy,train,genuine,101,101_4,101_8,140,140,72,72,251,657.09,48aecebf751b608790fc7c0f57ce6c1da4030263b7e6f6cbd47418b026bb4bd7,2cd89d2aef9c8e0ab5eb14d47574d934101e98aa98f334bb0d48fbd65bb15031
legacy,train,genuine,101,101_5,101_6,140,140,73,74,18,438.9,4f8324194b729ad6ec2d08d58a9bbba3d85a1d1d4e16487c1fead278795388fc,4b42e59a7336be4817774e9ec0e9c4aaa3e45f556a03b75f190aacc6a4067581
legacy,train,genuine,101,101_5,101_7,140,140,73,74,166,503.15,4f8324194b729ad6ec2d08d58a9bbba3d85a1d1d4e16487c1fead278795388fc,22012d41b299c696726703c188e374c1678cce37d06640c083f7f45d48d32c0a
legacy,train,genuine,101,101_5,101_8,140,140,73,72,246,445.12,4f8324194b729ad6ec2d08d58a9bbba3d85a1d1d4e16487c1fead278795388fc,2cd89d2aef9c8e0ab5eb14d47574d934101e98aa98f334bb0d48fbd65bb15031
legacy,train,genuine,101,101_6,101_7,140,140,74,74,22,390.39,4b42e59a7336be4817774e9ec0e9c4aaa3e45f556a03b75f190aacc6a4067581,22012d41b299c696726703c188e374c1678cce37d06640c083f7f45d48d32c0a
legacy,train,genuine,101,101_6,101_8,140,140,74,72,22,538.61,4b42e59a7336be4817774e9ec0e9c4aaa3e45f556a03b75f190aacc6a4067581,2cd89d2aef9c8e0ab5eb14d47574d934101e98aa98f334bb0d48fbd65bb15031
legacy,train,genuine,101,101_7,101_8,140,140,74,72,231,595.1,22012d41b299c696726703c188e374c1678cce37d06640c083f7f45d48d32c0a,2cd89d2aef9c8e0ab5eb14d47574d934101e98aa98f334bb0d48fbd65bb15031
legacy,train,genuine,102,102_1,102_2,140,140,83,80,16,440.91,a8de9190aac62da312388072e34d8ece564e80f89b70321ccc65ec90a5a1792b,7970df3f17c32d19f53f9a1532610d7706261b1d61c68da56133df8196f327f3
legacy,train,genuine,102,102_1,102_3,140,140,83,80,322,1915.49,a8de9190aac62da312388072e34d8ece564e80f89b70321ccc65ec90a5a1792b,9f2fe0dd36d0909156e3b8e4fe8e51c05b706cd1589924740bba07dc179ce5ad
legacy,train,genuine,102,102_1,102_4,140,140,83,81,294,1027.39,a8de9190aac62da312388072e34d8ece564e80f89b70321ccc65ec90a5a1792b,f341b6f74bc4001d7a8a71da2dd85c3d4c13404c739ea1b9e336f7379cfebca3
legacy,train,genuine,102,102_1,102_5,140,140,83,80,285,469.63,a8de9190aac62da312388072e34d8ece564e80f89b70321ccc65ec90a5a1792b,5afebcfed489b64ac55fb270b4293445ee1c992e805d7cc9343aa2c39836dd9a
legacy,train,genuine,102,102_1,102_6,140,140,83,80,294,1567.14,a8de9190aac62da312388072e34d8ece564e80f89b70321ccc65ec90a5a1792b,6db376e76f40d2e348f09a2ebb2266117e8e3547005620884b026f764a749b7f
legacy,train,genuine,102,102_1,102_7,140,140,83,81,325,712.09,a8de9190aac62da312388072e34d8ece564e80f89b70321ccc65ec90a5a1792b,9825d7aa7666a484866ea1a3bc88101756f716f75c50746525220b3e243eae0f
legacy,train,genuine,102,102_1,102_8,140,140,83,79,300,976.13,a8de9190aac62da312388072e34d8ece564e80f89b70321ccc65ec90a5a1792b,4bf0a5b670021a0325addff0d90c45d95d75872eae509f6548b305aa8e86ba7d
legacy,train,genuine,102,102_2,102_3,140,140,80,80,301,1084.78,7970df3f17c32d19f53f9a1532610d7706261b1d61c68da56133df8196f327f3,9f2fe0dd36d0909156e3b8e4fe8e51c05b706cd1589924740bba07dc179ce5ad
legacy,train,genuine,102,102_2,102_4,140,140,80,81,14,635.08,7970df3f17c32d19f53f9a1532610d7706261b1d61c68da56133df8196f327f3,f341b6f74bc4001d7a8a71da2dd85c3d4c13404c739ea1b9e336f7379cfebca3
legacy,train,genuine,102,102_2,102_5,140,140,80,80,14,580.49,7970df3f17c32d19f53f9a1532610d7706261b1d61c68da56133df8196f327f3,5afebcfed489b64ac55fb270b4293445ee1c992e805d7cc9343aa2c39836dd9a
legacy,train,genuine,102,102_2,102_6,140,140,80,80,215,667.73,7970df3f17c32d19f53f9a1532610d7706261b1d61c68da56133df8196f327f3,6db376e76f40d2e348f09a2ebb2266117e8e3547005620884b026f764a749b7f
legacy,train,genuine,102,102_2,102_7,140,140,80,81,272,993.04,7970df3f17c32d19f53f9a1532610d7706261b1d61c68da56133df8196f327f3,9825d7aa7666a484866ea1a3bc88101756f716f75c50746525220b3e243eae0f
legacy,train,genuine,102,102_2,102_8,140,140,80,79,16,441.77,7970df3f17c32d19f53f9a1532610d7706261b1d61c68da56133df8196f327f3,4bf0a5b670021a0325addff0d90c45d95d75872eae509f6548b305aa8e86ba7d
legacy,train,genuine,102,102_3,102_4,140,140,80,81,298,1889.21,9f2fe0dd36d0909156e3b8e4fe8e51c05b706cd1589924740bba07dc179ce5ad,f341b6f74bc4001d7a8a71da2dd85c3d4c13404c739ea1b9e336f7379cfebca3
legacy,train,genuine,102,102_3,102_5,140,140,80,80,286,495.8,9f2fe0dd36d0909156e3b8e4fe8e51c05b706cd1589924740bba07dc179ce5ad,5afebcfed489b64ac55fb270b4293445ee1c992e805d7cc9343aa2c39836dd9a
legacy,train,genuine,102,102_3,102_6,140,140,80,80,294,2616.57,9f2fe0dd36d0909156e3b8e4fe8e51c05b706cd1589924740bba07dc179ce5ad,6db376e76f40d2e348f09a2ebb2266117e8e3547005620884b026f764a749b7f
legacy,train,genuine,102,102_3,102_7,140,140,80,81,316,2124.8,9f2fe0dd36d0909156e3b8e4fe8e51c05b706cd1589924740bba07dc179ce5ad,9825d7aa7666a484866ea1a3bc88101756f716f75c50746525220b3e243eae0f
legacy,train,genuine,102,102_3,102_8,140,140,80,79,310,2065.65,9f2fe0dd36d0909156e3b8e4fe8e51c05b706cd1589924740bba07dc179ce5ad,4bf0a5b670021a0325addff0d90c45d95d75872eae509f6548b305aa8e86ba7d
legacy,train,genuine,102,102_4,102_5,140,140,81,80,286,480.8,f341b6f74bc4001d7a8a71da2dd85c3d4c13404c739ea1b9e336f7379cfebca3,5afebcfed489b64ac55fb270b4293445ee1c992e805d7cc9343aa2c39836dd9a
legacy,train,genuine,102,102_4,102_6,140,140,81,80,308,1700.59,f341b6f74bc4001d7a8a71da2dd85c3d4c13404c739ea1b9e336f7379cfebca3,6db376e76f40d2e348f09a2ebb2266117e8e3547005620884b026f764a749b7f
legacy,train,genuine,102,102_4,102_7,140,140,81,81,292,1087.79,f341b6f74bc4001d7a8a71da2dd85c3d4c13404c739ea1b9e336f7379cfebca3,9825d7aa7666a484866ea1a3bc88101756f716f75c50746525220b3e243eae0f
legacy,train,genuine,102,102_4,102_8,140,140,81,79,315,988.26,f341b6f74bc4001d7a8a71da2dd85c3d4c13404c739ea1b9e336f7379cfebca3,4bf0a5b670021a0325addff0d90c45d95d75872eae509f6548b305aa8e86ba7d
legacy,train,genuine,102,102_5,102_6,140,140,80,80,286,1858.95,5afebcfed489b64ac55fb270b4293445ee1c992e805d7cc9343aa2c39836dd9a,6db376e76f40d2e348f09a2ebb2266117e8e3547005620884b026f764a749b7f
legacy,train,genuine,102,102_5,102_7,140,140,80,81,284,461.83,5afebcfed489b64ac55fb270b4293445ee1c992e805d7cc9343aa2c39836dd9a,9825d7aa7666a484866ea1a3bc88101756f716f75c50746525220b3e243eae0f
legacy,train,genuine,102,102_5,102_8,140,140,80,79,291,428.47,5afebcfed489b64ac55fb270b4293445ee1c992e805d7cc9343aa2c39836dd9a,4bf0a5b670021a0325addff0d90c45d95d75872eae509f6548b305aa8e86ba7d
legacy,train,genuine,102,102_6,102_7,140,140,80,81,313,2505.69,6db376e76f40d2e348f09a2ebb2266117e8e3547005620884b026f764a749b7f,9825d7aa7666a484866ea1a3bc88101756f716f75c50746525220b3e243eae0f
legacy,train,genuine,102,102_6,102_8,140,140,80,79,296,1989.45,6db376e76f40d2e348f09a2ebb2266117e8e3547005620884b026f764a749b7f,4bf0a5b670021a0325addff0d90c45d95d75872eae509f6548b305aa8e86ba7d
legacy,train,genuine,102,102_7,102_8,140,140,81,79,291,797.99,9825d7aa7666a484866ea1a3bc88101756f716f75c50746525220b3e243eae0f,4bf0a5b670021a0325addff0d90c45d95d75872eae509f6548b305aa8e86ba7d
legacy,train,genuine,103,103_1,103_2,140,140,81,81,282,523.93,79972043d38647d0abc677ecefd26925d7bba87b2063d04a028f9bc05b712f08,0be5cb3b70c03e58128819d3b155df812204037bfca6a4495dd67e4185e21d59
legacy,train,genuine,103,103_1,103_3,140,140,81,81,300,457.1,79972043d38647d0abc677ecefd26925d7bba87b2063d04a028f9bc05b712f08,65134ba0119ee27b9de159b90ae781c6aba43b6f92ebb283261abc74338942df
legacy,train,genuine,103,103_1,103_4,140,140,81,81,293,494.79,79972043d38647d0abc677ecefd26925d7bba87b2063d04a028f9bc05b712f08,851e4b3a55993e6667f5ef230961ad2c3fce3266175dada7ec08e337cf0adba4
legacy,train,genuine,103,103_1,103_5,140,140,81,81,279,424.6,79972043d38647d0abc677ecefd26925d7bba87b2063d04a028f9bc05b712f08,4d0de6fd372e4072668a25a1302fe2a12428f65f60b85f2c74230b72810c4624
legacy,train,genuine,103,103_1,103_6,140,140,81,81,156,512.68,79972043d38647d0abc677ecefd26925d7bba87b2063d04a028f9bc05b712f08,366dc2e626b5809197663c13b8f9c3cd5110d7f6e35d0dea55708e68991e799e
legacy,train,genuine,103,103_1,103_7,140,140,81,79,284,469.82,79972043d38647d0abc677ecefd26925d7bba87b2063d04a028f9bc05b712f08,3b02c9f6cae61d9867bbc9d3ed4fc51e81ce3f3cb2ee9ee48c9590733196999f
legacy,train,genuine,103,103_1,103_8,140,140,81,79,37,519.29,79972043d38647d0abc677ecefd26925d7bba87b2063d04a028f9bc05b712f08,34f3612da2110f3f109059a0de9db09b2e6dfae4c9987d058d96d8f77c6c80cc
legacy,train,genuine,103,103_2,103_3,140,140,81,81,136,645.45,0be5cb3b70c03e58128819d3b155df812204037bfca6a4495dd67e4185e21d59,65134ba0119ee27b9de159b90ae781c6aba43b6f92ebb283261abc74338942df
legacy,train,genuine,103,103_2,103_4,140,140,81,81,18,488.88,0be5cb3b70c03e58128819d3b155df812204037bfca6a4495dd67e4185e21d59,851e4b3a55993e6667f5ef230961ad2c3fce3266175dada7ec08e337cf0adba4
legacy,train,genuine,103,103_2,103_5,140,140,81,81,131,707.64,0be5cb3b70c03e58128819d3b155df812204037bfca6a4495dd67e4185e21d59,4d0de6fd372e4072668a25a1302fe2a12428f65f60b85f2c74230b72810c4624
legacy,train,genuine,103,103_2,103_6,140,140,81,81,16,438.56,0be5cb3b70c03e58128819d3b155df812204037bfca6a4495dd67e4185e21d59,366dc2e626b5809197663c13b8f9c3cd5110d7f6e35d0dea55708e68991e799e
legacy,train,genuine,103,103_2,103_7,140,140,81,79,256,473.66,0be5cb3b70c03e58128819d3b155df812204037bfca6a4495dd67e4185e21d59,3b02c9f6cae61d9867bbc9d3ed4fc51e81ce3f3cb2ee9ee48c9590733196999f
legacy,train,genuine,103,103_2,103_8,140,140,81,79,26,443.26,0be5cb3b70c03e58128819d3b155df812204037bfca6a4495dd67e4185e21d59,34f3612da2110f3f109059a0de9db09b2e6dfae4c9987d058d96d8f77c6c80cc
legacy,train,genuine,103,103_3,103_4,140,140,81,81,291,462.62,65134ba0119ee27b9de159b90ae781c6aba43b6f92ebb283261abc74338942df,851e4b3a55993e6667f5ef230961ad2c3fce3266175dada7ec08e337cf0adba4
legacy,train,genuine,103,103_3,103_5,140,140,81,81,303,958.97,65134ba0119ee27b9de159b90ae781c6aba43b6f92ebb283261abc74338942df,4d0de6fd372e4072668a25a1302fe2a12428f65f60b85f2c74230b72810c4624
legacy,train,genuine,103,103_3,103_6,140,140,81,81,27,539.81,65134ba0119ee27b9de159b90ae781c6aba43b6f92ebb283261abc74338942df,366dc2e626b5809197663c13b8f9c3cd5110d7f6e35d0dea55708e68991e799e
legacy,train,genuine,103,103_3,103_7,140,140,81,79,284,478.44,65134ba0119ee27b9de159b90ae781c6aba43b6f92ebb283261abc74338942df,3b02c9f6cae61d9867bbc9d3ed4fc51e81ce3f3cb2ee9ee48c9590733196999f
legacy,train,genuine,103,103_3,103_8,140,140,81,79,24,524.43,65134ba0119ee27b9de159b90ae781c6aba43b6f92ebb283261abc74338942df,34f3612da2110f3f109059a0de9db09b2e6dfae4c9987d058d96d8f77c6c80cc
legacy,train,genuine,103,103_4,103_5,140,140,81,81,264,459.33,851e4b3a55993e6667f5ef230961ad2c3fce3266175dada7ec08e337cf0adba4,4d0de6fd372e4072668a25a1302fe2a12428f65f60b85f2c74230b72810c4624
legacy,train,genuine,103,103_4,103_6,140,140,81,81,26,537.27,851e4b3a55993e6667f5ef230961ad2c3fce3266175dada7ec08e337cf0adba4,366dc2e626b5809197663c13b8f9c3cd5110d7f6e35d0dea55708e68991e799e
legacy,train,genuine,103,103_4,103_7,140,140,81,79,274,458.26,851e4b3a55993e6667f5ef230961ad2c3fce3266175dada7ec08e337cf0adba4,3b02c9f6cae61d9867bbc9d3ed4fc51e81ce3f3cb2ee9ee48c9590733196999f
legacy,train,genuine,103,103_4,103_8,140,140,81,79,37,684.12,851e4b3a55993e6667f5ef230961ad2c3fce3266175dada7ec08e337cf0adba4,34f3612da2110f3f109059a0de9db09b2e6dfae4c9987d058d96d8f77c6c80cc
legacy,train,genuine,103,103_5,103_6,140,140,81,81,16,442.12,4d0de6fd372e4072668a25a1302fe2a12428f65f60b85f2c74230b72810c4624,366dc2e626b5809197663c13b8f9c3cd5110d7f6e35d0dea55708e68991e799e
legacy,train,genuine,103,103_5,103_7,140,140,81,79,276,441.56,4d0de6fd372e4072668a25a1302fe2a12428f65f60b85f2c74230b72810c4624,3b02c9f6cae61d9867bbc9d3ed4fc51e81ce3f3cb2ee9ee48c9590733196999f
legacy,train,genuine,103,103_5,103_8,140,140,81,79,24,514.76,4d0de6fd372e4072668a25a1302fe2a12428f65f60b85f2c74230b72810c4624,34f3612da2110f3f109059a0de9db09b2e6dfae4c9987d058d96d8f77c6c80cc
legacy,train,genuine,103,103_6,103_7,140,140,81,79,19,507.8,366dc2e626b5809197663c13b8f9c3cd5110d7f6e35d0dea55708e68991e799e,3b02c9f6cae61d9867bbc9d3ed4fc51e81ce3f3cb2ee9ee48c9590733196999f
legacy,train,genuine,103,103_6,103_8,140,140,81,79,18,459.79,366dc2e626b5809197663c13b8f9c3cd5110d7f6e35d0dea55708e68991e799e,34f3612da2110f3f109059a0de9db09b2e6dfae4c9987d058d96d8f77c6c80cc
legacy,train,genuine,103,103_7,103_8,140,140,79,79,23,669.63,3b02c9f6cae61d9867bbc9d3ed4fc51e81ce3f3cb2ee9ee48c9590733196999f,34f3612da2110f3f109059a0de9db09b2e6dfae4c9987d058d96d8f77c6c80cc
legacy,train,genuine,104,104_1,104_2,140,140,75,73,230,537.88,ce8fd2259be4e7536f0ed960053962b71077032602eb8614b9f7aa47cdc1a980,77b3dbea6ea0a81b57d5bc09b0a92a88a82381e067422cd24c6f94e12862ffbd
legacy,train,genuine,104,104_1,104_3,140,140,75,72,265,538.28,ce8fd2259be4e7536f0ed960053962b71077032602eb8614b9f7aa47cdc1a980,d2138ae748e8dadb3e324b7431ab6f056232cecdebf53e99c8658d3414c0d348
legacy,train,genuine,104,104_1,104_4,140,140,75,74,276,484.68,ce8fd2259be4e7536f0ed960053962b71077032602eb8614b9f7aa47cdc1a980,11de29ce41afc0da6c5fa305939fabad8774bd926b1fd529e6767d5bf0affc68
legacy,train,genuine,104,104_1,104_5,140,140,75,70,237,485.61,ce8fd2259be4e7536f0ed960053962b71077032602eb8614b9f7aa47cdc1a980,0b016844c7cd20763aa2af2d8dfd3be02651a01f1a394b670ba574aa80a078b4
legacy,train,genuine,104,104_1,104_6,140,140,75,75,337,486.99,ce8fd2259be4e7536f0ed960053962b71077032602eb8614b9f7aa47cdc1a980,b0706f915a5c71468152eb950b2a86e9a27ab88ee45c0597b2404668d32934a8
legacy,train,genuine,104,104_1,104_7,140,140,75,72,180,474.85,ce8fd2259be4e7536f0ed960053962b71077032602eb8614b9f7aa47cdc1a980,75e01f7006fec66bebd11ccf2228d7a5824dc9fc6c208d6fbab87f3f38e3a47b
legacy,train,genuine,104,104_1,104_8,140,140,75,71,226,1419.82,ce8fd2259be4e7536f0ed960053962b71077032602eb8614b9f7aa47cdc1a980,933a996c2cb53ea4ff6ec68ef7dc4b96fa8f6b31055db73ace146a4d12d0c7b4
legacy,train,genuine,104,104_2,104_3,140,140,73,72,207,524.47,77b3dbea6ea0a81b57d5bc09b0a92a88a82381e067422cd24c6f94e12862ffbd,d2138ae748e8dadb3e324b7431ab6f056232cecdebf53e99c8658d3414c0d348
legacy,train,genuine,104,104_2,104_4,140,140,73,74,218,411.34,77b3dbea6ea0a81b57d5bc09b0a92a88a82381e067422cd24c6f94e12862ffbd,11de29ce41afc0da6c5fa305939fabad8774bd926b1fd529e6767d5bf0affc68
legacy,train,genuine,104,104_2,104_5,140,140,73,70,210,422.46,77b3dbea6ea0a81b57d5bc09b0a92a88a82381e067422cd24c6f94e12862ffbd,0b016844c7cd20763aa2af2d8dfd3be02651a01f1a394b670ba574aa80a078b4
legacy,train,genuine,104,104_2,104_6,140,140,73,75,226,455.53,77b3dbea6ea0a81b57d5bc09b0a92a88a82381e067422cd24c6f94e12862ffbd,b0706f915a5c71468152eb950b2a86e9a27ab88ee45c0597b2404668d32934a8
legacy,train,genuine,104,104_2,104_7,140,140,73,72,163,463.83,77b3dbea6ea0a81b57d5bc09b0a92a88a82381e067422cd24c6f94e12862ffbd,75e01f7006fec66bebd11ccf2228d7a5824dc9fc6c208d6fbab87f3f38e3a47b
legacy,train,genuine,104,104_2,104_8,140,140,73,71,202,422.44,77b3dbea6ea0a81b57d5bc09b0a92a88a82381e067422cd24c6f94e12862ffbd,933a996c2cb53ea4ff6ec68ef7dc4b96fa8f6b31055db73ace146a4d12d0c7b4
legacy,train,genuine,104,104_3,104_4,140,140,72,74,243,444.15,d2138ae748e8dadb3e324b7431ab6f056232cecdebf53e99c8658d3414c0d348,11de29ce41afc0da6c5fa305939fabad8774bd926b1fd529e6767d5bf0affc68
legacy,train,genuine,104,104_3,104_5,140,140,72,70,215,399.14,d2138ae748e8dadb3e324b7431ab6f056232cecdebf53e99c8658d3414c0d348,0b016844c7cd20763aa2af2d8dfd3be02651a01f1a394b670ba574aa80a078b4
legacy,train,genuine,104,104_3,104_6,140,140,72,75,268,449.56,d2138ae748e8dadb3e324b7431ab6f056232cecdebf53e99c8658d3414c0d348,b0706f915a5c71468152eb950b2a86e9a27ab88ee45c0597b2404668d32934a8
legacy,train,genuine,104,104_3,104_7,140,140,72,72,185,408.9,d2138ae748e8dadb3e324b7431ab6f056232cecdebf53e99c8658d3414c0d348,75e01f7006fec66bebd11ccf2228d7a5824dc9fc6c208d6fbab87f3f38e3a47b
legacy,train,genuine,104,104_3,104_8,140,140,72,71,209,656.75,d2138ae748e8dadb3e324b7431ab6f056232cecdebf53e99c8658d3414c0d348,933a996c2cb53ea4ff6ec68ef7dc4b96fa8f6b31055db73ace146a4d12d0c7b4
legacy,train,genuine,104,104_4,104_5,140,140,74,70,230,496.39,11de29ce41afc0da6c5fa305939fabad8774bd926b1fd529e6767d5bf0affc68,0b016844c7cd20763aa2af2d8dfd3be02651a01f1a394b670ba574aa80a078b4
legacy,train,genuine,104,104_4,104_6,140,140,74,75,272,424.3,11de29ce41afc0da6c5fa305939fabad8774bd926b1fd529e6767d5bf0affc68,b0706f915a5c71468152eb950b2a86e9a27ab88ee45c0597b2404668d32934a8
legacy,train,genuine,104,104_4,104_7,140,140,74,72,179,426.78,11de29ce41afc0da6c5fa305939fabad8774bd926b1fd529e6767d5bf0affc68,75e01f7006fec66bebd11ccf2228d7a5824dc9fc6c208d6fbab87f3f38e3a47b
legacy,train,genuine,104,104_4,104_8,140,140,74,71,209,756.64,11de29ce41afc0da6c5fa305939fabad8774bd926b1fd529e6767d5bf0affc68,933a996c2cb53ea4ff6ec68ef7dc4b96fa8f6b31055db73ace146a4d12d0c7b4
legacy,train,genuine,104,104_5,104_6,140,140,70,75,243,447.28,0b016844c7cd20763aa2af2d8dfd3be02651a01f1a394b670ba574aa80a078b4,b0706f915a5c71468152eb950b2a86e9a27ab88ee45c0597b2404668d32934a8
legacy,train,genuine,104,104_5,104_7,140,140,70,72,172,400.37,0b016844c7cd20763aa2af2d8dfd3be02651a01f1a394b670ba574aa80a078b4,75e01f7006fec66bebd11ccf2228d7a5824dc9fc6c208d6fbab87f3f38e3a47b
legacy,train,genuine,104,104_5,104_8,140,140,70,71,210,461.47,0b016844c7cd20763aa2af2d8dfd3be02651a01f1a394b670ba574aa80a078b4,933a996c2cb53ea4ff6ec68ef7dc4b96fa8f6b31055db73ace146a4d12d0c7b4
legacy,train,genuine,104,104_6,104_7,140,140,75,72,187,424.04,b0706f915a5c71468152eb950b2a86e9a27ab88ee45c0597b2404668d32934a8,75e01f7006fec66bebd11ccf2228d7a5824dc9fc6c208d6fbab87f3f38e3a47b
legacy,train,genuine,104,104_6,104_8,140,140,75,71,215,1013.34,b0706f915a5c71468152eb950b2a86e9a27ab88ee45c0597b2404668d32934a8,933a996c2cb53ea4ff6ec68ef7dc4b96fa8f6b31055db73ace146a4d12d0c7b4
legacy,train,genuine,104,104_7,104_8,140,140,72,71,182,475.21,75e01f7006fec66bebd11ccf2228d7a5824dc9fc6c208d6fbab87f3f38e3a47b,933a996c2cb53ea4ff6ec68ef7dc4b96fa8f6b31055db73ace146a4d12d0c7b4
legacy,train,genuine,105,105_1,105_2,140,140,78,78,293,898.86,463a757c635cfad1f880e5278f6fa12e597469b94ade79d5472cbfadb8d3483d,4c8bd0e5dbf7bf39f956db2b98ed245bd31f709866c81e32f30c4cec37c2fc73
legacy,train,genuine,105,105_1,105_3,140,140,78,76,40,482.37,463a757c635cfad1f880e5278f6fa12e597469b94ade79d5472cbfadb8d3483d,1e71ef843613e18e6ed95f0a6f7be6d4fb84763f5cd2aa06e0d2a1bad9e1a81a
legacy,train,genuine,105,105_1,105_4,140,140,78,78,267,2023.71,463a757c635cfad1f880e5278f6fa12e597469b94ade79d5472cbfadb8d3483d,88ecdaa8b90ef03eb16dae13c2706d0076aeae27e9f9de49b9aaf8db7add7e88
legacy,train,genuine,105,105_1,105_5,140,140,78,77,294,442.2,463a757c635cfad1f880e5278f6fa12e597469b94ade79d5472cbfadb8d3483d,b74ea9f09f3dc172b894b9419014e848b2659dd29e23c747b3d9d1e1835325d8
legacy,train,genuine,105,105_1,105_6,140,140,78,77,331,469.57,463a757c635cfad1f880e5278f6fa12e597469b94ade79d5472cbfadb8d3483d,ab04582671a99209b46a8772263d77f22c7675e247283b2fe0d5078350cff0bc
legacy,train,genuine,105,105_1,105_7,140,140,78,77,40,714.21,463a757c635cfad1f880e5278f6fa12e597469b94ade79d5472cbfadb8d3483d,67fda200f8adf578acd1d810a874ce9c626e699087cfd3381eab3d2ed785b107
legacy,train,genuine,105,105_1,105_8,140,140,78,77,271,1501.49,463a757c635cfad1f880e5278f6fa12e597469b94ade79d5472cbfadb8d3483d,04c032c96d03a2f5cb110bc01e9cae24b6ec4611acb362dbf8375d8f2c9ca58b
legacy,train,genuine,105,105_2,105_3,140,140,78,76,24,478.38,4c8bd0e5dbf7bf39f956db2b98ed245bd31f709866c81e32f30c4cec37c2fc73,1e71ef843613e18e6ed95f0a6f7be6d4fb84763f5cd2aa06e0d2a1bad9e1a81a
legacy,train,genuine,105,105_2,105_4,140,140,78,78,269,1448.5,4c8bd0e5dbf7bf39f956db2b98ed245bd31f709866c81e32f30c4cec37c2fc73,88ecdaa8b90ef03eb16dae13c2706d0076aeae27e9f9de49b9aaf8db7add7e88
legacy,train,genuine,105,105_2,105_5,140,140,78,77,266,2071.29,4c8bd0e5dbf7bf39f956db2b98ed245bd31f709866c81e32f30c4cec37c2fc73,b74ea9f09f3dc172b894b9419014e848b2659dd29e23c747b3d9d1e1835325d8
legacy,train,genuine,105,105_2,105_6,140,140,78,77,277,859.6,4c8bd0e5dbf7bf39f956db2b98ed245bd31f709866c81e32f30c4cec37c2fc73,ab04582671a99209b46a8772263d77f22c7675e247283b2fe0d5078350cff0bc
legacy,train,genuine,105,105_2,105_7,140,140,78,77,22,442.66,4c8bd0e5dbf7bf39f956db2b98ed245bd31f709866c81e32f30c4cec37c2fc73,67fda200f8adf578acd1d810a874ce9c626e699087cfd3381eab3d2ed785b107
legacy,train,genuine,105,105_2,105_8,140,140,78,77,150,1032.51,4c8bd0e5dbf7bf39f956db2b98ed245bd31f709866c81e32f30c4cec37c2fc73,04c032c96d03a2f5cb110bc01e9cae24b6ec4611acb362dbf8375d8f2c9ca58b
legacy,train,genuine,105,105_3,105_4,140,140,76,78,59,695.54,1e71ef843613e18e6ed95f0a6f7be6d4fb84763f5cd2aa06e0d2a1bad9e1a81a,88ecdaa8b90ef03eb16dae13c2706d0076aeae27e9f9de49b9aaf8db7add7e88
legacy,train,genuine,105,105_3,105_5,140,140,76,77,17,467.24,1e71ef843613e18e6ed95f0a6f7be6d4fb84763f5cd2aa06e0d2a1bad9e1a81a,b74ea9f09f3dc172b894b9419014e848b2659dd29e23c747b3d9d1e1835325d8
legacy,train,genuine,105,105_3,105_6,140,140,76,77,45,665.03,1e71ef843613e18e6ed95f0a6f7be6d4fb84763f5cd2aa06e0d2a1bad9e1a81a,ab04582671a99209b46a8772263d77f22c7675e247283b2fe0d5078350cff0bc
legacy,train,genuine,105,105_3,105_7,140,140,76,77,53,1088.91,1e71ef843613e18e6ed95f0a6f7be6d4fb84763f5cd2aa06e0d2a1bad9e1a81a,67fda200f8adf578acd1d810a874ce9c626e699087cfd3381eab3d2ed785b107
legacy,train,genuine,105,105_3,105_8,140,140,76,77,23,438.95,1e71ef843613e18e6ed95f0a6f7be6d4fb84763f5cd2aa06e0d2a1bad9e1a81a,04c032c96d03a2f5cb110bc01e9cae24b6ec4611acb362dbf8375d8f2c9ca58b
legacy,train,genuine,105,105_4,105_5,140,140,78,77,263,1830.33,88ecdaa8b90ef03eb16dae13c2706d0076aeae27e9f9de49b9aaf8db7add7e88,b74ea9f09f3dc172b894b9419014e848b2659dd29e23c747b3d9d1e1835325d8
legacy,train,genuine,105,105_4,105_6,140,140,78,77,258,1812.62,88ecdaa8b90ef03eb16dae13c2706d0076aeae27e9f9de49b9aaf8db7add7e88,ab04582671a99209b46a8772263d77f22c7675e247283b2fe0d5078350cff0bc
legacy,train,genuine,105,105_4,105_7,140,140,78,77,40,837.56,88ecdaa8b90ef03eb16dae13c2706d0076aeae27e9f9de49b9aaf8db7add7e88,67fda200f8adf578acd1d810a874ce9c626e699087cfd3381eab3d2ed785b107
legacy,train,genuine,105,105_4,105_8,140,140,78,77,221,1497.09,88ecdaa8b90ef03eb16dae13c2706d0076aeae27e9f9de49b9aaf8db7add7e88,04c032c96d03a2f5cb110bc01e9cae24b6ec4611acb362dbf8375d8f2c9ca58b
legacy,train,genuine,105,105_5,105_6,140,140,77,77,295,490.22,b74ea9f09f3dc172b894b9419014e848b2659dd29e23c747b3d9d1e1835325d8,ab04582671a99209b46a8772263d77f22c7675e247283b2fe0d5078350cff0bc
legacy,train,genuine,105,105_5,105_7,140,140,77,77,18,461.57,b74ea9f09f3dc172b894b9419014e848b2659dd29e23c747b3d9d1e1835325d8,67fda200f8adf578acd1d810a874ce9c626e699087cfd3381eab3d2ed785b107
legacy,train,genuine,105,105_5,105_8,140,140,77,77,259,1678.76,b74ea9f09f3dc172b894b9419014e848b2659dd29e23c747b3d9d1e1835325d8,04c032c96d03a2f5cb110bc01e9cae24b6ec4611acb362dbf8375d8f2c9ca58b
legacy,train,genuine,105,105_6,105_7,140,140,77,77,34,608.27,ab04582671a99209b46a8772263d77f22c7675e247283b2fe0d5078350cff0bc,67fda200f8adf578acd1d810a874ce9c626e699087cfd3381eab3d2ed785b107
legacy,train,genuine,105,105_6,105_8,140,140,77,77,271,1583.47,ab04582671a99209b46a8772263d77f22c7675e247283b2fe0d5078350cff0bc,04c032c96d03a2f5cb110bc01e9cae24b6ec4611acb362dbf8375d8f2c9ca58b
legacy,train,genuine,105,105_7,105_8,140,140,77,77,26,501.16,67fda200f8adf578acd1d810a874ce9c626e699087cfd3381eab3d2ed785b107,04c032c96d03a2f5cb110bc01e9cae24b6ec4611acb362dbf8375d8f2c9ca58b
legacy,validation,genuine,106,106_1,106_2,140,140,74,75,231,658.87,f05cd2d7f67aae517a21a0d924b4ca2ab59b92fea4f7f8f38e47f947d1ce686a,d645a4d9e4ed05a4ca2836a8fb71140b8885e24deb94f052c5c8259e08599b5b
legacy,validation,genuine,106,106_1,106_3,140,140,74,73,252,1139.03,f05cd2d7f67aae517a21a0d924b4ca2ab59b92fea4f7f8f38e47f947d1ce686a,0f045576ca8d3a586dc121cd753cb37748052ce7aaf6f31a88d91295273347ac
legacy,validation,genuine,106,106_1,106_4,140,140,74,75,259,480.54,f05cd2d7f67aae517a21a0d924b4ca2ab59b92fea4f7f8f38e47f947d1ce686a,b1dd8de31c64c180a4218f5d100fc6a06be0ecee89b24ca680830133b7bc0423
legacy,validation,genuine,106,106_1,106_5,140,140,74,71,245,532.04,f05cd2d7f67aae517a21a0d924b4ca2ab59b92fea4f7f8f38e47f947d1ce686a,fc65a45d9dc3004678a0fbdcbc6e9540e68d56b0557ec21b44466ad4dca53f99
legacy,validation,genuine,106,106_1,106_6,140,140,74,72,240,429.14,f05cd2d7f67aae517a21a0d924b4ca2ab59b92fea4f7f8f38e47f947d1ce686a,68861a351f5f0e7de3594a4573c151f4b7d878b3b5f4931875e42053a149bf00
legacy,validation,genuine,106,106_1,106_7,140,140,74,74,244,540.14,f05cd2d7f67aae517a21a0d924b4ca2ab59b92fea4f7f8f38e47f947d1ce686a,0743c35364a148245bdbd1501102c3d02b3b6aa022849d4fce2f59d38230b931
legacy,validation,genuine,106,106_1,106_8,140,140,74,73,247,460.62,f05cd2d7f67aae517a21a0d924b4ca2ab59b92fea4f7f8f38e47f947d1ce686a,c48d34bd099e20bc5701fcdf8d4215652d16accdc0caccf8954f38c467104970
legacy,validation,genuine,106,106_2,106_3,140,140,75,73,29,551.13,d645a4d9e4ed05a4ca2836a8fb71140b8885e24deb94f052c5c8259e08599b5b,0f045576ca8d3a586dc121cd753cb37748052ce7aaf6f31a88d91295273347ac
legacy,validation,genuine,106,106_2,106_4,140,140,75,75,20,469.03,d645a4d9e4ed05a4ca2836a8fb71140b8885e24deb94f052c5c8259e08599b5b,b1dd8de31c64c180a4218f5d100fc6a06be0ecee89b24ca680830133b7bc0423
legacy,validation,genuine,106,106_2,106_5,140,140,75,71,15,474.79,d645a4d9e4ed05a4ca2836a8fb71140b8885e24deb94f052c5c8259e08599b5b,fc65a45d9dc3004678a0fbdcbc6e9540e68d56b0557ec21b44466ad4dca53f99
legacy,validation,genuine,106,106_2,106_6,140,140,75,72,20,608.39,d645a4d9e4ed05a4ca2836a8fb71140b8885e24deb94f052c5c8259e08599b5b,68861a351f5f0e7de3594a4573c151f4b7d878b3b5f4931875e42053a149bf00
legacy,validation,genuine,106,106_2,106_7,140,140,75,74,13,463.99,d645a4d9e4ed05a4ca2836a8fb71140b8885e24deb94f052c5c8259e08599b5b,0743c35364a148245bdbd1501102c3d02b3b6aa022849d4fce2f59d38230b931
legacy,validation,genuine,106,106_2,106_8,140,140,75,73,219,694.08,d645a4d9e4ed05a4ca2836a8fb71140b8885e24deb94f052c5c8259e08599b5b,c48d34bd099e20bc5701fcdf8d4215652d16accdc0caccf8954f38c467104970
legacy,validation,genuine,106,106_3,106_4,140,140,73,75,282,520.08,0f045576ca8d3a586dc121cd753cb37748052ce7aaf6f31a88d91295273347ac,b1dd8de31c64c180a4218f5d100fc6a06be0ecee89b24ca680830133b7bc0423
legacy,validation,genuine,106,106_3,106_5,140,140,73,71,272,494.5,0f045576ca8d3a586dc121cd753cb37748052ce7aaf6f31a88d91295273347ac,fc65a45d9dc3004678a0fbdcbc6e9540e68d56b0557ec21b44466ad4dca53f99
legacy,validation,genuine,106,106_3,106_6,140,140,73,72,268,510.56,0f045576ca8d3a586dc121cd753cb37748052ce7aaf6f31a88d91295273347ac,68861a351f5f0e7de3594a4573c151f4b7d878b3b5f4931875e42053a149bf00
legacy,validation,genuine,106,106_3,106_7,140,140,73,74,269,506.35,0f045576ca8d3a586dc121cd753cb37748052ce7aaf6f31a88d91295273347ac,0743c35364a148245bdbd1501102c3d02b3b6aa022849d4fce2f59d38230b931
legacy,validation,genuine,106,106_3,106_8,140,140,73,73,270,463.41,0f045576ca8d3a586dc121cd753cb37748052ce7aaf6f31a88d91295273347ac,c48d34bd099e20bc5701fcdf8d4215652d16accdc0caccf8954f38c467104970
legacy,validation,genuine,106,106_4,106_5,140,140,75,71,271,467.32,b1dd8de31c64c180a4218f5d100fc6a06be0ecee89b24ca680830133b7bc0423,fc65a45d9dc3004678a0fbdcbc6e9540e68d56b0557ec21b44466ad4dca53f99
legacy,validation,genuine,106,106_4,106_6,140,140,75,72,263,466.77,b1dd8de31c64c180a4218f5d100fc6a06be0ecee89b24ca680830133b7bc0423,68861a351f5f0e7de3594a4573c151f4b7d878b3b5f4931875e42053a149bf00
legacy,validation,genuine,106,106_4,106_7,140,140,75,74,261,450.59,b1dd8de31c64c180a4218f5d100fc6a06be0ecee89b24ca680830133b7bc0423,0743c35364a148245bdbd1501102c3d02b3b6aa022849d4fce2f59d38230b931
legacy,validation,genuine,106,106_4,106_8,140,140,75,73,270,453.1,b1dd8de31c64c180a4218f5d100fc6a06be0ecee89b24ca680830133b7bc0423,c48d34bd099e20bc5701fcdf8d4215652d16accdc0caccf8954f38c467104970
legacy,validation,genuine,106,106_5,106_6,140,140,71,72,263,420.07,fc65a45d9dc3004678a0fbdcbc6e9540e68d56b0557ec21b44466ad4dca53f99,68861a351f5f0e7de3594a4573c151f4b7d878b3b5f4931875e42053a149bf00
legacy,validation,genuine,106,106_5,106_7,140,140,71,74,251,444.08,fc65a45d9dc3004678a0fbdcbc6e9540e68d56b0557ec21b44466ad4dca53f99,0743c35364a148245bdbd1501102c3d02b3b6aa022849d4fce2f59d38230b931
legacy,validation,genuine,106,106_5,106_8,140,140,71,73,272,433.1,fc65a45d9dc3004678a0fbdcbc6e9540e68d56b0557ec21b44466ad4dca53f99,c48d34bd099e20bc5701fcdf8d4215652d16accdc0caccf8954f38c467104970
legacy,validation,genuine,106,106_6,106_7,140,140,72,74,245,427.77,68861a351f5f0e7de3594a4573c151f4b7d878b3b5f4931875e42053a149bf00,0743c35364a148245bdbd1501102c3d02b3b6aa022849d4fce2f59d38230b931
legacy,validation,genuine,106,106_6,106_8,140,140,72,73,269,504.87,68861a351f5f0e7de3594a4573c151f4b7d878b3b5f4931875e42053a149bf00,c48d34bd099e20bc5701fcdf8d4215652d16accdc0caccf8954f38c467104970
legacy,validation,genuine,106,106_7,106_8,140,140,74,73,254,424.16,0743c35364a148245bdbd1501102c3d02b3b6aa022849d4fce2f59d38230b931,c48d34bd099e20bc5701fcdf8d4215652d16accdc0caccf8954f38c467104970
legacy,validation,genuine,107,107_1,107_2,140,140,76,77,267,448.46,3696de3ebf2f0af7205826744e2762ae00dbc4d135e44cd6790d1947c1f8300b,2b80e139907fe755d00daedcd6a715797960ca41ec83c5b6f57988c7e5cdd889
legacy,validation,genuine,107,107_1,107_3,140,140,76,75,239,428.56,3696de3ebf2f0af7205826744e2762ae00dbc4d135e44cd6790d1947c1f8300b,7248e27d86a5d36bbb2fb00010aca5ad2cb32da5ebdd66e7f273d163be2ccd94
legacy,validation,genuine,107,107_1,107_4,140,140,76,75,275,427.78,3696de3ebf2f0af7205826744e2762ae00dbc4d135e44cd6790d1947c1f8300b,f556895e399849a346920a32cad7a8e6421e7c816d79513bedfee476f22b3933
legacy,validation,genuine,107,107_1,107_5,140,140,76,72,229,425.99,3696de3ebf2f0af7205826744e2762ae00dbc4d135e44cd6790d1947c1f8300b,b8510b9fb5867c20739b11c79915076bae169d8730be6cbf41ff3253e3cee440
legacy,validation,genuine,107,107_1,107_6,140,140,76,74,236,417.21,3696de3ebf2f0af7205826744e2762ae00dbc4d135e44cd6790d1947c1f8300b,c7f85ac1e7e6063d333932685d4080d808d52e29a883de1e978c0ea287546c2c
legacy,validation,genuine,107,107_1,107_7,140,140,76,71,243,1309.8,3696de3ebf2f0af7205826744e2762ae00dbc4d135e44cd6790d1947c1f8300b,120c0ff19752ea9ceb04942bef82cba4867bb06329272b843dda32e417b34a72
legacy,validation,genuine,107,107_1,107_8,140,140,76,72,216,1243.71,3696de3ebf2f0af7205826744e2762ae00dbc4d135e44cd6790d1947c1f8300b,df52c710cc6efb2271494277a4f1669a2e9af9fa0c98f5acb48b187b4e81cae1
legacy,validation,genuine,107,107_2,107_3,140,140,77,75,253,465.07,2b80e139907fe755d00daedcd6a715797960ca41ec83c5b6f57988c7e5cdd889,7248e27d86a5d36bbb2fb00010aca5ad2cb32da5ebdd66e7f273d163be2ccd94
legacy,validation,genuine,107,107_2,107_4,140,140,77,75,280,529.77,2b80e139907fe755d00daedcd6a715797960ca41ec83c5b6f57988c7e5cdd889,f556895e399849a346920a32cad7a8e6421e7c816d79513bedfee476f22b3933
legacy,validation,genuine,107,107_2,107_5,140,140,77,72,232,462.35,2b80e139907fe755d00daedcd6a715797960ca41ec83c5b6f57988c7e5cdd889,b8510b9fb5867c20739b11c79915076bae169d8730be6cbf41ff3253e3cee440
legacy,validation,genuine,107,107_2,107_6,140,140,77,74,243,438.43,2b80e139907fe755d00daedcd6a715797960ca41ec83c5b6f57988c7e5cdd889,c7f85ac1e7e6063d333932685d4080d808d52e29a883de1e978c0ea287546c2c
legacy,validation,genuine,107,107_2,107_7,140,140,77,71,141,1530.86,2b80e139907fe755d00daedcd6a715797960ca41ec83c5b6f57988c7e5cdd889,120c0ff19752ea9ceb04942bef82cba4867bb06329272b843dda32e417b34a72
legacy,validation,genuine,107,107_2,107_8,140,140,77,72,188,1422.84,2b80e139907fe755d00daedcd6a715797960ca41ec83c5b6f57988c7e5cdd889,df52c710cc6efb2271494277a4f1669a2e9af9fa0c98f5acb48b187b4e81cae1
legacy,validation,genuine,107,107_3,107_4,140,140,75,75,250,507.29,7248e27d86a5d36bbb2fb00010aca5ad2cb32da5ebdd66e7f273d163be2ccd94,f556895e399849a346920a32cad7a8e6421e7c816d79513bedfee476f22b3933
legacy,validation,genuine,107,107_3,107_5,140,140,75,72,221,413.59,7248e27d86a5d36bbb2fb00010aca5ad2cb32da5ebdd66e7f273d163be2ccd94,b8510b9fb5867c20739b11c79915076bae169d8730be6cbf41ff3253e3cee440
legacy,validation,genuine,107,107_3,107_6,140,140,75,74,235,450.37,7248e27d86a5d36bbb2fb00010aca5ad2cb32da5ebdd66e7f273d163be2ccd94,c7f85ac1e7e6063d333932685d4080d808d52e29a883de1e978c0ea287546c2c
legacy,validation,genuine,107,107_3,107_7,140,140,75,71,181,1251.9,7248e27d86a5d36bbb2fb00010aca5ad2cb32da5ebdd66e7f273d163be2ccd94,120c0ff19752ea9ceb04942bef82cba4867bb06329272b843dda32e417b34a72
legacy,validation,genuine,107,107_3,107_8,140,140,75,72,166,1154.97,7248e27d86a5d36bbb2fb00010aca5ad2cb32da5ebdd66e7f273d163be2ccd94,df52c710cc6efb2271494277a4f1669a2e9af9fa0c98f5acb48b187b4e81cae1
legacy,validation,genuine,107,107_4,107_5,140,140,75,72,231,406.87,f556895e399849a346920a32cad7a8e6421e7c816d79513bedfee476f22b3933,b8510b9fb5867c20739b11c79915076bae169d8730be6cbf41ff3253e3cee440
legacy,validation,genuine,107,107_4,107_6,140,140,75,74,242,428.38,f556895e399849a346920a32cad7a8e6421e7c816d79513bedfee476f22b3933,c7f85ac1e7e6063d333932685d4080d808d52e29a883de1e978c0ea287546c2c
legacy,validation,genuine,107,107_4,107_7,140,140,75,71,138,1546.61,f556895e399849a346920a32cad7a8e6421e7c816d79513bedfee476f22b3933,120c0ff19752ea9ceb04942bef82cba4867bb06329272b843dda32e417b34a72
legacy,validation,genuine,107,107_4,107_8,140,140,75,72,190,1389.67,f556895e399849a346920a32cad7a8e6421e7c816d79513bedfee476f22b3933,df52c710cc6efb2271494277a4f1669a2e9af9fa0c98f5acb48b187b4e81cae1
legacy,validation,genuine,107,107_5,107_6,140,140,72,74,217,403.35,b8510b9fb5867c20739b11c79915076bae169d8730be6cbf41ff3253e3cee440,c7f85ac1e7e6063d333932685d4080d808d52e29a883de1e978c0ea287546c2c
legacy,validation,genuine,107,107_5,107_7,140,140,72,71,210,640.51,b8510b9fb5867c20739b11c79915076bae169d8730be6cbf41ff3253e3cee440,120c0ff19752ea9ceb04942bef82cba4867bb06329272b843dda32e417b34a72
legacy,validation,genuine,107,107_5,107_8,140,140,72,72,208,688.24,b8510b9fb5867c20739b11c79915076bae169d8730be6cbf41ff3253e3cee440,df52c710cc6efb2271494277a4f1669a2e9af9fa0c98f5acb48b187b4e81cae1
legacy,validation,genuine,107,107_6,107_7,140,140,74,71,210,746.13,c7f85ac1e7e6063d333932685d4080d808d52e29a883de1e978c0ea287546c2c,120c0ff19752ea9ceb04942bef82cba4867bb06329272b843dda32e417b34a72
legacy,validation,genuine,107,107_6,107_8,140,140,74,72,185,794.42,c7f85ac1e7e6063d333932685d4080d808d52e29a883de1e978c0ea287546c2c,df52c710cc6efb2271494277a4f1669a2e9af9fa0c98f5acb48b187b4e81cae1
legacy,validation,genuine,107,107_7,107_8,140,140,71,72,76,464.46,120c0ff19752ea9ceb04942bef82cba4867bb06329272b843dda32e417b34a72,df52c710cc6efb2271494277a4f1669a2e9af9fa0c98f5acb48b187b4e81cae1
legacy,validation,genuine,108,108_1,108_2,140,140,76,75,288,498.24,effc8818f805ca8f621ff604f497117d9b129aa6282440013b0b596f8b8e4a06,6a605fede2ad3c09da2af19bdfd58c920c4b269b474faf43a7cbb2427c4a8179
legacy,validation,genuine,108,108_1,108_3,140,140,76,76,274,1657.82,effc8818f805ca8f621ff604f497117d9b129aa6282440013b0b596f8b8e4a06,0eea0b3d059c4594dbedb46a4cb3c040b39f78751568a8f65c295a277992db48
legacy,validation,genuine,108,108_1,108_4,140,140,76,77,297,484.3,effc8818f805ca8f621ff604f497117d9b129aa6282440013b0b596f8b8e4a06,c75d322a2af09ad76c57c0777424e359232cf47d3ccbe3483b6d60737fa537b9
legacy,validation,genuine,108,108_1,108_5,140,140,76,78,299,482.82,effc8818f805ca8f621ff604f497117d9b129aa6282440013b0b596f8b8e4a06,9ad5417e5ef34e74f3f0b01ecf4e261914ccb309b2a2ebadcac0df4e43562c03
legacy,validation,genuine,108,108_1,108_6,140,140,76,77,309,494.04,effc8818f805ca8f621ff604f497117d9b129aa6282440013b0b596f8b8e4a06,32ad84bf727a93d486393cb97bd78d51e8374902e19537d8c2d4deb74cf909e2
legacy,validation,genuine,108,108_1,108_7,140,140,76,78,309,434.38,effc8818f805ca8f621ff604f497117d9b129aa6282440013b0b596f8b8e4a06,d42894485daa4bdf77ea6be7dd43ff442d936c8a195feea7dadc47cb38ff452b
legacy,validation,genuine,108,108_1,108_8,140,140,76,79,301,586.74,effc8818f805ca8f621ff604f497117d9b129aa6282440013b0b596f8b8e4a06,af8f826f893799cc2ccbf8536992d90e34f237f8a072a4295414711673b036de
legacy,validation,genuine,108,108_2,108_3,140,140,75,76,260,1837.66,6a605fede2ad3c09da2af19bdfd58c920c4b269b474faf43a7cbb2427c4a8179,0eea0b3d059c4594dbedb46a4cb3c040b39f78751568a8f65c295a277992db48
legacy,validation,genuine,108,108_2,108_4,140,140,75,77,287,458.91,6a605fede2ad3c09da2af19bdfd58c920c4b269b474faf43a7cbb2427c4a8179,c75d322a2af09ad76c57c0777424e359232cf47d3ccbe3483b6d60737fa537b9
legacy,validation,genuine,108,108_2,108_5,140,140,75,78,280,472.72,6a605fede2ad3c09da2af19bdfd58c920c4b269b474faf43a7cbb2427c4a8179,9ad5417e5ef34e74f3f0b01ecf4e261914ccb309b2a2ebadcac0df4e43562c03
legacy,validation,genuine,108,108_2,108_6,140,140,75,77,292,441.74,6a605fede2ad3c09da2af19bdfd58c920c4b269b474faf43a7cbb2427c4a8179,32ad84bf727a93d486393cb97bd78d51e8374902e19537d8c2d4deb74cf909e2
legacy,validation,genuine,108,108_2,108_7,140,140,75,78,294,445.52,6a605fede2ad3c09da2af19bdfd58c920c4b269b474faf43a7cbb2427c4a8179,d42894485daa4bdf77ea6be7dd43ff442d936c8a195feea7dadc47cb38ff452b
legacy,validation,genuine,108,108_2,108_8,140,140,75,79,292,447.71,6a605fede2ad3c09da2af19bdfd58c920c4b269b474faf43a7cbb2427c4a8179,af8f826f893799cc2ccbf8536992d90e34f237f8a072a4295414711673b036de
legacy,validation,genuine,108,108_3,108_4,140,140,76,77,259,1422.44,0eea0b3d059c4594dbedb46a4cb3c040b39f78751568a8f65c295a277992db48,c75d322a2af09ad76c57c0777424e359232cf47d3ccbe3483b6d60737fa537b9
legacy,validation,genuine,108,108_3,108_5,140,140,76,78,264,1068.62,0eea0b3d059c4594dbedb46a4cb3c040b39f78751568a8f65c295a277992db48,9ad5417e5ef34e74f3f0b01ecf4e261914ccb309b2a2ebadcac0df4e43562c03
legacy,validation,genuine,108,108_3,108_6,140,140,76,77,268,1705.09,0eea0b3d059c4594dbedb46a4cb3c040b39f78751568a8f65c295a277992db48,32ad84bf727a93d486393cb97bd78d51e8374902e19537d8c2d4deb74cf909e2
legacy,validation,genuine,108,108_3,108_7,140,140,76,78,261,1178.04,0eea0b3d059c4594dbedb46a4cb3c040b39f78751568a8f65c295a277992db48,d42894485daa4bdf77ea6be7dd43ff442d936c8a195feea7dadc47cb38ff452b
legacy,validation,genuine,108,108_3,108_8,140,140,76,79,274,1527.83,0eea0b3d059c4594dbedb46a4cb3c040b39f78751568a8f65c295a277992db48,af8f826f893799cc2ccbf8536992d90e34f237f8a072a4295414711673b036de
legacy,validation,genuine,108,108_4,108_5,140,140,77,78,307,465.06,c75d322a2af09ad76c57c0777424e359232cf47d3ccbe3483b6d60737fa537b9,9ad5417e5ef34e74f3f0b01ecf4e261914ccb309b2a2ebadcac0df4e43562c03
legacy,validation,genuine,108,108_4,108_6,140,140,77,77,306,475.46,c75d322a2af09ad76c57c0777424e359232cf47d3ccbe3483b6d60737fa537b9,32ad84bf727a93d486393cb97bd78d51e8374902e19537d8c2d4deb74cf909e2
legacy,validation,genuine,108,108_4,108_7,140,140,77,78,310,472.31,c75d322a2af09ad76c57c0777424e359232cf47d3ccbe3483b6d60737fa537b9,d42894485daa4bdf77ea6be7dd43ff442d936c8a195feea7dadc47cb38ff452b
legacy,validation,genuine,108,108_4,108_8,140,140,77,79,315,498.38,c75d322a2af09ad76c57c0777424e359232cf47d3ccbe3483b6d60737fa537b9,af8f826f893799cc2ccbf8536992d90e34f237f8a072a4295414711673b036de
legacy,validation,genuine,108,108_5,108_6,140,140,78,77,296,575.95,9ad5417e5ef34e74f3f0b01ecf4e261914ccb309b2a2ebadcac0df4e43562c03,32ad84bf727a93d486393cb97bd78d51e8374902e19537d8c2d4deb74cf909e2
legacy,validation,genuine,108,108_5,108_7,140,140,78,78,327,463.97,9ad5417e5ef34e74f3f0b01ecf4e261914ccb309b2a2ebadcac0df4e43562c03,d42894485daa4bdf77ea6be7dd43ff442d936c8a195feea7dadc47cb38ff452b
legacy,validation,genuine,108,108_5,108_8,140,140,78,79,296,455.54,9ad5417e5ef34e74f3f0b01ecf4e261914ccb309b2a2ebadcac0df4e43562c03,af8f826f893799cc2ccbf8536992d90e34f237f8a072a4295414711673b036de
legacy,validation,genuine,108,108_6,108_7,140,140,77,78,321,513.61,32ad84bf727a93d486393cb97bd78d51e8374902e19537d8c2d4deb74cf909e2,d42894485daa4bdf77ea6be7dd43ff442d936c8a195feea7dadc47cb38ff452b
legacy,validation,genuine,108,108_6,108_8,140,140,77,79,300,527.82,32ad84bf727a93d486393cb97bd78d51e8374902e19537d8c2d4deb74cf909e2,af8f826f893799cc2ccbf8536992d90e34f237f8a072a4295414711673b036de
legacy,validation,genuine,108,108_7,108_8,140,140,78,79,308,455.6,d42894485daa4bdf77ea6be7dd43ff442d936c8a195feea7dadc47cb38ff452b,af8f826f893799cc2ccbf8536992d90e34f237f8a072a4295414711673b036de
legacy,validation,genuine,109,109_1,109_2,140,140,74,73,107,767.46,5a3f648dc2b9d5314003168934beecdc89f03e2865ba2cc3d39eab3de82d4a5d,1f6499cc82d4fb76ef7aa7b8052878bdb5f316386523ee36e98a7aacfe0f70ee
legacy,validation,genuine,109,109_1,109_3,140,140,74,73,169,874.35,5a3f648dc2b9d5314003168934beecdc89f03e2865ba2cc3d39eab3de82d4a5d,417445c934a6a0e76c38843b523e5bed4c57f910e690c62ebf55f4a764618ca9
legacy,validation,genuine,109,109_1,109_4,140,140,74,73,140,894.37,5a3f648dc2b9d5314003168934beecdc89f03e2865ba2cc3d39eab3de82d4a5d,6383d3505ca83c1bf88151af44216e8ebcac4a8a1e772c21b3421a7fa8b201d6
legacy,validation,genuine,109,109_1,109_5,140,140,74,74,236,451.91,5a3f648dc2b9d5314003168934beecdc89f03e2865ba2cc3d39eab3de82d4a5d,414d9abdd9730d0a0de8c2b15fddb205d28076df5408761a0908a5697a969bbb
legacy,validation,genuine,109,109_1,109_6,140,140,74,70,212,404.5,5a3f648dc2b9d5314003168934beecdc89f03e2865ba2cc3d39eab3de82d4a5d,9e4acbc7d549236733333323beefbeceb935ad5e67fa2543e5ab2a56275c80c5
legacy,validation,genuine,109,109_1,109_7,140,140,74,75,226,1862.57,5a3f648dc2b9d5314003168934beecdc89f03e2865ba2cc3d39eab3de82d4a5d,4779031d5a48cc060993f998000ebb6b29ee8aef45af9c4ce437b8e3f4a376e3
legacy,validation,genuine,109,109_1,109_8,140,140,74,72,228,563.14,5a3f648dc2b9d5314003168934beecdc89f03e2865ba2cc3d39eab3de82d4a5d,5ee10d3503a2fbd774f0a59ab2a8226e4320f1fd41c247934a432c8c752fa642
legacy,validation,genuine,109,109_2,109_3,140,140,73,73,56,382.82,1f6499cc82d4fb76ef7aa7b8052878bdb5f316386523ee36e98a7aacfe0f70ee,417445c934a6a0e76c38843b523e5bed4c57f910e690c62ebf55f4a764618ca9
legacy,validation,genuine,109,109_2,109_4,140,140,73,73,56,401.06,1f6499cc82d4fb76ef7aa7b8052878bdb5f316386523ee36e98a7aacfe0f70ee,6383d3505ca83c1bf88151af44216e8ebcac4a8a1e772c21b3421a7fa8b201d6
legacy,validation,genuine,109,109_2,109_5,140,140,73,74,117,937.3,1f6499cc82d4fb76ef7aa7b8052878bdb5f316386523ee36e98a7aacfe0f70ee,414d9abdd9730d0a0de8c2b15fddb205d28076df5408761a0908a5697a969bbb
legacy,validation,genuine,109,109_2,109_6,140,140,73,70,84,887.54,1f6499cc82d4fb76ef7aa7b8052878bdb5f316386523ee36e98a7aacfe0f70ee,9e4acbc7d549236733333323beefbeceb935ad5e67fa2543e5ab2a56275c80c5
legacy,validation,genuine,109,109_2,109_7,140,140,73,75,84,487.34,1f6499cc82d4fb76ef7aa7b8052878bdb5f316386523ee36e98a7aacfe0f70ee,4779031d5a48cc060993f998000ebb6b29ee8aef45af9c4ce437b8e3f4a376e3
legacy,validation,genuine,109,109_2,109_8,140,140,73,72,84,468.57,1f6499cc82d4fb76ef7aa7b8052878bdb5f316386523ee36e98a7aacfe0f70ee,5ee10d3503a2fbd774f0a59ab2a8226e4320f1fd41c247934a432c8c752fa642
legacy,validation,genuine,109,109_3,109_4,140,140,73,73,67,388.45,417445c934a6a0e76c38843b523e5bed4c57f910e690c62ebf55f4a764618ca9,6383d3505ca83c1bf88151af44216e8ebcac4a8a1e772c21b3421a7fa8b201d6
legacy,validation,genuine,109,109_3,109_5,140,140,73,74,82,799.23,417445c934a6a0e76c38843b523e5bed4c57f910e690c62ebf55f4a764618ca9,414d9abdd9730d0a0de8c2b15fddb205d28076df5408761a0908a5697a969bbb
legacy,validation,genuine,109,109_3,109_6,140,140,73,70,121,554.54,417445c934a6a0e76c38843b523e5bed4c57f910e690c62ebf55f4a764618ca9,9e4acbc7d549236733333323beefbeceb935ad5e67fa2543e5ab2a56275c80c5
legacy,validation,genuine,109,109_3,109_7,140,140,73,75,86,351.29,417445c934a6a0e76c38843b523e5bed4c57f910e690c62ebf55f4a764618ca9,4779031d5a48cc060993f998000ebb6b29ee8aef45af9c4ce437b8e3f4a376e3
legacy,validation,genuine,109,109_3,109_8,140,140,73,72,87,368.56,417445c934a6a0e76c38843b523e5bed4c57f910e690c62ebf55f4a764618ca9,5ee10d3503a2fbd774f0a59ab2a8226e4320f1fd41c247934a432c8c752fa642
legacy,validation,genuine,109,109_4,109_5,140,140,73,74,141,703.62,6383d3505ca83c1bf88151af44216e8ebcac4a8a1e772c21b3421a7fa8b201d6,414d9abdd9730d0a0de8c2b15fddb205d28076df5408761a0908a5697a969bbb
legacy,validation,genuine,109,109_4,109_6,140,140,73,70,23,476.37,6383d3505ca83c1bf88151af44216e8ebcac4a8a1e772c21b3421a7fa8b201d6,9e4acbc7d549236733333323beefbeceb935ad5e67fa2543e5ab2a56275c80c5
legacy,validation,genuine,109,109_4,109_7,140,140,73,75,27,370.16,6383d3505ca83c1bf88151af44216e8ebcac4a8a1e772c21b3421a7fa8b201d6,4779031d5a48cc060993f998000ebb6b29ee8aef45af9c4ce437b8e3f4a376e3
legacy,validation,genuine,109,109_4,109_8,140,140,73,72,23,361.48,6383d3505ca83c1bf88151af44216e8ebcac4a8a1e772c21b3421a7fa8b201d6,5ee10d3503a2fbd774f0a59ab2a8226e4320f1fd41c247934a432c8c752fa642
legacy,validation,genuine,109,109_5,109_6,140,140,74,70,191,466.51,414d9abdd9730d0a0de8c2b15fddb205d28076df5408761a0908a5697a969bbb,9e4acbc7d549236733333323beefbeceb935ad5e67fa2543e5ab2a56275c80c5
legacy,validation,genuine,109,109_5,109_7,140,140,74,75,21,519.66,414d9abdd9730d0a0de8c2b15fddb205d28076df5408761a0908a5697a969bbb,4779031d5a48cc060993f998000ebb6b29ee8aef45af9c4ce437b8e3f4a376e3
legacy,validation,genuine,109,109_5,109_8,140,140,74,72,229,740.49,414d9abdd9730d0a0de8c2b15fddb205d28076df5408761a0908a5697a969bbb,5ee10d3503a2fbd774f0a59ab2a8226e4320f1fd41c247934a432c8c752fa642
legacy,validation,genuine,109,109_6,109_7,140,140,70,75,150,548.94,9e4acbc7d549236733333323beefbeceb935ad5e67fa2543e5ab2a56275c80c5,4779031d5a48cc060993f998000ebb6b29ee8aef45af9c4ce437b8e3f4a376e3
legacy,validation,genuine,109,109_6,109_8,140,140,70,72,144,544.13,9e4acbc7d549236733333323beefbeceb935ad5e67fa2543e5ab2a56275c80c5,5ee10d3503a2fbd774f0a59ab2a8226e4320f1fd41c247934a432c8c752fa642
legacy,validation,genuine,109,109_7,109_8,140,140,75,72,15,432.99,4779031d5a48cc060993f998000ebb6b29ee8aef45af9c4ce437b8e3f4a376e3,5ee10d3503a2fbd774f0a59ab2a8226e4320f1fd41c247934a432c8c752fa642
legacy,validation,genuine,110,110_1,110_2,140,140,72,72,235,1787.16,f9180c4deb2b35902346c95f6664387d9ed1e69edc7873bc794a03db8564170a,93e3def186f910fa3e16efdcc7957936986cd1f030fe55b08e646c78593ec494
legacy,validation,genuine,110,110_1,110_3,140,140,72,76,233,1580.32,f9180c4deb2b35902346c95f6664387d9ed1e69edc7873bc794a03db8564170a,a38e2064ab5f6645f49858a1c2e30027755e1c925caf5ff64fe460312d1e3254
legacy,validation,genuine,110,110_1,110_4,140,140,72,76,230,1458.99,f9180c4deb2b35902346c95f6664387d9ed1e69edc7873bc794a03db8564170a,386ae83e5d0baa094d1e24fd40b44195592cdebb20b58c90e922e4380707e429
legacy,validation,genuine,110,110_1,110_5,140,140,72,74,227,699.69,f9180c4deb2b35902346c95f6664387d9ed1e69edc7873bc794a03db8564170a,55da6102a20556c4e77f3731444e595856522a1a83fd774e59d5ac37b9d8a3df
legacy,validation,genuine,110,110_1,110_6,140,140,72,75,211,688.97,f9180c4deb2b35902346c95f6664387d9ed1e69edc7873bc794a03db8564170a,2692302877503af865b11c2889c0ad2c9038935cff28f67e64634e65b7079429
legacy,validation,genuine,110,110_1,110_7,140,140,72,73,174,633.11,f9180c4deb2b35902346c95f6664387d9ed1e69edc7873bc794a03db8564170a,2433bc5f8922541d0fa116c582b9b39fe06eb8bc03de35a66d796260c069249d
legacy,validation,genuine,110,110_1,110_8,140,140,72,73,228,757.2,f9180c4deb2b35902346c95f6664387d9ed1e69edc7873bc794a03db8564170a,1974221e915cbcd6d2cc1570f781c5c4e0c08e00e477f5a040274782638e4005
legacy,validation,genuine,110,110_2,110_3,140,140,72,76,272,436.64,93e3def186f910fa3e16efdcc7957936986cd1f030fe55b08e646c78593ec494,a38e2064ab5f6645f49858a1c2e30027755e1c925caf5ff64fe460312d1e3254
legacy,validation,genuine,110,110_2,110_4,140,140,72,76,266,524.29,93e3def186f910fa3e16efdcc7957936986cd1f030fe55b08e646c78593ec494,386ae83e5d0baa094d1e24fd40b44195592cdebb20b58c90e922e4380707e429
legacy,validation,genuine,110,110_2,110_5,140,140,72,74,244,446.2,93e3def186f910fa3e16efdcc7957936986cd1f030fe55b08e646c78593ec494,55da6102a20556c4e77f3731444e595856522a1a83fd774e59d5ac37b9d8a3df
legacy,validation,genuine,110,110_2,110_6,140,140,72,75,231,424.67,93e3def186f910fa3e16efdcc7957936986cd1f030fe55b08e646c78593ec494,2692302877503af865b11c2889c0ad2c9038935cff28f67e64634e65b7079429
legacy,validation,genuine,110,110_2,110_7,140,140,72,73,147,829.7,93e3def186f910fa3e16efdcc7957936986cd1f030fe55b08e646c78593ec494,2433bc5f8922541d0fa116c582b9b39fe06eb8bc03de35a66d796260c069249d
legacy,validation,genuine,110,110_2,110_8,140,140,72,73,158,598.52,93e3def186f910fa3e16efdcc7957936986cd1f030fe55b08e646c78593ec494,1974221e915cbcd6d2cc1570f781c5c4e0c08e00e477f5a040274782638e4005
legacy,validation,genuine,110,110_3,110_4,140,140,76,76,272,450.24,a38e2064ab5f6645f49858a1c2e30027755e1c925caf5ff64fe460312d1e3254,386ae83e5d0baa094d1e24fd40b44195592cdebb20b58c90e922e4380707e429
legacy,validation,genuine,110,110_3,110_5,140,140,76,74,237,457.88,a38e2064ab5f6645f49858a1c2e30027755e1c925caf5ff64fe460312d1e3254,55da6102a20556c4e77f3731444e595856522a1a83fd774e59d5ac37b9d8a3df
legacy,validation,genuine,110,110_3,110_6,140,140,76,75,228,440.65,a38e2064ab5f6645f49858a1c2e30027755e1c925caf5ff64fe460312d1e3254,2692302877503af865b11c2889c0ad2c9038935cff28f67e64634e65b7079429
legacy,validation,genuine,110,110_3,110_7,140,140,76,73,98,622.7,a38e2064ab5f6645f49858a1c2e30027755e1c925caf5ff64fe460312d1e3254,2433bc5f8922541d0fa116c582b9b39fe06eb8bc03de35a66d796260c069249d
legacy,validation,genuine,110,110_3,110_8,140,140,76,73,163,624.77,a38e2064ab5f6645f49858a1c2e30027755e1c925caf5ff64fe460312d1e3254,1974221e915cbcd6d2cc1570f781c5c4e0c08e00e477f5a040274782638e4005
legacy,validation,genuine,110,110_4,110_5,140,140,76,74,230,565.51,386ae83e5d0baa094d1e24fd40b44195592cdebb20b58c90e922e4380707e429,55da6102a20556c4e77f3731444e595856522a1a83fd774e59d5ac37b9d8a3df
legacy,validation,genuine,110,110_4,110_6,140,140,76,75,221,410.18,386ae83e5d0baa094d1e24fd40b44195592cdebb20b58c90e922e4380707e429,2692302877503af865b11c2889c0ad2c9038935cff28f67e64634e65b7079429
legacy,validation,genuine,110,110_4,110_7,140,140,76,73,126,1181.81,386ae83e5d0baa094d1e24fd40b44195592cdebb20b58c90e922e4380707e429,2433bc5f8922541d0fa116c582b9b39fe06eb8bc03de35a66d796260c069249d
legacy,validation,genuine,110,110_4,110_8,140,140,76,73,161,615.49,386ae83e5d0baa094d1e24fd40b44195592cdebb20b58c90e922e4380707e429,1974221e915cbcd6d2cc1570f781c5c4e0c08e00e477f5a040274782638e4005
legacy,validation,genuine,110,110_5,110_6,140,140,74,75,220,426.16,55da6102a20556c4e77f3731444e595856522a1a83fd774e59d5ac37b9d8a3df,2692302877503af865b11c2889c0ad2c9038935cff28f67e64634e65b7079429
legacy,validation,genuine,110,110_5,110_7,140,140,74,73,145,579.45,55da6102a20556c4e77f3731444e595856522a1a83fd774e59d5ac37b9d8a3df,2433bc5f8922541d0fa116c582b9b39fe06eb8bc03de35a66d796260c069249d
legacy,validation,genuine,110,110_5,110_8,140,140,74,73,171,445.51,55da6102a20556c4e77f3731444e595856522a1a83fd774e59d5ac37b9d8a3df,1974221e915cbcd6d2cc1570f781c5c4e0c08e00e477f5a040274782638e4005
legacy,validation,genuine,110,110_6,110_7,140,140,75,73,172,1218.78,2692302877503af865b11c2889c0ad2c9038935cff28f67e64634e65b7079429,2433bc5f8922541d0fa116c582b9b39fe06eb8bc03de35a66d796260c069249d
legacy,validation,genuine,110,110_6,110_8,140,140,75,73,165,442.94,2692302877503af865b11c2889c0ad2c9038935cff28f67e64634e65b7079429,1974221e915cbcd6d2cc1570f781c5c4e0c08e00e477f5a040274782638e4005
legacy,validation,genuine,110,110_7,110_8,140,140,73,73,139,728.56,2433bc5f8922541d0fa116c582b9b39fe06eb8bc03de35a66d796260c069249d,1974221e915cbcd6d2cc1570f781c5c4e0c08e00e477f5a040274782638e4005
legacy,train,impostor,101,101_1,102_2,140,140,70,80,276,1052.09,c6f429d92e48f30f5716e8c7cc199a1f7f6623c9514705d661acf8b0e364a45a,7970df3f17c32d19f53f9a1532610d7706261b1d61c68da56133df8196f327f3
legacy,train,impostor,101,101_1,102_3,140,140,70,80,294,452.25,c6f429d92e48f30f5716e8c7cc199a1f7f6623c9514705d661acf8b0e364a45a,9f2fe0dd36d0909156e3b8e4fe8e51c05b706cd1589924740bba07dc179ce5ad
legacy,train,impostor,101,101_1,102_4,140,140,70,81,295,1219.3,c6f429d92e48f30f5716e8c7cc199a1f7f6623c9514705d661acf8b0e364a45a,f341b6f74bc4001d7a8a71da2dd85c3d4c13404c739ea1b9e336f7379cfebca3
legacy,train,impostor,101,101_1,102_5,140,140,70,80,288,591.16,c6f429d92e48f30f5716e8c7cc199a1f7f6623c9514705d661acf8b0e364a45a,5afebcfed489b64ac55fb270b4293445ee1c992e805d7cc9343aa2c39836dd9a
legacy,train,impostor,101,101_1,102_6,140,140,70,80,303,2276.38,c6f429d92e48f30f5716e8c7cc199a1f7f6623c9514705d661acf8b0e364a45a,6db376e76f40d2e348f09a2ebb2266117e8e3547005620884b026f764a749b7f
legacy,train,impostor,101,101_1,102_7,140,140,70,81,299,450.05,c6f429d92e48f30f5716e8c7cc199a1f7f6623c9514705d661acf8b0e364a45a,9825d7aa7666a484866ea1a3bc88101756f716f75c50746525220b3e243eae0f
legacy,train,impostor,101,101_1,102_8,140,140,70,79,303,520.41,c6f429d92e48f30f5716e8c7cc199a1f7f6623c9514705d661acf8b0e364a45a,4bf0a5b670021a0325addff0d90c45d95d75872eae509f6548b305aa8e86ba7d
legacy,train,impostor,101,101_2,102_3,140,140,76,80,302,493.77,7fe2df44ffd7e70310b78e590388cb9ad69567d004f36a7ca6d183137e981dd3,9f2fe0dd36d0909156e3b8e4fe8e51c05b706cd1589924740bba07dc179ce5ad
legacy,train,impostor,101,101_2,102_4,140,140,76,81,299,577.55,7fe2df44ffd7e70310b78e590388cb9ad69567d004f36a7ca6d183137e981dd3,f341b6f74bc4001d7a8a71da2dd85c3d4c13404c739ea1b9e336f7379cfebca3
legacy,train,impostor,101,101_2,102_5,140,140,76,80,291,480.39,7fe2df44ffd7e70310b78e590388cb9ad69567d004f36a7ca6d183137e981dd3,5afebcfed489b64ac55fb270b4293445ee1c992e805d7cc9343aa2c39836dd9a
legacy,train,impostor,101,101_2,102_6,140,140,76,80,293,2304.33,7fe2df44ffd7e70310b78e590388cb9ad69567d004f36a7ca6d183137e981dd3,6db376e76f40d2e348f09a2ebb2266117e8e3547005620884b026f764a749b7f
legacy,train,impostor,101,101_2,102_7,140,140,76,81,294,440.37,7fe2df44ffd7e70310b78e590388cb9ad69567d004f36a7ca6d183137e981dd3,9825d7aa7666a484866ea1a3bc88101756f716f75c50746525220b3e243eae0f
legacy,train,impostor,101,101_2,102_8,140,140,76,79,302,449.89,7fe2df44ffd7e70310b78e590388cb9ad69567d004f36a7ca6d183137e981dd3,4bf0a5b670021a0325addff0d90c45d95d75872eae509f6548b305aa8e86ba7d
legacy,train,impostor,101,101_3,102_4,140,140,71,81,14,449.66,868ba2378c8c3b528d348f71960a20a1669f5b8662527a0dbfb5067b2c7e7e05,f341b6f74bc4001d7a8a71da2dd85c3d4c13404c739ea1b9e336f7379cfebca3
legacy,train,impostor,101,101_3,102_5,140,140,71,80,20,479.77,868ba2378c8c3b528d348f71960a20a1669f5b8662527a0dbfb5067b2c7e7e05,5afebcfed489b64ac55fb270b4293445ee1c992e805d7cc9343aa2c39836dd9a
legacy,train,impostor,101,101_3,102_6,140,140,71,80,23,496.58,868ba2378c8c3b528d348f71960a20a1669f5b8662527a0dbfb5067b2c7e7e05,6db376e76f40d2e348f09a2ebb2266117e8e3547005620884b026f764a749b7f
legacy,train,impostor,101,101_3,102_7,140,140,71,81,21,466.13,868ba2378c8c3b528d348f71960a20a1669f5b8662527a0dbfb5067b2c7e7e05,9825d7aa7666a484866ea1a3bc88101756f716f75c50746525220b3e243eae0f
legacy,train,impostor,101,101_3,102_8,140,140,71,79,27,527.44,868ba2378c8c3b528d348f71960a20a1669f5b8662527a0dbfb5067b2c7e7e05,4bf0a5b670021a0325addff0d90c45d95d75872eae509f6548b305aa8e86ba7d
legacy,train,impostor,101,101_4,102_5,140,140,72,80,247,414.14,48aecebf751b608790fc7c0f57ce6c1da4030263b7e6f6cbd47418b026bb4bd7,5afebcfed489b64ac55fb270b4293445ee1c992e805d7cc9343aa2c39836dd9a
legacy,train,impostor,101,101_4,102_6,140,140,72,80,276,2025.81,48aecebf751b608790fc7c0f57ce6c1da4030263b7e6f6cbd47418b026bb4bd7,6db376e76f40d2e348f09a2ebb2266117e8e3547005620884b026f764a749b7f
legacy,train,impostor,101,101_4,102_7,140,140,72,81,282,453.54,48aecebf751b608790fc7c0f57ce6c1da4030263b7e6f6cbd47418b026bb4bd7,9825d7aa7666a484866ea1a3bc88101756f716f75c50746525220b3e243eae0f
legacy,train,impostor,101,101_4,102_8,140,140,72,79,293,584.3,48aecebf751b608790fc7c0f57ce6c1da4030263b7e6f6cbd47418b026bb4bd7,4bf0a5b670021a0325addff0d90c45d95d75872eae509f6548b305aa8e86ba7d
legacy,train,impostor,101,101_5,102_6,140,140,73,80,282,2055.09,4f8324194b729ad6ec2d08d58a9bbba3d85a1d1d4e16487c1fead278795388fc,6db376e76f40d2e348f09a2ebb2266117e8e3547005620884b026f764a749b7f
legacy,train,impostor,101,101_5,102_7,140,140,73,81,298,1035.62,4f8324194b729ad6ec2d08d58a9bbba3d85a1d1d4e16487c1fead278795388fc,9825d7aa7666a484866ea1a3bc88101756f716f75c50746525220b3e243eae0f
legacy,train,impostor,101,101_5,102_8,140,140,73,79,299,1046.86,4f8324194b729ad6ec2d08d58a9bbba3d85a1d1d4e16487c1fead278795388fc,4bf0a5b670021a0325addff0d90c45d95d75872eae509f6548b305aa8e86ba7d
legacy,train,impostor,101,101_6,102_7,140,140,74,81,26,442.33,4b42e59a7336be4817774e9ec0e9c4aaa3e45f556a03b75f190aacc6a4067581,9825d7aa7666a484866ea1a3bc88101756f716f75c50746525220b3e243eae0f
legacy,train,impostor,101,101_6,102_8,140,140,74,79,24,466.11,4b42e59a7336be4817774e9ec0e9c4aaa3e45f556a03b75f190aacc6a4067581,4bf0a5b670021a0325addff0d90c45d95d75872eae509f6548b305aa8e86ba7d
legacy,train,impostor,101,101_7,102_8,140,140,74,79,24,422.16,22012d41b299c696726703c188e374c1678cce37d06640c083f7f45d48d32c0a,4bf0a5b670021a0325addff0d90c45d95d75872eae509f6548b305aa8e86ba7d
legacy,train,impostor,102,102_1,103_2,140,140,83,81,17,466.23,a8de9190aac62da312388072e34d8ece564e80f89b70321ccc65ec90a5a1792b,0be5cb3b70c03e58128819d3b155df812204037bfca6a4495dd67e4185e21d59
legacy,train,impostor,102,102_1,103_3,140,140,83,81,295,693.02,a8de9190aac62da312388072e34d8ece564e80f89b70321ccc65ec90a5a1792b,65134ba0119ee27b9de159b90ae781c6aba43b6f92ebb283261abc74338942df
legacy,train,impostor,102,102_1,103_4,140,140,83,81,23,474.79,a8de9190aac62da312388072e34d8ece564e80f89b70321ccc65ec90a5a1792b,851e4b3a55993e6667f5ef230961ad2c3fce3266175dada7ec08e337cf0adba4
legacy,train,impostor,102,102_1,103_5,140,140,83,81,277,878.53,a8de9190aac62da312388072e34d8ece564e80f89b70321ccc65ec90a5a1792b,4d0de6fd372e4072668a25a1302fe2a12428f65f60b85f2c74230b72810c4624
legacy,train,impostor,102,102_1,103_6,140,140,83,81,35,458.92,a8de9190aac62da312388072e34d8ece564e80f89b70321ccc65ec90a5a1792b,366dc2e626b5809197663c13b8f9c3cd5110d7f6e35d0dea55708e68991e799e
legacy,train,impostor,102,102_1,103_7,140,140,83,79,280,473.84,a8de9190aac62da312388072e34d8ece564e80f89b70321ccc65ec90a5a1792b,3b02c9f6cae61d9867bbc9d3ed4fc51e81ce3f3cb2ee9ee48c9590733196999f
legacy,train,impostor,102,102_1,103_8,140,140,83,79,36,565.88,a8de9190aac62da312388072e34d8ece564e80f89b70321ccc65ec90a5a1792b,34f3612da2110f3f109059a0de9db09b2e6dfae4c9987d058d96d8f77c6c80cc
legacy,train,impostor,102,102_2,103_3,140,140,80,81,225,745.32,7970df3f17c32d19f53f9a1532610d7706261b1d61c68da56133df8196f327f3,65134ba0119ee27b9de159b90ae781c6aba43b6f92ebb283261abc74338942df
legacy,train,impostor,102,102_2,103_4,140,140,80,81,19,443.08,7970df3f17c32d19f53f9a1532610d7706261b1d61c68da56133df8196f327f3,851e4b3a55993e6667f5ef230961ad2c3fce3266175dada7ec08e337cf0adba4
legacy,train,impostor,102,102_2,103_5,140,140,80,81,13,457.42,7970df3f17c32d19f53f9a1532610d7706261b1d61c68da56133df8196f327f3,4d0de6fd372e4072668a25a1302fe2a12428f65f60b85f2c74230b72810c4624
legacy,train,impostor,102,102_2,103_6,140,140,80,81,22,359.18,7970df3f17c32d19f53f9a1532610d7706261b1d61c68da56133df8196f327f3,366dc2e626b5809197663c13b8f9c3cd5110d7f6e35d0dea55708e68991e799e
legacy,train,impostor,102,102_2,103_7,140,140,80,79,251,1858.48,7970df3f17c32d19f53f9a1532610d7706261b1d61c68da56133df8196f327f3,3b02c9f6cae61d9867bbc9d3ed4fc51e81ce3f3cb2ee9ee48c9590733196999f
legacy,train,impostor,102,102_2,103_8,140,140,80,79,19,586.37,7970df3f17c32d19f53f9a1532610d7706261b1d61c68da56133df8196f327f3,34f3612da2110f3f109059a0de9db09b2e6dfae4c9987d058d96d8f77c6c80cc
legacy,train,impostor,102,102_3,103_4,140,140,80,81,308,503.03,9f2fe0dd36d0909156e3b8e4fe8e51c05b706cd1589924740bba07dc179ce5ad,851e4b3a55993e6667f5ef230961ad2c3fce3266175dada7ec08e337cf0adba4
legacy,train,impostor,102,102_3,103_5,140,140,80,81,273,1054.66,9f2fe0dd36d0909156e3b8e4fe8e51c05b706cd1589924740bba07dc179ce5ad,4d0de6fd372e4072668a25a1302fe2a12428f65f60b85f2c74230b72810c4624
legacy,train,impostor,102,102_3,103_6,140,140,80,81,162,443.22,9f2fe0dd36d0909156e3b8e4fe8e51c05b706cd1589924740bba07dc179ce5ad,366dc2e626b5809197663c13b8f9c3cd5110d7f6e35d0dea55708e68991e799e
legacy,train,impostor,102,102_3,103_7,140,140,80,79,286,474.87,9f2fe0dd36d0909156e3b8e4fe8e51c05b706cd1589924740bba07dc179ce5ad,3b02c9f6cae61d9867bbc9d3ed4fc51e81ce3f3cb2ee9ee48c9590733196999f
legacy,train,impostor,102,102_3,103_8,140,140,80,79,222,501.04,9f2fe0dd36d0909156e3b8e4fe8e51c05b706cd1589924740bba07dc179ce5ad,34f3612da2110f3f109059a0de9db09b2e6dfae4c9987d058d96d8f77c6c80cc
legacy,train,impostor,102,102_4,103_5,140,140,81,81,269,453.48,f341b6f74bc4001d7a8a71da2dd85c3d4c13404c739ea1b9e336f7379cfebca3,4d0de6fd372e4072668a25a1302fe2a12428f65f60b85f2c74230b72810c4624
legacy,train,impostor,102,102_4,103_6,140,140,81,81,18,455.72,f341b6f74bc4001d7a8a71da2dd85c3d4c13404c739ea1b9e336f7379cfebca3,366dc2e626b5809197663c13b8f9c3cd5110d7f6e35d0dea55708e68991e799e
legacy,train,impostor,102,102_4,103_7,140,140,81,79,286,597,f341b6f74bc4001d7a8a71da2dd85c3d4c13404c739ea1b9e336f7379cfebca3,3b02c9f6cae61d9867bbc9d3ed4fc51e81ce3f3cb2ee9ee48c9590733196999f
legacy,train,impostor,102,102_4,103_8,140,140,81,79,19,453.46,f341b6f74bc4001d7a8a71da2dd85c3d4c13404c739ea1b9e336f7379cfebca3,34f3612da2110f3f109059a0de9db09b2e6dfae4c9987d058d96d8f77c6c80cc
legacy,train,impostor,102,102_5,103_6,140,140,80,81,22,465.4,5afebcfed489b64ac55fb270b4293445ee1c992e805d7cc9343aa2c39836dd9a,366dc2e626b5809197663c13b8f9c3cd5110d7f6e35d0dea55708e68991e799e
legacy,train,impostor,102,102_5,103_7,140,140,80,79,279,425.91,5afebcfed489b64ac55fb270b4293445ee1c992e805d7cc9343aa2c39836dd9a,3b02c9f6cae61d9867bbc9d3ed4fc51e81ce3f3cb2ee9ee48c9590733196999f
legacy,train,impostor,102,102_5,103_8,140,140,80,79,19,440.12,5afebcfed489b64ac55fb270b4293445ee1c992e805d7cc9343aa2c39836dd9a,34f3612da2110f3f109059a0de9db09b2e6dfae4c9987d058d96d8f77c6c80cc
legacy,train,impostor,102,102_6,103_7,140,140,80,79,285,462.85,6db376e76f40d2e348f09a2ebb2266117e8e3547005620884b026f764a749b7f,3b02c9f6cae61d9867bbc9d3ed4fc51e81ce3f3cb2ee9ee48c9590733196999f
legacy,train,impostor,102,102_6,103_8,140,140,80,79,18,418.71,6db376e76f40d2e348f09a2ebb2266117e8e3547005620884b026f764a749b7f,34f3612da2110f3f109059a0de9db09b2e6dfae4c9987d058d96d8f77c6c80cc
legacy,train,impostor,102,102_7,103_8,140,140,81,79,231,600.39,9825d7aa7666a484866ea1a3bc88101756f716f75c50746525220b3e243eae0f,34f3612da2110f3f109059a0de9db09b2e6dfae4c9987d058d96d8f77c6c80cc
legacy,train,impostor,103,103_1,104_2,140,140,81,73,223,435.68,79972043d38647d0abc677ecefd26925d7bba87b2063d04a028f9bc05b712f08,77b3dbea6ea0a81b57d5bc09b0a92a88a82381e067422cd24c6f94e12862ffbd
legacy,train,impostor,103,103_1,104_3,140,140,81,72,250,450.34,79972043d38647d0abc677ecefd26925d7bba87b2063d04a028f9bc05b712f08,d2138ae748e8dadb3e324b7431ab6f056232cecdebf53e99c8658d3414c0d348
legacy,train,impostor,103,103_1,104_4,140,140,81,74,266,435.05,79972043d38647d0abc677ecefd26925d7bba87b2063d04a028f9bc05b712f08,11de29ce41afc0da6c5fa305939fabad8774bd926b1fd529e6767d5bf0affc68
legacy,train,impostor,103,103_1,104_5,140,140,81,70,230,559.79,79972043d38647d0abc677ecefd26925d7bba87b2063d04a028f9bc05b712f08,0b016844c7cd20763aa2af2d8dfd3be02651a01f1a394b670ba574aa80a078b4
legacy,train,impostor,103,103_1,104_6,140,140,81,75,298,466.48,79972043d38647d0abc677ecefd26925d7bba87b2063d04a028f9bc05b712f08,b0706f915a5c71468152eb950b2a86e9a27ab88ee45c0597b2404668d32934a8
legacy,train,impostor,103,103_1,104_7,140,140,81,72,175,443.49,79972043d38647d0abc677ecefd26925d7bba87b2063d04a028f9bc05b712f08,75e01f7006fec66bebd11ccf2228d7a5824dc9fc6c208d6fbab87f3f38e3a47b
legacy,train,impostor,103,103_1,104_8,140,140,81,71,171,911.05,79972043d38647d0abc677ecefd26925d7bba87b2063d04a028f9bc05b712f08,933a996c2cb53ea4ff6ec68ef7dc4b96fa8f6b31055db73ace146a4d12d0c7b4
legacy,train,impostor,103,103_2,104_3,140,140,81,72,249,504.85,0be5cb3b70c03e58128819d3b155df812204037bfca6a4495dd67e4185e21d59,d2138ae748e8dadb3e324b7431ab6f056232cecdebf53e99c8658d3414c0d348
legacy,train,impostor,103,103_2,104_4,140,140,81,74,262,440.87,0be5cb3b70c03e58128819d3b155df812204037bfca6a4495dd67e4185e21d59,11de29ce41afc0da6c5fa305939fabad8774bd926b1fd529e6767d5bf0affc68
legacy,train,impostor,103,103_2,104_5,140,140,81,70,227,456.1,0be5cb3b70c03e58128819d3b155df812204037bfca6a4495dd67e4185e21d59,0b016844c7cd20763aa2af2d8dfd3be02651a01f1a394b670ba574aa80a078b4
legacy,train,impostor,103,103_2,104_6,140,140,81,75,21,444.98,0be5cb3b70c03e58128819d3b155df812204037bfca6a4495dd67e4185e21d59,b0706f915a5c71468152eb950b2a86e9a27ab88ee45c0597b2404668d32934a8
legacy,train,impostor,103,103_2,104_7,140,140,81,72,165,499.86,0be5cb3b70c03e58128819d3b155df812204037bfca6a4495dd67e4185e21d59,75e01f7006fec66bebd11ccf2228d7a5824dc9fc6c208d6fbab87f3f38e3a47b
legacy,train,impostor,103,103_2,104_8,140,140,81,71,154,557.02,0be5cb3b70c03e58128819d3b155df812204037bfca6a4495dd67e4185e21d59,933a996c2cb53ea4ff6ec68ef7dc4b96fa8f6b31055db73ace146a4d12d0c7b4
legacy,train,impostor,103,103_3,104_4,140,140,81,74,270,685.36,65134ba0119ee27b9de159b90ae781c6aba43b6f92ebb283261abc74338942df,11de29ce41afc0da6c5fa305939fabad8774bd926b1fd529e6767d5bf0affc68
legacy,train,impostor,103,103_3,104_5,140,140,81,70,236,481.71,65134ba0119ee27b9de159b90ae781c6aba43b6f92ebb283261abc74338942df,0b016844c7cd20763aa2af2d8dfd3be02651a01f1a394b670ba574aa80a078b4
legacy,train,impostor,103,103_3,104_6,140,140,81,75,302,497.57,65134ba0119ee27b9de159b90ae781c6aba43b6f92ebb283261abc74338942df,b0706f915a5c71468152eb950b2a86e9a27ab88ee45c0597b2404668d32934a8
legacy,train,impostor,103,103_3,104_7,140,140,81,72,175,432.34,65134ba0119ee27b9de159b90ae781c6aba43b6f92ebb283261abc74338942df,75e01f7006fec66bebd11ccf2228d7a5824dc9fc6c208d6fbab87f3f38e3a47b
legacy,train,impostor,103,103_3,104_8,140,140,81,71,166,1139.88,65134ba0119ee27b9de159b90ae781c6aba43b6f92ebb283261abc74338942df,933a996c2cb53ea4ff6ec68ef7dc4b96fa8f6b31055db73ace146a4d12d0c7b4
legacy,train,impostor,103,103_4,104_5,140,140,81,70,225,479.88,851e4b3a55993e6667f5ef230961ad2c3fce3266175dada7ec08e337cf0adba4,0b016844c7cd20763aa2af2d8dfd3be02651a01f1a394b670ba574aa80a078b4
legacy,train,impostor,103,103_4,104_6,140,140,81,75,285,485.16,851e4b3a55993e6667f5ef230961ad2c3fce3266175dada7ec08e337cf0adba4,b0706f915a5c71468152eb950b2a86e9a27ab88ee45c0597b2404668d32934a8
legacy,train,impostor,103,103_4,104_7,140,140,81,72,176,423.7,851e4b3a55993e6667f5ef230961ad2c3fce3266175dada7ec08e337cf0adba4,75e01f7006fec66bebd11ccf2228d7a5824dc9fc6c208d6fbab87f3f38e3a47b
legacy,train,impostor,103,103_4,104_8,140,140,81,71,131,542.96,851e4b3a55993e6667f5ef230961ad2c3fce3266175dada7ec08e337cf0adba4,933a996c2cb53ea4ff6ec68ef7dc4b96fa8f6b31055db73ace146a4d12d0c7b4
legacy,train,impostor,103,103_5,104_6,140,140,81,75,283,553.69,4d0de6fd372e4072668a25a1302fe2a12428f65f60b85f2c74230b72810c4624,b0706f915a5c71468152eb950b2a86e9a27ab88ee45c0597b2404668d32934a8
legacy,train,impostor,103,103_5,104_7,140,140,81,72,181,458.79,4d0de6fd372e4072668a25a1302fe2a12428f65f60b85f2c74230b72810c4624,75e01f7006fec66bebd11ccf2228d7a5824dc9fc6c208d6fbab87f3f38e3a47b
legacy,train,impostor,103,103_5,104_8,140,140,81,71,146,653.6,4d0de6fd372e4072668a25a1302fe2a12428f65f60b85f2c74230b72810c4624,933a996c2cb53ea4ff6ec68ef7dc4b96fa8f6b31055db73ace146a4d12d0c7b4
legacy,train,impostor,103,103_6,104_7,140,140,81,72,14,450.8,366dc2e626b5809197663c13b8f9c3cd5110d7f6e35d0dea55708e68991e799e,75e01f7006fec66bebd11ccf2228d7a5824dc9fc6c208d6fbab87f3f38e3a47b
legacy,train,impostor,103,103_6,104_8,140,140,81,71,13,410.95,366dc2e626b5809197663c13b8f9c3cd5110d7f6e35d0dea55708e68991e799e,933a996c2cb53ea4ff6ec68ef7dc4b96fa8f6b31055db73ace146a4d12d0c7b4
legacy,train,impostor,103,103_7,104_8,140,140,79,71,158,904.6,3b02c9f6cae61d9867bbc9d3ed4fc51e81ce3f3cb2ee9ee48c9590733196999f,933a996c2cb53ea4ff6ec68ef7dc4b96fa8f6b31055db73ace146a4d12d0c7b4
legacy,train,impostor,104,104_1,105_2,140,140,75,78,300,736.23,ce8fd2259be4e7536f0ed960053962b71077032602eb8614b9f7aa47cdc1a980,4c8bd0e5dbf7bf39f956db2b98ed245bd31f709866c81e32f30c4cec37c2fc73
legacy,train,impostor,104,104_1,105_3,140,140,75,76,111,437.73,ce8fd2259be4e7536f0ed960053962b71077032602eb8614b9f7aa47cdc1a980,1e71ef843613e18e6ed95f0a6f7be6d4fb84763f5cd2aa06e0d2a1bad9e1a81a
legacy,train,impostor,104,104_1,105_4,140,140,75,78,280,2603.02,ce8fd2259be4e7536f0ed960053962b71077032602eb8614b9f7aa47cdc1a980,88ecdaa8b90ef03eb16dae13c2706d0076aeae27e9f9de49b9aaf8db7add7e88
legacy,train,impostor,104,104_1,105_5,140,140,75,77,289,468.64,ce8fd2259be4e7536f0ed960053962b71077032602eb8614b9f7aa47cdc1a980,b74ea9f09f3dc172b894b9419014e848b2659dd29e23c747b3d9d1e1835325d8
legacy,train,impostor,104,104_1,105_6,140,140,75,77,302,495.26,ce8fd2259be4e7536f0ed960053962b71077032602eb8614b9f7aa47cdc1a980,ab04582671a99209b46a8772263d77f22c7675e247283b2fe0d5078350cff0bc
legacy,train,impostor,104,104_1,105_7,140,140,75,77,15,400.56,ce8fd2259be4e7536f0ed960053962b71077032602eb8614b9f7aa47cdc1a980,67fda200f8adf578acd1d810a874ce9c626e699087cfd3381eab3d2ed785b107
legacy,train,impostor,104,104_1,105_8,140,140,75,77,288,2049.05,ce8fd2259be4e7536f0ed960053962b71077032602eb8614b9f7aa47cdc1a980,04c032c96d03a2f5cb110bc01e9cae24b6ec4611acb362dbf8375d8f2c9ca58b
legacy,train,impostor,104,104_2,105_3,140,140,73,76,36,695.43,77b3dbea6ea0a81b57d5bc09b0a92a88a82381e067422cd24c6f94e12862ffbd,1e71ef843613e18e6ed95f0a6f7be6d4fb84763f5cd2aa06e0d2a1bad9e1a81a
legacy,train,impostor,104,104_2,105_4,140,140,73,78,220,675.07,77b3dbea6ea0a81b57d5bc09b0a92a88a82381e067422cd24c6f94e12862ffbd,88ecdaa8b90ef03eb16dae13c2706d0076aeae27e9f9de49b9aaf8db7add7e88
legacy,train,impostor,104,104_2,105_5,140,140,73,77,219,425.95,77b3dbea6ea0a81b57d5bc09b0a92a88a82381e067422cd24c6f94e12862ffbd,b74ea9f09f3dc172b894b9419014e848b2659dd29e23c747b3d9d1e1835325d8
legacy,train,impostor,104,104_2,105_6,140,140,73,77,216,424.87,77b3dbea6ea0a81b57d5bc09b0a92a88a82381e067422cd24c6f94e12862ffbd,ab04582671a99209b46a8772263d77f22c7675e247283b2fe0d5078350cff0bc
legacy,train,impostor,104,104_2,105_7,140,140,73,77,39,583.01,77b3dbea6ea0a81b57d5bc09b0a92a88a82381e067422cd24c6f94e12862ffbd,67fda200f8adf578acd1d810a874ce9c626e699087cfd3381eab3d2ed785b107
legacy,train,impostor,104,104_2,105_8,140,140,73,77,218,1586.61,77b3dbea6ea0a81b57d5bc09b0a92a88a82381e067422cd24c6f94e12862ffbd,04c032c96d03a2f5cb110bc01e9cae24b6ec4611acb362dbf8375d8f2c9ca58b
legacy,train,impostor,104,104_3,105_4,140,140,72,78,216,1545.19,d2138ae748e8dadb3e324b7431ab6f056232cecdebf53e99c8658d3414c0d348,88ecdaa8b90ef03eb16dae13c2706d0076aeae27e9f9de49b9aaf8db7add7e88
legacy,train,impostor,104,104_3,105_5,140,140,72,77,251,417.66,d2138ae748e8dadb3e324b7431ab6f056232cecdebf53e99c8658d3414c0d348,b74ea9f09f3dc172b894b9419014e848b2659dd29e23c747b3d9d1e1835325d8
legacy,train,impostor,104,104_3,105_6,140,140,72,77,249,427.07,d2138ae748e8dadb3e324b7431ab6f056232cecdebf53e99c8658d3414c0d348,ab04582671a99209b46a8772263d77f22c7675e247283b2fe0d5078350cff0bc
legacy,train,impostor,104,104_3,105_7,140,140,72,77,78,463.29,d2138ae748e8dadb3e324b7431ab6f056232cecdebf53e99c8658d3414c0d348,67fda200f8adf578acd1d810a874ce9c626e699087cfd3381eab3d2ed785b107
legacy,train,impostor,104,104_3,105_8,140,140,72,77,252,1483.31,d2138ae748e8dadb3e324b7431ab6f056232cecdebf53e99c8658d3414c0d348,04c032c96d03a2f5cb110bc01e9cae24b6ec4611acb362dbf8375d8f2c9ca58b
legacy,train,impostor,104,104_4,105_5,140,140,74,77,263,442,11de29ce41afc0da6c5fa305939fabad8774bd926b1fd529e6767d5bf0affc68,b74ea9f09f3dc172b894b9419014e848b2659dd29e23c747b3d9d1e1835325d8
legacy,train,impostor,104,104_4,105_6,140,140,74,77,267,437.79,11de29ce41afc0da6c5fa305939fabad8774bd926b1fd529e6767d5bf0affc68,ab04582671a99209b46a8772263d77f22c7675e247283b2fe0d5078350cff0bc
legacy,train,impostor,104,104_4,105_7,140,140,74,77,19,464.54,11de29ce41afc0da6c5fa305939fabad8774bd926b1fd529e6767d5bf0affc68,67fda200f8adf578acd1d810a874ce9c626e699087cfd3381eab3d2ed785b107
legacy,train,impostor,104,104_4,105_8,140,140,74,77,261,1438.74,11de29ce41afc0da6c5fa305939fabad8774bd926b1fd529e6767d5bf0affc68,04c032c96d03a2f5cb110bc01e9cae24b6ec4611acb362dbf8375d8f2c9ca58b
legacy,train,impostor,104,104_5,105_6,140,140,70,77,228,445.43,0b016844c7cd20763aa2af2d8dfd3be02651a01f1a394b670ba574aa80a078b4,ab04582671a99209b46a8772263d77f22c7675e247283b2fe0d5078350cff0bc
legacy,train,impostor,104,104_5,105_7,140,140,70,77,51,584.66,0b016844c7cd20763aa2af2d8dfd3be02651a01f1a394b670ba574aa80a078b4,67fda200f8adf578acd1d810a874ce9c626e699087cfd3381eab3d2ed785b107
legacy,train,impostor,104,104_5,105_8,140,140,70,77,227,1772.38,0b016844c7cd20763aa2af2d8dfd3be02651a01f1a394b670ba574aa80a078b4,04c032c96d03a2f5cb110bc01e9cae24b6ec4611acb362dbf8375d8f2c9ca58b
legacy,train,impostor,104,104_6,105_7,140,140,75,77,29,436.25,b0706f915a5c71468152eb950b2a86e9a27ab88ee45c0597b2404668d32934a8,67fda200f8adf578acd1d810a874ce9c626e699087cfd3381eab3d2ed785b107
legacy,train,impostor,104,104_6,105_8,140,140,75,77,270,1616.71,b0706f915a5c71468152eb950b2a86e9a27ab88ee45c0597b2404668d32934a8,04c032c96d03a2f5cb110bc01e9cae24b6ec4611acb362dbf8375d8f2c9ca58b
legacy,train,impostor,104,104_7,105_8,140,140,72,77,166,418.7,75e01f7006fec66bebd11ccf2228d7a5824dc9fc6c208d6fbab87f3f38e3a47b,04c032c96d03a2f5cb110bc01e9cae24b6ec4611acb362dbf8375d8f2c9ca58b
legacy,train,impostor,105,105_1,106_2,140,140,78,75,240,612.94,463a757c635cfad1f880e5278f6fa12e597469b94ade79d5472cbfadb8d3483d,d645a4d9e4ed05a4ca2836a8fb71140b8885e24deb94f052c5c8259e08599b5b
legacy,train,impostor,105,105_1,106_3,140,140,78,73,279,860.27,463a757c635cfad1f880e5278f6fa12e597469b94ade79d5472cbfadb8d3483d,0f045576ca8d3a586dc121cd753cb37748052ce7aaf6f31a88d91295273347ac
legacy,train,impostor,105,105_1,106_4,140,140,78,75,288,433.31,463a757c635cfad1f880e5278f6fa12e597469b94ade79d5472cbfadb8d3483d,b1dd8de31c64c180a4218f5d100fc6a06be0ecee89b24ca680830133b7bc0423
legacy,train,impostor,105,105_1,106_5,140,140,78,71,286,477.78,463a757c635cfad1f880e5278f6fa12e597469b94ade79d5472cbfadb8d3483d,fc65a45d9dc3004678a0fbdcbc6e9540e68d56b0557ec21b44466ad4dca53f99
legacy,train,impostor,105,105_1,106_6,140,140,78,72,271,458.33,463a757c635cfad1f880e5278f6fa12e597469b94ade79d5472cbfadb8d3483d,68861a351f5f0e7de3594a4573c151f4b7d878b3b5f4931875e42053a149bf00
legacy,train,impostor,105,105_1,106_7,140,140,78,74,270,456.88,463a757c635cfad1f880e5278f6fa12e597469b94ade79d5472cbfadb8d3483d,0743c35364a148245bdbd1501102c3d02b3b6aa022849d4fce2f59d38230b931
legacy,train,impostor,105,105_1,106_8,140,140,78,73,281,476.57,463a757c635cfad1f880e5278f6fa12e597469b94ade79d5472cbfadb8d3483d,c48d34bd099e20bc5701fcdf8d4215652d16accdc0caccf8954f38c467104970
legacy,train,impostor,105,105_2,106_3,140,140,78,73,254,1038.74,4c8bd0e5dbf7bf39f956db2b98ed245bd31f709866c81e32f30c4cec37c2fc73,0f045576ca8d3a586dc121cd753cb37748052ce7aaf6f31a88d91295273347ac
legacy,train,impostor,105,105_2,106_4,140,140,78,75,281,757,4c8bd0e5dbf7bf39f956db2b98ed245bd31f709866c81e32f30c4cec37c2fc73,b1dd8de31c64c180a4218f5d100fc6a06be0ecee89b24ca680830133b7bc0423
legacy,train,impostor,105,105_2,106_5,140,140,78,71,271,758.17,4c8bd0e5dbf7bf39f956db2b98ed245bd31f709866c81e32f30c4cec37c2fc73,fc65a45d9dc3004678a0fbdcbc6e9540e68d56b0557ec21b44466ad4dca53f99
legacy,train,impostor,105,105_2,106_6,140,140,78,72,267,649.54,4c8bd0e5dbf7bf39f956db2b98ed245bd31f709866c81e32f30c4cec37c2fc73,68861a351f5f0e7de3594a4573c151f4b7d878b3b5f4931875e42053a149bf00
legacy,train,impostor,105,105_2,106_7,140,140,78,74,258,809.79,4c8bd0e5dbf7bf39f956db2b98ed245bd31f709866c81e32f30c4cec37c2fc73,0743c35364a148245bdbd1501102c3d02b3b6aa022849d4fce2f59d38230b931
legacy,train,impostor,105,105_2,106_8,140,140,78,73,284,642.62,4c8bd0e5dbf7bf39f956db2b98ed245bd31f709866c81e32f30c4cec37c2fc73,c48d34bd099e20bc5701fcdf8d4215652d16accdc0caccf8954f38c467104970
legacy,train,impostor,105,105_3,106_4,140,140,76,75,35,503.39,1e71ef843613e18e6ed95f0a6f7be6d4fb84763f5cd2aa06e0d2a1bad9e1a81a,b1dd8de31c64c180a4218f5d100fc6a06be0ecee89b24ca680830133b7bc0423
legacy,train,impostor,105,105_3,106_5,140,140,76,71,40,560.46,1e71ef843613e18e6ed95f0a6f7be6d4fb84763f5cd2aa06e0d2a1bad9e1a81a,fc65a45d9dc3004678a0fbdcbc6e9540e68d56b0557ec21b44466ad4dca53f99
legacy,train,impostor,105,105_3,106_6,140,140,76,72,21,659.54,1e71ef843613e18e6ed95f0a6f7be6d4fb84763f5cd2aa06e0d2a1bad9e1a81a,68861a351f5f0e7de3594a4573c151f4b7d878b3b5f4931875e42053a149bf00
legacy,train,impostor,105,105_3,106_7,140,140,76,74,45,753.9,1e71ef843613e18e6ed95f0a6f7be6d4fb84763f5cd2aa06e0d2a1bad9e1a81a,0743c35364a148245bdbd1501102c3d02b3b6aa022849d4fce2f59d38230b931
legacy,train,impostor,105,105_3,106_8,140,140,76,73,24,474.1,1e71ef843613e18e6ed95f0a6f7be6d4fb84763f5cd2aa06e0d2a1bad9e1a81a,c48d34bd099e20bc5701fcdf8d4215652d16accdc0caccf8954f38c467104970
legacy,train,impostor,105,105_4,106_5,140,140,78,71,202,2800.88,88ecdaa8b90ef03eb16dae13c2706d0076aeae27e9f9de49b9aaf8db7add7e88,fc65a45d9dc3004678a0fbdcbc6e9540e68d56b0557ec21b44466ad4dca53f99
legacy,train,impostor,105,105_4,106_6,140,140,78,72,195,2514.46,88ecdaa8b90ef03eb16dae13c2706d0076aeae27e9f9de49b9aaf8db7add7e88,68861a351f5f0e7de3594a4573c151f4b7d878b3b5f4931875e42053a149bf00
legacy,train,impostor,105,105_4,106_7,140,140,78,74,193,2265.81,88ecdaa8b90ef03eb16dae13c2706d0076aeae27e9f9de49b9aaf8db7add7e88,0743c35364a148245bdbd1501102c3d02b3b6aa022849d4fce2f59d38230b931
legacy,train,impostor,105,105_4,106_8,140,140,78,73,198,3306.18,88ecdaa8b90ef03eb16dae13c2706d0076aeae27e9f9de49b9aaf8db7add7e88,c48d34bd099e20bc5701fcdf8d4215652d16accdc0caccf8954f38c467104970
legacy,train,impostor,105,105_5,106_6,140,140,77,72,262,441.84,b74ea9f09f3dc172b894b9419014e848b2659dd29e23c747b3d9d1e1835325d8,68861a351f5f0e7de3594a4573c151f4b7d878b3b5f4931875e42053a149bf00
legacy,train,impostor,105,105_5,106_7,140,140,77,74,254,479.41,b74ea9f09f3dc172b894b9419014e848b2659dd29e23c747b3d9d1e1835325d8,0743c35364a148245bdbd1501102c3d02b3b6aa022849d4fce2f59d38230b931
legacy,train,impostor,105,105_5,106_8,140,140,77,73,275,498.46,b74ea9f09f3dc172b894b9419014e848b2659dd29e23c747b3d9d1e1835325d8,c48d34bd099e20bc5701fcdf8d4215652d16accdc0caccf8954f38c467104970
legacy,train,impostor,105,105_6,106_7,140,140,77,74,270,486.36,ab04582671a99209b46a8772263d77f22c7675e247283b2fe0d5078350cff0bc,0743c35364a148245bdbd1501102c3d02b3b6aa022849d4fce2f59d38230b931
legacy,train,impostor,105,105_6,106_8,140,140,77,73,276,471.47,ab04582671a99209b46a8772263d77f22c7675e247283b2fe0d5078350cff0bc,c48d34bd099e20bc5701fcdf8d4215652d16accdc0caccf8954f38c467104970
legacy,train,impostor,105,105_7,106_8,140,140,77,73,27,500.46,67fda200f8adf578acd1d810a874ce9c626e699087cfd3381eab3d2ed785b107,c48d34bd099e20bc5701fcdf8d4215652d16accdc0caccf8954f38c467104970
legacy,validation,impostor,106,106_1,107_2,140,140,74,77,252,625.63,f05cd2d7f67aae517a21a0d924b4ca2ab59b92fea4f7f8f38e47f947d1ce686a,2b80e139907fe755d00daedcd6a715797960ca41ec83c5b6f57988c7e5cdd889
legacy,validation,impostor,106,106_1,107_3,140,140,74,75,222,454.49,f05cd2d7f67aae517a21a0d924b4ca2ab59b92fea4f7f8f38e47f947d1ce686a,7248e27d86a5d36bbb2fb00010aca5ad2cb32da5ebdd66e7f273d163be2ccd94
legacy,validation,impostor,106,106_1,107_4,140,140,74,75,255,482.69,f05cd2d7f67aae517a21a0d924b4ca2ab59b92fea4f7f8f38e47f947d1ce686a,f556895e399849a346920a32cad7a8e6421e7c816d79513bedfee476f22b3933
legacy,validation,impostor,106,106_1,107_5,140,140,74,72,214,419.78,f05cd2d7f67aae517a21a0d924b4ca2ab59b92fea4f7f8f38e47f947d1ce686a,b8510b9fb5867c20739b11c79915076bae169d8730be6cbf41ff3253e3cee440
legacy,validation,impostor,106,106_1,107_6,140,140,74,74,216,493.96,f05cd2d7f67aae517a21a0d924b4ca2ab59b92fea4f7f8f38e47f947d1ce686a,c7f85ac1e7e6063d333932685d4080d808d52e29a883de1e978c0ea287546c2c
legacy,validation,impostor,106,106_1,107_7,140,140,74,71,212,1082.31,f05cd2d7f67aae517a21a0d924b4ca2ab59b92fea4f7f8f38e47f947d1ce686a,120c0ff19752ea9ceb04942bef82cba4867bb06329272b843dda32e417b34a72
legacy,validation,impostor,106,106_1,107_8,140,140,74,72,208,901.49,f05cd2d7f67aae517a21a0d924b4ca2ab59b92fea4f7f8f38e47f947d1ce686a,df52c710cc6efb2271494277a4f1669a2e9af9fa0c98f5acb48b187b4e81cae1
legacy,validation,impostor,106,106_2,107_3,140,140,75,75,17,714.14,d645a4d9e4ed05a4ca2836a8fb71140b8885e24deb94f052c5c8259e08599b5b,7248e27d86a5d36bbb2fb00010aca5ad2cb32da5ebdd66e7f273d163be2ccd94
legacy,validation,impostor,106,106_2,107_4,140,140,75,75,13,646.13,d645a4d9e4ed05a4ca2836a8fb71140b8885e24deb94f052c5c8259e08599b5b,f556895e399849a346920a32cad7a8e6421e7c816d79513bedfee476f22b3933
legacy,validation,impostor,106,106_2,107_5,140,140,75,72,209,815.04,d645a4d9e4ed05a4ca2836a8fb71140b8885e24deb94f052c5c8259e08599b5b,b8510b9fb5867c20739b11c79915076bae169d8730be6cbf41ff3253e3cee440
legacy,validation,impostor,106,106_2,107_6,140,140,75,74,218,905.68,d645a4d9e4ed05a4ca2836a8fb71140b8885e24deb94f052c5c8259e08599b5b,c7f85ac1e7e6063d333932685d4080d808d52e29a883de1e978c0ea287546c2c
legacy,validation,impostor,106,106_2,107_7,140,140,75,71,39,633.59,d645a4d9e4ed05a4ca2836a8fb71140b8885e24deb94f052c5c8259e08599b5b,120c0ff19752ea9ceb04942bef82cba4867bb06329272b843dda32e417b34a72
legacy,validation,impostor,106,106_2,107_8,140,140,75,72,19,503.48,d645a4d9e4ed05a4ca2836a8fb71140b8885e24deb94f052c5c8259e08599b5b,df52c710cc6efb2271494277a4f1669a2e9af9fa0c98f5acb48b187b4e81cae1
legacy,validation,impostor,106,106_3,107_4,140,140,73,75,273,484.43,0f045576ca8d3a586dc121cd753cb37748052ce7aaf6f31a88d91295273347ac,f556895e399849a346920a32cad7a8e6421e7c816d79513bedfee476f22b3933
legacy,validation,impostor,106,106_3,107_5,140,140,73,72,226,453.98,0f045576ca8d3a586dc121cd753cb37748052ce7aaf6f31a88d91295273347ac,b8510b9fb5867c20739b11c79915076bae169d8730be6cbf41ff3253e3cee440
legacy,validation,impostor,106,106_3,107_6,140,140,73,74,239,433.47,0f045576ca8d3a586dc121cd753cb37748052ce7aaf6f31a88d91295273347ac,c7f85ac1e7e6063d333932685d4080d808d52e29a883de1e978c0ea287546c2c
legacy,validation,impostor,106,106_3,107_7,140,140,73,71,16,461.18,0f045576ca8d3a586dc121cd753cb37748052ce7aaf6f31a88d91295273347ac,120c0ff19752ea9ceb04942bef82cba4867bb06329272b843dda32e417b34a72
legacy,validation,impostor,106,106_3,107_8,140,140,73,72,23,606.46,0f045576ca8d3a586dc121cd753cb37748052ce7aaf6f31a88d91295273347ac,df52c710cc6efb2271494277a4f1669a2e9af9fa0c98f5acb48b187b4e81cae1
legacy,validation,impostor,106,106_4,107_5,140,140,75,72,221,448.12,b1dd8de31c64c180a4218f5d100fc6a06be0ecee89b24ca680830133b7bc0423,b8510b9fb5867c20739b11c79915076bae169d8730be6cbf41ff3253e3cee440
legacy,validation,impostor,106,106_4,107_6,140,140,75,74,231,438.05,b1dd8de31c64c180a4218f5d100fc6a06be0ecee89b24ca680830133b7bc0423,c7f85ac1e7e6063d333932685d4080d808d52e29a883de1e978c0ea287546c2c
legacy,validation,impostor,106,106_4,107_7,140,140,75,71,195,1058.85,b1dd8de31c64c180a4218f5d100fc6a06be0ecee89b24ca680830133b7bc0423,120c0ff19752ea9ceb04942bef82cba4867bb06329272b843dda32e417b34a72
legacy,validation,impostor,106,106_4,107_8,140,140,75,72,173,866.1,b1dd8de31c64c180a4218f5d100fc6a06be0ecee89b24ca680830133b7bc0423,df52c710cc6efb2271494277a4f1669a2e9af9fa0c98f5acb48b187b4e81cae1
legacy,validation,impostor,106,106_5,107_6,140,140,71,74,236,427.19,fc65a45d9dc3004678a0fbdcbc6e9540e68d56b0557ec21b44466ad4dca53f99,c7f85ac1e7e6063d333932685d4080d808d52e29a883de1e978c0ea287546c2c
legacy,validation,impostor,106,106_5,107_7,140,140,71,71,204,1162.96,fc65a45d9dc3004678a0fbdcbc6e9540e68d56b0557ec21b44466ad4dca53f99,120c0ff19752ea9ceb04942bef82cba4867bb06329272b843dda32e417b34a72
legacy,validation,impostor,106,106_5,107_8,140,140,71,72,195,790.69,fc65a45d9dc3004678a0fbdcbc6e9540e68d56b0557ec21b44466ad4dca53f99,df52c710cc6efb2271494277a4f1669a2e9af9fa0c98f5acb48b187b4e81cae1
legacy,validation,impostor,106,106_6,107_7,140,140,72,71,128,837.09,68861a351f5f0e7de3594a4573c151f4b7d878b3b5f4931875e42053a149bf00,120c0ff19752ea9ceb04942bef82cba4867bb06329272b843dda32e417b34a72
legacy,validation,impostor,106,106_6,107_8,140,140,72,72,80,484.68,68861a351f5f0e7de3594a4573c151f4b7d878b3b5f4931875e42053a149bf00,df52c710cc6efb2271494277a4f1669a2e9af9fa0c98f5acb48b187b4e81cae1
legacy,validation,impostor,106,106_7,107_8,140,140,74,72,169,947.36,0743c35364a148245bdbd1501102c3d02b3b6aa022849d4fce2f59d38230b931,df52c710cc6efb2271494277a4f1669a2e9af9fa0c98f5acb48b187b4e81cae1
legacy,validation,impostor,107,107_1,108_2,140,140,76,75,261,407.8,3696de3ebf2f0af7205826744e2762ae00dbc4d135e44cd6790d1947c1f8300b,6a605fede2ad3c09da2af19bdfd58c920c4b269b474faf43a7cbb2427c4a8179
legacy,validation,impostor,107,107_1,108_3,140,140,76,76,275,1418.38,3696de3ebf2f0af7205826744e2762ae00dbc4d135e44cd6790d1947c1f8300b,0eea0b3d059c4594dbedb46a4cb3c040b39f78751568a8f65c295a277992db48
legacy,validation,impostor,107,107_1,108_4,140,140,76,77,272,418.69,3696de3ebf2f0af7205826744e2762ae00dbc4d135e44cd6790d1947c1f8300b,c75d322a2af09ad76c57c0777424e359232cf47d3ccbe3483b6d60737fa537b9
legacy,validation,impostor,107,107_1,108_5,140,140,76,78,276,570.75,3696de3ebf2f0af7205826744e2762ae00dbc4d135e44cd6790d1947c1f8300b,9ad5417e5ef34e74f3f0b01ecf4e261914ccb309b2a2ebadcac0df4e43562c03
legacy,validation,impostor,107,107_1,108_6,140,140,76,77,281,446.99,3696de3ebf2f0af7205826744e2762ae00dbc4d135e44cd6790d1947c1f8300b,32ad84bf727a93d486393cb97bd78d51e8374902e19537d8c2d4deb74cf909e2
legacy,validation,impostor,107,107_1,108_7,140,140,76,78,292,475.54,3696de3ebf2f0af7205826744e2762ae00dbc4d135e44cd6790d1947c1f8300b,d42894485daa4bdf77ea6be7dd43ff442d936c8a195feea7dadc47cb38ff452b
legacy,validation,impostor,107,107_1,108_8,140,140,76,79,276,415.85,3696de3ebf2f0af7205826744e2762ae00dbc4d135e44cd6790d1947c1f8300b,af8f826f893799cc2ccbf8536992d90e34f237f8a072a4295414711673b036de
legacy,validation,impostor,107,107_2,108_3,140,140,77,76,282,2015.96,2b80e139907fe755d00daedcd6a715797960ca41ec83c5b6f57988c7e5cdd889,0eea0b3d059c4594dbedb46a4cb3c040b39f78751568a8f65c295a277992db48
legacy,validation,impostor,107,107_2,108_4,140,140,77,77,288,433.35,2b80e139907fe755d00daedcd6a715797960ca41ec83c5b6f57988c7e5cdd889,c75d322a2af09ad76c57c0777424e359232cf47d3ccbe3483b6d60737fa537b9
legacy,validation,impostor,107,107_2,108_5,140,140,77,78,284,484.9,2b80e139907fe755d00daedcd6a715797960ca41ec83c5b6f57988c7e5cdd889,9ad5417e5ef34e74f3f0b01ecf4e261914ccb309b2a2ebadcac0df4e43562c03
legacy,validation,impostor,107,107_2,108_6,140,140,77,77,287,436.54,2b80e139907fe755d00daedcd6a715797960ca41ec83c5b6f57988c7e5cdd889,32ad84bf727a93d486393cb97bd78d51e8374902e19537d8c2d4deb74cf909e2
legacy,validation,impostor,107,107_2,108_7,140,140,77,78,296,594.29,2b80e139907fe755d00daedcd6a715797960ca41ec83c5b6f57988c7e5cdd889,d42894485daa4bdf77ea6be7dd43ff442d936c8a195feea7dadc47cb38ff452b
legacy,validation,impostor,107,107_2,108_8,140,140,77,79,289,418.63,2b80e139907fe755d00daedcd6a715797960ca41ec83c5b6f57988c7e5cdd889,af8f826f893799cc2ccbf8536992d90e34f237f8a072a4295414711673b036de
legacy,validation,impostor,107,107_3,108_4,140,140,75,77,285,465.82,7248e27d86a5d36bbb2fb00010aca5ad2cb32da5ebdd66e7f273d163be2ccd94,c75d322a2af09ad76c57c0777424e359232cf47d3ccbe3483b6d60737fa537b9
legacy,validation,impostor,107,107_3,108_5,140,140,75,78,265,456.82,7248e27d86a5d36bbb2fb00010aca5ad2cb32da5ebdd66e7f273d163be2ccd94,9ad5417e5ef34e74f3f0b01ecf4e261914ccb309b2a2ebadcac0df4e43562c03
legacy,validation,impostor,107,107_3,108_6,140,140,75,77,264,475.81,7248e27d86a5d36bbb2fb00010aca5ad2cb32da5ebdd66e7f273d163be2ccd94,32ad84bf727a93d486393cb97bd78d51e8374902e19537d8c2d4deb74cf909e2
legacy,validation,impostor,107,107_3,108_7,140,140,75,78,264,467.33,7248e27d86a5d36bbb2fb00010aca5ad2cb32da5ebdd66e7f273d163be2ccd94,d42894485daa4bdf77ea6be7dd43ff442d936c8a195feea7dadc47cb38ff452b
legacy,validation,impostor,107,107_3,108_8,140,140,75,79,269,424.15,7248e27d86a5d36bbb2fb00010aca5ad2cb32da5ebdd66e7f273d163be2ccd94,af8f826f893799cc2ccbf8536992d90e34f237f8a072a4295414711673b036de
legacy,validation,impostor,107,107_4,108_5,140,140,75,78,284,500.32,f556895e399849a346920a32cad7a8e6421e7c816d79513bedfee476f22b3933,9ad5417e5ef34e74f3f0b01ecf4e261914ccb309b2a2ebadcac0df4e43562c03
legacy,validation,impostor,107,107_4,108_6,140,140,75,77,285,442.98,f556895e399849a346920a32cad7a8e6421e7c816d79513bedfee476f22b3933,32ad84bf727a93d486393cb97bd78d51e8374902e19537d8c2d4deb74cf909e2
legacy,validation,impostor,107,107_4,108_7,140,140,75,78,298,467.76,f556895e399849a346920a32cad7a8e6421e7c816d79513bedfee476f22b3933,d42894485daa4bdf77ea6be7dd43ff442d936c8a195feea7dadc47cb38ff452b
legacy,validation,impostor,107,107_4,108_8,140,140,75,79,286,438.56,f556895e399849a346920a32cad7a8e6421e7c816d79513bedfee476f22b3933,af8f826f893799cc2ccbf8536992d90e34f237f8a072a4295414711673b036de
legacy,validation,impostor,107,107_5,108_6,140,140,72,77,239,600.49,b8510b9fb5867c20739b11c79915076bae169d8730be6cbf41ff3253e3cee440,32ad84bf727a93d486393cb97bd78d51e8374902e19537d8c2d4deb74cf909e2
legacy,validation,impostor,107,107_5,108_7,140,140,72,78,235,386.71,b8510b9fb5867c20739b11c79915076bae169d8730be6cbf41ff3253e3cee440,d42894485daa4bdf77ea6be7dd43ff442d936c8a195feea7dadc47cb38ff452b
legacy,validation,impostor,107,107_5,108_8,140,140,72,79,236,435.79,b8510b9fb5867c20739b11c79915076bae169d8730be6cbf41ff3253e3cee440,af8f826f893799cc2ccbf8536992d90e34f237f8a072a4295414711673b036de
legacy,validation,impostor,107,107_6,108_7,140,140,74,78,249,420.26,c7f85ac1e7e6063d333932685d4080d808d52e29a883de1e978c0ea287546c2c,d42894485daa4bdf77ea6be7dd43ff442d936c8a195feea7dadc47cb38ff452b
legacy,validation,impostor,107,107_6,108_8,140,140,74,79,247,405.76,c7f85ac1e7e6063d333932685d4080d808d52e29a883de1e978c0ea287546c2c,af8f826f893799cc2ccbf8536992d90e34f237f8a072a4295414711673b036de
legacy,validation,impostor,107,107_7,108_8,140,140,71,79,208,942.87,120c0ff19752ea9ceb04942bef82cba4867bb06329272b843dda32e417b34a72,af8f826f893799cc2ccbf8536992d90e34f237f8a072a4295414711673b036de
legacy,validation,impostor,108,108_1,109_2,140,140,76,73,84,893.07,effc8818f805ca8f621ff604f497117d9b129aa6282440013b0b596f8b8e4a06,1f6499cc82d4fb76ef7aa7b8052878bdb5f316386523ee36e98a7aacfe0f70ee
legacy,validation,impostor,108,108_1,109_3,140,140,76,73,84,752.15,effc8818f805ca8f621ff604f497117d9b129aa6282440013b0b596f8b8e4a06,417445c934a6a0e76c38843b523e5bed4c57f910e690c62ebf55f4a764618ca9
legacy,validation,impostor,108,108_1,109_4,140,140,76,73,132,564.63,effc8818f805ca8f621ff604f497117d9b129aa6282440013b0b596f8b8e4a06,6383d3505ca83c1bf88151af44216e8ebcac4a8a1e772c21b3421a7fa8b201d6
legacy,validation,impostor,108,108_1,109_5,140,140,76,74,286,569.83,effc8818f805ca8f621ff604f497117d9b129aa6282440013b0b596f8b8e4a06,414d9abdd9730d0a0de8c2b15fddb205d28076df5408761a0908a5697a969bbb
legacy,validation,impostor,108,108_1,109_6,140,140,76,70,191,429.15,effc8818f805ca8f621ff604f497117d9b129aa6282440013b0b596f8b8e4a06,9e4acbc7d549236733333323beefbeceb935ad5e67fa2543e5ab2a56275c80c5
legacy,validation,impostor,108,108_1,109_7,140,140,76,75,223,1281.5,effc8818f805ca8f621ff604f497117d9b129aa6282440013b0b596f8b8e4a06,4779031d5a48cc060993f998000ebb6b29ee8aef45af9c4ce437b8e3f4a376e3
legacy,validation,impostor,108,108_1,109_8,140,140,76,72,18,430.39,effc8818f805ca8f621ff604f497117d9b129aa6282440013b0b596f8b8e4a06,5ee10d3503a2fbd774f0a59ab2a8226e4320f1fd41c247934a432c8c752fa642
legacy,validation,impostor,108,108_2,109_3,140,140,75,73,73,639.8,6a605fede2ad3c09da2af19bdfd58c920c4b269b474faf43a7cbb2427c4a8179,417445c934a6a0e76c38843b523e5bed4c57f910e690c62ebf55f4a764618ca9
legacy,validation,impostor,108,108_2,109_4,140,140,75,73,23,398.55,6a605fede2ad3c09da2af19bdfd58c920c4b269b474faf43a7cbb2427c4a8179,6383d3505ca83c1bf88151af44216e8ebcac4a8a1e772c21b3421a7fa8b201d6
legacy,validation,impostor,108,108_2,109_5,140,140,75,74,279,447.41,6a605fede2ad3c09da2af19bdfd58c920c4b269b474faf43a7cbb2427c4a8179,414d9abdd9730d0a0de8c2b15fddb205d28076df5408761a0908a5697a969bbb
legacy,validation,impostor,108,108_2,109_6,140,140,75,70,182,426.76,6a605fede2ad3c09da2af19bdfd58c920c4b269b474faf43a7cbb2427c4a8179,9e4acbc7d549236733333323beefbeceb935ad5e67fa2543e5ab2a56275c80c5
legacy,validation,impostor,108,108_2,109_7,140,140,75,75,27,521.17,6a605fede2ad3c09da2af19bdfd58c920c4b269b474faf43a7cbb2427c4a8179,4779031d5a48cc060993f998000ebb6b29ee8aef45af9c4ce437b8e3f4a376e3
legacy,validation,impostor,108,108_2,109_8,140,140,75,72,24,599.48,6a605fede2ad3c09da2af19bdfd58c920c4b269b474faf43a7cbb2427c4a8179,5ee10d3503a2fbd774f0a59ab2a8226e4320f1fd41c247934a432c8c752fa642
legacy,validation,impostor,108,108_3,109_4,140,140,76,73,92,505.91,0eea0b3d059c4594dbedb46a4cb3c040b39f78751568a8f65c295a277992db48,6383d3505ca83c1bf88151af44216e8ebcac4a8a1e772c21b3421a7fa8b201d6
legacy,validation,impostor,108,108_3,109_5,140,140,76,74,262,1267.31,0eea0b3d059c4594dbedb46a4cb3c040b39f78751568a8f65c295a277992db48,414d9abdd9730d0a0de8c2b15fddb205d28076df5408761a0908a5697a969bbb
legacy,validation,impostor,108,108_3,109_6,140,140,76,70,217,2494.32,0eea0b3d059c4594dbedb46a4cb3c040b39f78751568a8f65c295a277992db48,9e4acbc7d549236733333323beefbeceb935ad5e67fa2543e5ab2a56275c80c5
legacy,validation,impostor,108,108_3,109_7,140,140,76,75,214,428.59,0eea0b3d059c4594dbedb46a4cb3c040b39f78751568a8f65c295a277992db48,4779031d5a48cc060993f998000ebb6b29ee8aef45af9c4ce437b8e3f4a376e3
legacy,validation,impostor,108,108_3,109_8,140,140,76,72,17,549.64,0eea0b3d059c4594dbedb46a4cb3c040b39f78751568a8f65c295a277992db48,5ee10d3503a2fbd774f0a59ab2a8226e4320f1fd41c247934a432c8c752fa642
legacy,validation,impostor,108,108_4,109_5,140,140,77,74,293,444.62,c75d322a2af09ad76c57c0777424e359232cf47d3ccbe3483b6d60737fa537b9,414d9abdd9730d0a0de8c2b15fddb205d28076df5408761a0908a5697a969bbb
legacy,validation,impostor,108,108_4,109_6,140,140,77,70,187,443.65,c75d322a2af09ad76c57c0777424e359232cf47d3ccbe3483b6d60737fa537b9,9e4acbc7d549236733333323beefbeceb935ad5e67fa2543e5ab2a56275c80c5
legacy,validation,impostor,108,108_4,109_7,140,140,77,75,196,1281.08,c75d322a2af09ad76c57c0777424e359232cf47d3ccbe3483b6d60737fa537b9,4779031d5a48cc060993f998000ebb6b29ee8aef45af9c4ce437b8e3f4a376e3
legacy,validation,impostor,108,108_4,109_8,140,140,77,72,219,494.04,c75d322a2af09ad76c57c0777424e359232cf47d3ccbe3483b6d60737fa537b9,5ee10d3503a2fbd774f0a59ab2a8226e4320f1fd41c247934a432c8c752fa642
legacy,validation,impostor,108,108_5,109_6,140,140,78,70,205,699.15,9ad5417e5ef34e74f3f0b01ecf4e261914ccb309b2a2ebadcac0df4e43562c03,9e4acbc7d549236733333323beefbeceb935ad5e67fa2543e5ab2a56275c80c5
legacy,validation,impostor,108,108_5,109_7,140,140,78,75,29,483.64,9ad5417e5ef34e74f3f0b01ecf4e261914ccb309b2a2ebadcac0df4e43562c03,4779031d5a48cc060993f998000ebb6b29ee8aef45af9c4ce437b8e3f4a376e3
legacy,validation,impostor,108,108_5,109_8,140,140,78,72,20,433.24,9ad5417e5ef34e74f3f0b01ecf4e261914ccb309b2a2ebadcac0df4e43562c03,5ee10d3503a2fbd774f0a59ab2a8226e4320f1fd41c247934a432c8c752fa642
legacy,validation,impostor,108,108_6,109_7,140,140,77,75,212,1122.12,32ad84bf727a93d486393cb97bd78d51e8374902e19537d8c2d4deb74cf909e2,4779031d5a48cc060993f998000ebb6b29ee8aef45af9c4ce437b8e3f4a376e3
legacy,validation,impostor,108,108_6,109_8,140,140,77,72,224,733.59,32ad84bf727a93d486393cb97bd78d51e8374902e19537d8c2d4deb74cf909e2,5ee10d3503a2fbd774f0a59ab2a8226e4320f1fd41c247934a432c8c752fa642
legacy,validation,impostor,108,108_7,109_8,140,140,78,72,219,499.14,d42894485daa4bdf77ea6be7dd43ff442d936c8a195feea7dadc47cb38ff452b,5ee10d3503a2fbd774f0a59ab2a8226e4320f1fd41c247934a432c8c752fa642
legacy,validation,impostor,109,109_1,110_2,140,140,74,72,234,429.76,5a3f648dc2b9d5314003168934beecdc89f03e2865ba2cc3d39eab3de82d4a5d,93e3def186f910fa3e16efdcc7957936986cd1f030fe55b08e646c78593ec494
legacy,validation,impostor,109,109_1,110_3,140,140,74,76,235,432.64,5a3f648dc2b9d5314003168934beecdc89f03e2865ba2cc3d39eab3de82d4a5d,a38e2064ab5f6645f49858a1c2e30027755e1c925caf5ff64fe460312d1e3254
legacy,validation,impostor,109,109_1,110_4,140,140,74,76,227,404.76,5a3f648dc2b9d5314003168934beecdc89f03e2865ba2cc3d39eab3de82d4a5d,386ae83e5d0baa094d1e24fd40b44195592cdebb20b58c90e922e4380707e429
legacy,validation,impostor,109,109_1,110_5,140,140,74,74,223,411.05,5a3f648dc2b9d5314003168934beecdc89f03e2865ba2cc3d39eab3de82d4a5d,55da6102a20556c4e77f3731444e595856522a1a83fd774e59d5ac37b9d8a3df
legacy,validation,impostor,109,109_1,110_6,140,140,74,75,212,426.91,5a3f648dc2b9d5314003168934beecdc89f03e2865ba2cc3d39eab3de82d4a5d,2692302877503af865b11c2889c0ad2c9038935cff28f67e64634e65b7079429
legacy,validation,impostor,109,109_1,110_7,140,140,74,73,126,676.35,5a3f648dc2b9d5314003168934beecdc89f03e2865ba2cc3d39eab3de82d4a5d,2433bc5f8922541d0fa116c582b9b39fe06eb8bc03de35a66d796260c069249d
legacy,validation,impostor,109,109_1,110_8,140,140,74,73,171,416.46,5a3f648dc2b9d5314003168934beecdc89f03e2865ba2cc3d39eab3de82d4a5d,1974221e915cbcd6d2cc1570f781c5c4e0c08e00e477f5a040274782638e4005
legacy,validation,impostor,109,109_2,110_3,140,140,73,76,120,1092.88,1f6499cc82d4fb76ef7aa7b8052878bdb5f316386523ee36e98a7aacfe0f70ee,a38e2064ab5f6645f49858a1c2e30027755e1c925caf5ff64fe460312d1e3254
legacy,validation,impostor,109,109_2,110_4,140,140,73,76,118,933.44,1f6499cc82d4fb76ef7aa7b8052878bdb5f316386523ee36e98a7aacfe0f70ee,386ae83e5d0baa094d1e24fd40b44195592cdebb20b58c90e922e4380707e429
legacy,validation,impostor,109,109_2,110_5,140,140,73,74,109,900.73,1f6499cc82d4fb76ef7aa7b8052878bdb5f316386523ee36e98a7aacfe0f70ee,55da6102a20556c4e77f3731444e595856522a1a83fd774e59d5ac37b9d8a3df
legacy,validation,impostor,109,109_2,110_6,140,140,73,75,108,872.48,1f6499cc82d4fb76ef7aa7b8052878bdb5f316386523ee36e98a7aacfe0f70ee,2692302877503af865b11c2889c0ad2c9038935cff28f67e64634e65b7079429
legacy,validation,impostor,109,109_2,110_7,140,140,73,73,60,440.92,1f6499cc82d4fb76ef7aa7b8052878bdb5f316386523ee36e98a7aacfe0f70ee,2433bc5f8922541d0fa116c582b9b39fe06eb8bc03de35a66d796260c069249d
legacy,validation,impostor,109,109_2,110_8,140,140,73,73,123,751.92,1f6499cc82d4fb76ef7aa7b8052878bdb5f316386523ee36e98a7aacfe0f70ee,1974221e915cbcd6d2cc1570f781c5c4e0c08e00e477f5a040274782638e4005
legacy,validation,impostor,109,109_3,110_4,140,140,73,76,96,753.59,417445c934a6a0e76c38843b523e5bed4c57f910e690c62ebf55f4a764618ca9,386ae83e5d0baa094d1e24fd40b44195592cdebb20b58c90e922e4380707e429
legacy,validation,impostor,109,109_3,110_5,140,140,73,74,83,784.21,417445c934a6a0e76c38843b523e5bed4c57f910e690c62ebf55f4a764618ca9,55da6102a20556c4e77f3731444e595856522a1a83fd774e59d5ac37b9d8a3df
legacy,validation,impostor,109,109_3,110_6,140,140,73,75,81,715.56,417445c934a6a0e76c38843b523e5bed4c57f910e690c62ebf55f4a764618ca9,2692302877503af865b11c2889c0ad2c9038935cff28f67e64634e65b7079429
legacy,validation,impostor,109,109_3,110_7,140,140,73,73,112,428.8,417445c934a6a0e76c38843b523e5bed4c57f910e690c62ebf55f4a764618ca9,2433bc5f8922541d0fa116c582b9b39fe06eb8bc03de35a66d796260c069249d
legacy,validation,impostor,109,109_3,110_8,140,140,73,73,70,515.04,417445c934a6a0e76c38843b523e5bed4c57f910e690c62ebf55f4a764618ca9,1974221e915cbcd6d2cc1570f781c5c4e0c08e00e477f5a040274782638e4005
legacy,validation,impostor,109,109_4,110_5,140,140,73,74,125,1007.43,6383d3505ca83c1bf88151af44216e8ebcac4a8a1e772c21b3421a7fa8b201d6,55da6102a20556c4e77f3731444e595856522a1a83fd774e59d5ac37b9d8a3df
legacy,validation,impostor,109,109_4,110_6,140,140,73,75,125,982.86,6383d3505ca83c1bf88151af44216e8ebcac4a8a1e772c21b3421a7fa8b201d6,2692302877503af865b11c2889c0ad2c9038935cff28f67e64634e65b7079429
legacy,validation,impostor,109,109_4,110_7,140,140,73,73,67,348.69,6383d3505ca83c1bf88151af44216e8ebcac4a8a1e772c21b3421a7fa8b201d6,2433bc5f8922541d0fa116c582b9b39fe06eb8bc03de35a66d796260c069249d
legacy,validation,impostor,109,109_4,110_8,140,140,73,73,42,548.5,6383d3505ca83c1bf88151af44216e8ebcac4a8a1e772c21b3421a7fa8b201d6,1974221e915cbcd6d2cc1570f781c5c4e0c08e00e477f5a040274782638e4005
legacy,validation,impostor,109,109_5,110_6,140,140,74,75,226,437.81,414d9abdd9730d0a0de8c2b15fddb205d28076df5408761a0908a5697a969bbb,2692302877503af865b11c2889c0ad2c9038935cff28f67e64634e65b7079429
legacy,validation,impostor,109,109_5,110_7,140,140,74,73,97,495.38,414d9abdd9730d0a0de8c2b15fddb205d28076df5408761a0908a5697a969bbb,2433bc5f8922541d0fa116c582b9b39fe06eb8bc03de35a66d796260c069249d
legacy,validation,impostor,109,109_5,110_8,140,140,74,73,166,729.85,414d9abdd9730d0a0de8c2b15fddb205d28076df5408761a0908a5697a969bbb,1974221e915cbcd6d2cc1570f781c5c4e0c08e00e477f5a040274782638e4005
legacy,validation,impostor,109,109_6,110_7,140,140,70,73,84,564.36,9e4acbc7d549236733333323beefbeceb935ad5e67fa2543e5ab2a56275c80c5,2433bc5f8922541d0fa116c582b9b39fe06eb8bc03de35a66d796260c069249d
legacy,validation,impostor,109,109_6,110_8,140,140,70,73,165,537.55,9e4acbc7d549236733333323beefbeceb935ad5e67fa2543e5ab2a56275c80c5,1974221e915cbcd6d2cc1570f781c5c4e0c08e00e477f5a040274782638e4005
legacy,validation,impostor,109,109_7,110_8,140,140,75,73,60,420.35,4779031d5a48cc060993f998000ebb6b29ee8aef45af9c4ce437b8e3f4a376e3,1974221e915cbcd6d2cc1570f781c5c4e0c08e00e477f5a040274782638e4005
legacy,validation,impostor,110,110_1,101_2,140,140,72,76,230,1660.68,f9180c4deb2b35902346c95f6664387d9ed1e69edc7873bc794a03db8564170a,7fe2df44ffd7e70310b78e590388cb9ad69567d004f36a7ca6d183137e981dd3
legacy,validation,impostor,110,110_1,101_3,140,140,72,71,78,560.49,f9180c4deb2b35902346c95f6664387d9ed1e69edc7873bc794a03db8564170a,868ba2378c8c3b528d348f71960a20a1669f5b8662527a0dbfb5067b2c7e7e05
legacy,validation,impostor,110,110_1,101_4,140,140,72,72,275,1743.73,f9180c4deb2b35902346c95f6664387d9ed1e69edc7873bc794a03db8564170a,48aecebf751b608790fc7c0f57ce6c1da4030263b7e6f6cbd47418b026bb4bd7
legacy,validation,impostor,110,110_1,101_5,140,140,72,73,241,1705.18,f9180c4deb2b35902346c95f6664387d9ed1e69edc7873bc794a03db8564170a,4f8324194b729ad6ec2d08d58a9bbba3d85a1d1d4e16487c1fead278795388fc
legacy,validation,impostor,110,110_1,101_6,140,140,72,74,66,454.1,f9180c4deb2b35902346c95f6664387d9ed1e69edc7873bc794a03db8564170a,4b42e59a7336be4817774e9ec0e9c4aaa3e45f556a03b75f190aacc6a4067581
legacy,validation,impostor,110,110_1,101_7,140,140,72,74,95,628.63,f9180c4deb2b35902346c95f6664387d9ed1e69edc7873bc794a03db8564170a,22012d41b299c696726703c188e374c1678cce37d06640c083f7f45d48d32c0a
legacy,validation,impostor,110,110_1,101_8,140,140,72,72,230,753.64,f9180c4deb2b35902346c95f6664387d9ed1e69edc7873bc794a03db8564170a,2cd89d2aef9c8e0ab5eb14d47574d934101e98aa98f334bb0d48fbd65bb15031
legacy,validation,impostor,110,110_2,101_3,140,140,72,71,195,722.94,93e3def186f910fa3e16efdcc7957936986cd1f030fe55b08e646c78593ec494,868ba2378c8c3b528d348f71960a20a1669f5b8662527a0dbfb5067b2c7e7e05
legacy,validation,impostor,110,110_2,101_4,140,140,72,72,261,429.81,93e3def186f910fa3e16efdcc7957936986cd1f030fe55b08e646c78593ec494,48aecebf751b608790fc7c0f57ce6c1da4030263b7e6f6cbd47418b026bb4bd7
legacy,validation,impostor,110,110_2,101_5,140,140,72,73,263,524.28,93e3def186f910fa3e16efdcc7957936986cd1f030fe55b08e646c78593ec494,4f8324194b729ad6ec2d08d58a9bbba3d85a1d1d4e16487c1fead278795388fc
legacy,validation,impostor,110,110_2,101_6,140,140,72,74,84,791.75,93e3def186f910fa3e16efdcc7957936986cd1f030fe55b08e646c78593ec494,4b42e59a7336be4817774e9ec0e9c4aaa3e45f556a03b75f190aacc6a4067581
legacy,validation,impostor,110,110_2,101_7,140,140,72,74,237,694.71,93e3def186f910fa3e16efdcc7957936986cd1f030fe55b08e646c78593ec494,22012d41b299c696726703c188e374c1678cce37d06640c083f7f45d48d32c0a
legacy,validation,impostor,110,110_2,101_8,140,140,72,72,245,434.16,93e3def186f910fa3e16efdcc7957936986cd1f030fe55b08e646c78593ec494,2cd89d2aef9c8e0ab5eb14d47574d934101e98aa98f334bb0d48fbd65bb15031
legacy,validation,impostor,110,110_3,101_4,140,140,76,72,262,423.69,a38e2064ab5f6645f49858a1c2e30027755e1c925caf5ff64fe460312d1e3254,48aecebf751b608790fc7c0f57ce6c1da4030263b7e6f6cbd47418b026bb4bd7
legacy,validation,impostor,110,110_3,101_5,140,140,76,73,270,675.98,a38e2064ab5f6645f49858a1c2e30027755e1c925caf5ff64fe460312d1e3254,4f8324194b729ad6ec2d08d58a9bbba3d85a1d1d4e16487c1fead278795388fc
legacy,validation,impostor,110,110_3,101_6,140,140,76,74,77,671.41,a38e2064ab5f6645f49858a1c2e30027755e1c925caf5ff64fe460312d1e3254,4b42e59a7336be4817774e9ec0e9c4aaa3e45f556a03b75f190aacc6a4067581
legacy,validation,impostor,110,110_3,101_7,140,140,76,74,240,700.66,a38e2064ab5f6645f49858a1c2e30027755e1c925caf5ff64fe460312d1e3254,22012d41b299c696726703c188e374c1678cce37d06640c083f7f45d48d32c0a
legacy,validation,impostor,110,110_3,101_8,140,140,76,72,248,432.63,a38e2064ab5f6645f49858a1c2e30027755e1c925caf5ff64fe460312d1e3254,2cd89d2aef9c8e0ab5eb14d47574d934101e98aa98f334bb0d48fbd65bb15031
legacy,validation,impostor,110,110_4,101_5,140,140,76,73,267,540.54,386ae83e5d0baa094d1e24fd40b44195592cdebb20b58c90e922e4380707e429,4f8324194b729ad6ec2d08d58a9bbba3d85a1d1d4e16487c1fead278795388fc
legacy,validation,impostor,110,110_4,101_6,140,140,76,74,83,740.23,386ae83e5d0baa094d1e24fd40b44195592cdebb20b58c90e922e4380707e429,4b42e59a7336be4817774e9ec0e9c4aaa3e45f556a03b75f190aacc6a4067581
legacy,validation,impostor,110,110_4,101_7,140,140,76,74,242,751.5,386ae83e5d0baa094d1e24fd40b44195592cdebb20b58c90e922e4380707e429,22012d41b299c696726703c188e374c1678cce37d06640c083f7f45d48d32c0a
legacy,validation,impostor,110,110_4,101_8,140,140,76,72,242,420.86,386ae83e5d0baa094d1e24fd40b44195592cdebb20b58c90e922e4380707e429,2cd89d2aef9c8e0ab5eb14d47574d934101e98aa98f334bb0d48fbd65bb15031
legacy,validation,impostor,110,110_5,101_6,140,140,74,74,95,783.09,55da6102a20556c4e77f3731444e595856522a1a83fd774e59d5ac37b9d8a3df,4b42e59a7336be4817774e9ec0e9c4aaa3e45f556a03b75f190aacc6a4067581
legacy,validation,impostor,110,110_5,101_7,140,140,74,74,217,594.36,55da6102a20556c4e77f3731444e595856522a1a83fd774e59d5ac37b9d8a3df,22012d41b299c696726703c188e374c1678cce37d06640c083f7f45d48d32c0a
legacy,validation,impostor,110,110_5,101_8,140,140,74,72,225,433.23,55da6102a20556c4e77f3731444e595856522a1a83fd774e59d5ac37b9d8a3df,2cd89d2aef9c8e0ab5eb14d47574d934101e98aa98f334bb0d48fbd65bb15031
legacy,validation,impostor,110,110_6,101_7,140,140,75,74,213,518.65,2692302877503af865b11c2889c0ad2c9038935cff28f67e64634e65b7079429,22012d41b299c696726703c188e374c1678cce37d06640c083f7f45d48d32c0a
legacy,validation,impostor,110,110_6,101_8,140,140,75,72,213,403.75,2692302877503af865b11c2889c0ad2c9038935cff28f67e64634e65b7079429,2cd89d2aef9c8e0ab5eb14d47574d934101e98aa98f334bb0d48fbd65bb15031
legacy,validation,impostor,110,110_7,101_8,140,140,73,72,170,882.53,2433bc5f8922541d0fa116c582b9b39fe06eb8bc03de35a66d796260c069249d,2cd89d2aef9c8e0ab5eb14d47574d934101e98aa98f334bb0d48fbd65bb15031
