feed,split,label,subject,probe,reference,probeMinutiae,referenceMinutiae,probeQuality,referenceQuality,score,durationMs,probeTemplateHash,referenceTemplateHash
sourceafis,train,genuine,101,101_1,101_2,29,42,,,24,224.25,5e6ab7051504d7261bc8c93d92c096a9dff916b92bd2fdecf8a26871a79a4376,4aabb4d65a28b56e0972aade044b70ececeef26d6760c0c27f12b40f0012556f
sourceafis,train,genuine,101,101_1,101_3,29,24,,,3,199.22,5e6ab7051504d7261bc8c93d92c096a9dff916b92bd2fdecf8a26871a79a4376,4c22f3a04a590ae26532f23d3485ec3f52739731e7dfec071fbf352cc43c4810
sourceafis,train,genuine,101,101_1,101_4,29,71,,,6,190.34,5e6ab7051504d7261bc8c93d92c096a9dff916b92bd2fdecf8a26871a79a4376,122dbb9a32571a35e6d55e2a6ccc882b61337b3a9b755c63c28f3324aca77151
sourceafis,train,genuine,101,101_1,101_5,29,47,,,23,178.39,5e6ab7051504d7261bc8c93d92c096a9dff916b92bd2fdecf8a26871a79a4376,97af114bc7552cf3774a25d6b1889c503d0954a5933cf5c100431a3d4d0321d3
sourceafis,train,genuine,101,101_1,101_6,29,44,,,33,217.93,5e6ab7051504d7261bc8c93d92c096a9dff916b92bd2fdecf8a26871a79a4376,9345470dade59f65098836d8a512d4a3492e3f8bbd0c7b30f8b15d9bc95fba52
sourceafis,train,genuine,101,101_1,101_7,29,29,,,33,190.15,5e6ab7051504d7261bc8c93d92c096a9dff916b92bd2fdecf8a26871a79a4376,82663dd77ab163c462b820fc3c3087d5cf5e8011554daadcd6df412609c8f708
sourceafis,train,genuine,101,101_1,101_8,29,41,,,32,207.32,5e6ab7051504d7261bc8c93d92c096a9dff916b92bd2fdecf8a26871a79a4376,c89e6612e315373aedde6197549741f1a627d88d51e029c9103104eee2f00961
sourceafis,train,genuine,101,101_2,101_3,42,24,,,7,187.04,4aabb4d65a28b56e0972aade044b70ececeef26d6760c0c27f12b40f0012556f,4c22f3a04a590ae26532f23d3485ec3f52739731e7dfec071fbf352cc43c4810
sourceafis,train,genuine,101,101_2,101_4,42,71,,,10,190.47,4aabb4d65a28b56e0972aade044b70ececeef26d6760c0c27f12b40f0012556f,122dbb9a32571a35e6d55e2a6ccc882b61337b3a9b755c63c28f3324aca77151
sourceafis,train,genuine,101,101_2,101_5,42,47,,,28,201.6,4aabb4d65a28b56e0972aade044b70ececeef26d6760c0c27f12b40f0012556f,97af114bc7552cf3774a25d6b1889c503d0954a5933cf5c100431a3d4d0321d3
sourceafis,train,genuine,101,101_2,101_6,42,44,,,49,215.26,4aabb4d65a28b56e0972aade044b70ececeef26d6760c0c27f12b40f0012556f,9345470dade59f65098836d8a512d4a3492e3f8bbd0c7b30f8b15d9bc95fba52
sourceafis,train,genuine,101,101_2,101_7,42,29,,,57,291.1,4aabb4d65a28b56e0972aade044b70ececeef26d6760c0c27f12b40f0012556f,82663dd77ab163c462b820fc3c3087d5cf5e8011554daadcd6df412609c8f708
sourceafis,train,genuine,101,101_2,101_8,42,41,,,41,279.91,4aabb4d65a28b56e0972aade044b70ececeef26d6760c0c27f12b40f0012556f,c89e6612e315373aedde6197549741f1a627d88d51e029c9103104eee2f00961
sourceafis,train,genuine,101,101_3,101_4,24,71,,,17,181.38,4c22f3a04a590ae26532f23d3485ec3f52739731e7dfec071fbf352cc43c4810,122dbb9a32571a35e6d55e2a6ccc882b61337b3a9b755c63c28f3324aca77151
sourceafis,train,genuine,101,101_3,101_5,24,47,,,5,182.3,4c22f3a04a590ae26532f23d3485ec3f52739731e7dfec071fbf352cc43c4810,97af114bc7552cf3774a25d6b1889c503d0954a5933cf5c100431a3d4d0321d3
sourceafis,train,genuine,101,101_3,101_6,24,44,,,61,192.95,4c22f3a04a590ae26532f23d3485ec3f52739731e7dfec071fbf352cc43c4810,9345470dade59f65098836d8a512d4a3492e3f8bbd0c7b30f8b15d9bc95fba52
sourceafis,train,genuine,101,101_3,101_7,24,29,,,5,197.86,4c22f3a04a590ae26532f23d3485ec3f52739731e7dfec071fbf352cc43c4810,82663dd77ab163c462b820fc3c3087d5cf5e8011554daadcd6df412609c8f708
sourceafis,train,genuine,101,101_3,101_8,24,41,,,6,175.79,4c22f3a04a590ae26532f23d3485ec3f52739731e7dfec071fbf352cc43c4810,c89e6612e315373aedde6197549741f1a627d88d51e029c9103104eee2f00961
sourceafis,train,genuine,101,101_4,101_5,71,47,,,16,211.21,122dbb9a32571a35e6d55e2a6ccc882b61337b3a9b755c63c28f3324aca77151,97af114bc7552cf3774a25d6b1889c503d0954a5933cf5c100431a3d4d0321d3
sourceafis,train,genuine,101,101_4,101_6,71,44,,,45,196.06,122dbb9a32571a35e6d55e2a6ccc882b61337b3a9b755c63c28f3324aca77151,9345470dade59f65098836d8a512d4a3492e3f8bbd0c7b30f8b15d9bc95fba52
sourceafis,train,genuine,101,101_4,101_7,71,29,,,8,193.72,122dbb9a32571a35e6d55e2a6ccc882b61337b3a9b755c63c28f3324aca77151,82663dd77ab163c462b820fc3c3087d5cf5e8011554daadcd6df412609c8f708
sourceafis,train,genuine,101,101_4,101_8,71,41,,,9,215.21,122dbb9a32571a35e6d55e2a6ccc882b61337b3a9b755c63c28f3324aca77151,c89e6612e315373aedde6197549741f1a627d88d51e029c9103104eee2f00961
sourceafis,train,genuine,101,101_5,101_6,47,44,,,41,183.17,97af114bc7552cf3774a25d6b1889c503d0954a5933cf5c100431a3d4d0321d3,9345470dade59f65098836d8a512d4a3492e3f8bbd0c7b30f8b15d9bc95fba52
sourceafis,train,genuine,101,101_5,101_7,47,29,,,34,200.19,97af114bc7552cf3774a25d6b1889c503d0954a5933cf5c100431a3d4d0321d3,82663dd77ab163c462b820fc3c3087d5cf5e8011554daadcd6df412609c8f708
sourceafis,train,genuine,101,101_5,101_8,47,41,,,32,235.28,97af114bc7552cf3774a25d6b1889c503d0954a5933cf5c100431a3d4d0321d3,c89e6612e315373aedde6197549741f1a627d88d51e029c9103104eee2f00961
sourceafis,train,genuine,101,101_6,101_7,44,29,,,24,195.3,9345470dade59f65098836d8a512d4a3492e3f8bbd0c7b30f8b15d9bc95fba52,82663dd77ab163c462b820fc3c3087d5cf5e8011554daadcd6df412609c8f708
sourceafis,train,genuine,101,101_6,101_8,44,41,,,62,211.86,9345470dade59f65098836d8a512d4a3492e3f8bbd0c7b30f8b15d9bc95fba52,c89e6612e315373aedde6197549741f1a627d88d51e029c9103104eee2f00961
sourceafis,train,genuine,101,101_7,101_8,29,41,,,27,187.33,82663dd77ab163c462b820fc3c3087d5cf5e8011554daadcd6df412609c8f708,c89e6612e315373aedde6197549741f1a627d88d51e029c9103104eee2f00961
sourceafis,train,genuine,102,102_1,102_2,63,59,,,271,199.63,cef232da98a710c36805119f1dbcf7e166abe368c30a51dd08fac5a018bec564,dee5bc5c95217b5c1577b66043057fcecc5035ff257ee22f961e3355c6225ece
sourceafis,train,genuine,102,102_1,102_3,63,46,,,137,202.47,cef232da98a710c36805119f1dbcf7e166abe368c30a51dd08fac5a018bec564,6d0f026f47a34eb537db49623f3f849e7cd386b2549594afedabb3f23b521c59
sourceafis,train,genuine,102,102_1,102_4,63,53,,,175,192.92,cef232da98a710c36805119f1dbcf7e166abe368c30a51dd08fac5a018bec564,abc37af4fe0eebb1efb9463ba6aafd8b6a70cc38ccb07a0fc72a2af5f6499ef4
sourceafis,train,genuine,102,102_1,102_5,63,55,,,167,227.09,cef232da98a710c36805119f1dbcf7e166abe368c30a51dd08fac5a018bec564,912a1dcdffc1738ec3ee239991793b37490ad53f406fe49844dd44e5055981cd
sourceafis,train,genuine,102,102_1,102_6,63,47,,,60,191.56,cef232da98a710c36805119f1dbcf7e166abe368c30a51dd08fac5a018bec564,0689a46cd0c5e0d6d2c6838d3958ef5d4c059b36cff4eef3930649b832b34b98
sourceafis,train,genuine,102,102_1,102_7,63,58,,,221,204.92,cef232da98a710c36805119f1dbcf7e166abe368c30a51dd08fac5a018bec564,8007c9e8e5fdc7e3dd1e8ecfaad4f23c498ddacd12a296be6b23fa12ba0ece56
sourceafis,train,genuine,102,102_1,102_8,63,54,,,195,204.73,cef232da98a710c36805119f1dbcf7e166abe368c30a51dd08fac5a018bec564,d7fe4448f54ba2f822da02da19896daac06d42f8f5fb4720bf46b6e3085e341a
sourceafis,train,genuine,102,102_2,102_3,59,46,,,135,197.12,dee5bc5c95217b5c1577b66043057fcecc5035ff257ee22f961e3355c6225ece,6d0f026f47a34eb537db49623f3f849e7cd386b2549594afedabb3f23b521c59
sourceafis,train,genuine,102,102_2,102_4,59,53,,,204,212.02,dee5bc5c95217b5c1577b66043057fcecc5035ff257ee22f961e3355c6225ece,abc37af4fe0eebb1efb9463ba6aafd8b6a70cc38ccb07a0fc72a2af5f6499ef4
sourceafis,train,genuine,102,102_2,102_5,59,55,,,172,366.14,dee5bc5c95217b5c1577b66043057fcecc5035ff257ee22f961e3355c6225ece,912a1dcdffc1738ec3ee239991793b37490ad53f406fe49844dd44e5055981cd
sourceafis,train,genuine,102,102_2,102_6,59,47,,,45,204.67,dee5bc5c95217b5c1577b66043057fcecc5035ff257ee22f961e3355c6225ece,0689a46cd0c5e0d6d2c6838d3958ef5d4c059b36cff4eef3930649b832b34b98
sourceafis,train,genuine,102,102_2,102_7,59,58,,,240,218.92,dee5bc5c95217b5c1577b66043057fcecc5035ff257ee22f961e3355c6225ece,8007c9e8e5fdc7e3dd1e8ecfaad4f23c498ddacd12a296be6b23fa12ba0ece56
sourceafis,train,genuine,102,102_2,102_8,59,54,,,228,231.33,dee5bc5c95217b5c1577b66043057fcecc5035ff257ee22f961e3355c6225ece,d7fe4448f54ba2f822da02da19896daac06d42f8f5fb4720bf46b6e3085e341a
sourceafis,train,genuine,102,102_3,102_4,46,53,,,183,204.54,6d0f026f47a34eb537db49623f3f849e7cd386b2549594afedabb3f23b521c59,abc37af4fe0eebb1efb9463ba6aafd8b6a70cc38ccb07a0fc72a2af5f6499ef4
sourceafis,train,genuine,102,102_3,102_5,46,55,,,104,202.89,6d0f026f47a34eb537db49623f3f849e7cd386b2549594afedabb3f23b521c59,912a1dcdffc1738ec3ee239991793b37490ad53f406fe49844dd44e5055981cd
sourceafis,train,genuine,102,102_3,102_6,46,47,,,118,262.21,6d0f026f47a34eb537db49623f3f849e7cd386b2549594afedabb3f23b521c59,0689a46cd0c5e0d6d2c6838d3958ef5d4c059b36cff4eef3930649b832b34b98
sourceafis,train,genuine,102,102_3,102_7,46,58,,,137,197.79,6d0f026f47a34eb537db49623f3f849e7cd386b2549594afedabb3f23b521c59,8007c9e8e5fdc7e3dd1e8ecfaad4f23c498ddacd12a296be6b23fa12ba0ece56
sourceafis,train,genuine,102,102_3,102_8,46,54,,,106,217.96,6d0f026f47a34eb537db49623f3f849e7cd386b2549594afedabb3f23b521c59,d7fe4448f54ba2f822da02da19896daac06d42f8f5fb4720bf46b6e3085e341a
sourceafis,train,genuine,102,102_4,102_5,53,55,,,121,184.55,abc37af4fe0eebb1efb9463ba6aafd8b6a70cc38ccb07a0fc72a2af5f6499ef4,912a1dcdffc1738ec3ee239991793b37490ad53f406fe49844dd44e5055981cd
sourceafis,train,genuine,102,102_4,102_6,53,47,,,70,195.12,abc37af4fe0eebb1efb9463ba6aafd8b6a70cc38ccb07a0fc72a2af5f6499ef4,0689a46cd0c5e0d6d2c6838d3958ef5d4c059b36cff4eef3930649b832b34b98
sourceafis,train,genuine,102,102_4,102_7,53,58,,,148,189.39,abc37af4fe0eebb1efb9463ba6aafd8b6a70cc38ccb07a0fc72a2af5f6499ef4,8007c9e8e5fdc7e3dd1e8ecfaad4f23c498ddacd12a296be6b23fa12ba0ece56
sourceafis,train,genuine,102,102_4,102_8,53,54,,,207,221.29,abc37af4fe0eebb1efb9463ba6aafd8b6a70cc38ccb07a0fc72a2af5f6499ef4,d7fe4448f54ba2f822da02da19896daac06d42f8f5fb4720bf46b6e3085e341a
sourceafis,train,genuine,102,102_5,102_6,55,47,,,39,247.73,912a1dcdffc1738ec3ee239991793b37490ad53f406fe49844dd44e5055981cd,0689a46cd0c5e0d6d2c6838d3958ef5d4c059b36cff4eef3930649b832b34b98
sourceafis,train,genuine,102,102_5,102_7,55,58,,,173,189.98,912a1dcdffc1738ec3ee239991793b37490ad53f406fe49844dd44e5055981cd,8007c9e8e5fdc7e3dd1e8ecfaad4f23c498ddacd12a296be6b23fa12ba0ece56
sourceafis,train,genuine,102,102_5,102_8,55,54,,,137,198.8,912a1dcdffc1738ec3ee239991793b37490ad53f406fe49844dd44e5055981cd,d7fe4448f54ba2f822da02da19896daac06d42f8f5fb4720bf46b6e3085e341a
sourceafis,train,genuine,102,102_6,102_7,47,58,,,65,208.98,0689a46cd0c5e0d6d2c6838d3958ef5d4c059b36cff4eef3930649b832b34b98,8007c9e8e5fdc7e3dd1e8ecfaad4f23c498ddacd12a296be6b23fa12ba0ece56
sourceafis,train,genuine,102,102_6,102_8,47,54,,,41,197.89,0689a46cd0c5e0d6d2c6838d3958ef5d4c059b36cff4eef3930649b832b34b98,d7fe4448f54ba2f822da02da19896daac06d42f8f5fb4720bf46b6e3085e341a
sourceafis,train,genuine,102,102_7,102_8,58,54,,,163,207.93,8007c9e8e5fdc7e3dd1e8ecfaad4f23c498ddacd12a296be6b23fa12ba0ece56,d7fe4448f54ba2f822da02da19896daac06d42f8f5fb4720bf46b6e3085e341a
sourceafis,train,genuine,103,103_1,103_2,41,42,,,114,231.66,566ae74a6b35100d60ede7b3085ab14074ed44877c0232299631fc3e04da7b04,1d947686137f106cee0ac1011385fd157bbbeb9c464c01c906b6906b881c396d
sourceafis,train,genuine,103,103_1,103_3,41,43,,,215,199.94,566ae74a6b35100d60ede7b3085ab14074ed44877c0232299631fc3e04da7b04,5c06d70acec013379418aa97442c6602a2895576a078c34d0583105b727e8b83
sourceafis,train,genuine,103,103_1,103_4,41,29,,,21,184.34,566ae74a6b35100d60ede7b3085ab14074ed44877c0232299631fc3e04da7b04,ad443beaa4f963930bd2e864c703cbcd8c46bda62f5cff79ef4ee06c320d8ab8
sourceafis,train,genuine,103,103_1,103_5,41,41,,,69,230.03,566ae74a6b35100d60ede7b3085ab14074ed44877c0232299631fc3e04da7b04,3153139a4a42b1b9fc5b078bbc4fa0526627bdf32fe4e8a6080e0091937d9eaf
sourceafis,train,genuine,103,103_1,103_6,41,38,,,90,224.97,566ae74a6b35100d60ede7b3085ab14074ed44877c0232299631fc3e04da7b04,c2cca0189cd16ccb746ca3203ebba157e66f340863ae6e75109ec5b6d8963935
sourceafis,train,genuine,103,103_1,103_7,41,40,,,88,353.23,566ae74a6b35100d60ede7b3085ab14074ed44877c0232299631fc3e04da7b04,69a4063993354e94c9b4093eb022d3512e7fc88e021089805953b54ca1c1ea35
sourceafis,train,genuine,103,103_1,103_8,41,46,,,106,205.92,566ae74a6b35100d60ede7b3085ab14074ed44877c0232299631fc3e04da7b04,4116d840237cdeb226adcc89cbe2780ec72907576bf0d55f6230eef3d20985d8
sourceafis,train,genuine,103,103_2,103_3,42,43,,,309,211.34,1d947686137f106cee0ac1011385fd157bbbeb9c464c01c906b6906b881c396d,5c06d70acec013379418aa97442c6602a2895576a078c34d0583105b727e8b83
sourceafis,train,genuine,103,103_2,103_4,42,29,,,29,200.5,1d947686137f106cee0ac1011385fd157bbbeb9c464c01c906b6906b881c396d,ad443beaa4f963930bd2e864c703cbcd8c46bda62f5cff79ef4ee06c320d8ab8
sourceafis,train,genuine,103,103_2,103_5,42,41,,,145,183.51,1d947686137f106cee0ac1011385fd157bbbeb9c464c01c906b6906b881c396d,3153139a4a42b1b9fc5b078bbc4fa0526627bdf32fe4e8a6080e0091937d9eaf
sourceafis,train,genuine,103,103_2,103_6,42,38,,,280,220.99,1d947686137f106cee0ac1011385fd157bbbeb9c464c01c906b6906b881c396d,c2cca0189cd16ccb746ca3203ebba157e66f340863ae6e75109ec5b6d8963935
sourceafis,train,genuine,103,103_2,103_7,42,40,,,196,205.64,1d947686137f106cee0ac1011385fd157bbbeb9c464c01c906b6906b881c396d,69a4063993354e94c9b4093eb022d3512e7fc88e021089805953b54ca1c1ea35
sourceafis,train,genuine,103,103_2,103_8,42,46,,,134,187.66,1d947686137f106cee0ac1011385fd157bbbeb9c464c01c906b6906b881c396d,4116d840237cdeb226adcc89cbe2780ec72907576bf0d55f6230eef3d20985d8
sourceafis,train,genuine,103,103_3,103_4,43,29,,,55,199.67,5c06d70acec013379418aa97442c6602a2895576a078c34d0583105b727e8b83,ad443beaa4f963930bd2e864c703cbcd8c46bda62f5cff79ef4ee06c320d8ab8
sourceafis,train,genuine,103,103_3,103_5,43,41,,,136,202.27,5c06d70acec013379418aa97442c6602a2895576a078c34d0583105b727e8b83,3153139a4a42b1b9fc5b078bbc4fa0526627bdf32fe4e8a6080e0091937d9eaf
sourceafis,train,genuine,103,103_3,103_6,43,38,,,250,218.01,5c06d70acec013379418aa97442c6602a2895576a078c34d0583105b727e8b83,c2cca0189cd16ccb746ca3203ebba157e66f340863ae6e75109ec5b6d8963935
sourceafis,train,genuine,103,103_3,103_7,43,40,,,184,206.22,5c06d70acec013379418aa97442c6602a2895576a078c34d0583105b727e8b83,69a4063993354e94c9b4093eb022d3512e7fc88e021089805953b54ca1c1ea35
sourceafis,train,genuine,103,103_3,103_8,43,46,,,174,208.32,5c06d70acec013379418aa97442c6602a2895576a078c34d0583105b727e8b83,4116d840237cdeb226adcc89cbe2780ec72907576bf0d55f6230eef3d20985d8
sourceafis,train,genuine,103,103_4,103_5,29,41,,,139,215.42,ad443beaa4f963930bd2e864c703cbcd8c46bda62f5cff79ef4ee06c320d8ab8,3153139a4a42b1b9fc5b078bbc4fa0526627bdf32fe4e8a6080e0091937d9eaf
sourceafis,train,genuine,103,103_4,103_6,29,38,,,23,225.84,ad443beaa4f963930bd2e864c703cbcd8c46bda62f5cff79ef4ee06c320d8ab8,c2cca0189cd16ccb746ca3203ebba157e66f340863ae6e75109ec5b6d8963935
sourceafis,train,genuine,103,103_4,103_7,29,40,,,65,226.15,ad443beaa4f963930bd2e864c703cbcd8c46bda62f5cff79ef4ee06c320d8ab8,69a4063993354e94c9b4093eb022d3512e7fc88e021089805953b54ca1c1ea35
sourceafis,train,genuine,103,103_4,103_8,29,46,,,26,233.66,ad443beaa4f963930bd2e864c703cbcd8c46bda62f5cff79ef4ee06c320d8ab8,4116d840237cdeb226adcc89cbe2780ec72907576bf0d55f6230eef3d20985d8
sourceafis,train,genuine,103,103_5,103_6,41,38,,,81,224.8,3153139a4a42b1b9fc5b078bbc4fa0526627bdf32fe4e8a6080e0091937d9eaf,c2cca0189cd16ccb746ca3203ebba157e66f340863ae6e75109ec5b6d8963935
sourceafis,train,genuine,103,103_5,103_7,41,40,,,173,209.23,3153139a4a42b1b9fc5b078bbc4fa0526627bdf32fe4e8a6080e0091937d9eaf,69a4063993354e94c9b4093eb022d3512e7fc88e021089805953b54ca1c1ea35
sourceafis,train,genuine,103,103_5,103_8,41,46,,,103,209.55,3153139a4a42b1b9fc5b078bbc4fa0526627bdf32fe4e8a6080e0091937d9eaf,4116d840237cdeb226adcc89cbe2780ec72907576bf0d55f6230eef3d20985d8
sourceafis,train,genuine,103,103_6,103_7,38,40,,,152,214.64,c2cca0189cd16ccb746ca3203ebba157e66f340863ae6e75109ec5b6d8963935,69a4063993354e94c9b4093eb022d3512e7fc88e021089805953b54ca1c1ea35
sourceafis,train,genuine,103,103_6,103_8,38,46,,,106,205.4,c2cca0189cd16ccb746ca3203ebba157e66f340863ae6e75109ec5b6d8963935,4116d840237cdeb226adcc89cbe2780ec72907576bf0d55f6230eef3d20985d8
sourceafis,train,genuine,103,103_7,103_8,40,46,,,141,198.69,69a4063993354e94c9b4093eb022d3512e7fc88e021089805953b54ca1c1ea35,4116d840237cdeb226adcc89cbe2780ec72907576bf0d55f6230eef3d20985d8
sourceafis,train,genuine,104,104_1,104_2,33,30,,,56,211.99,42f7fccf3d5f1499100ca2f92c0f820d25e15b24a18fb7aac907f30e95c58e18,10412c2cef76d6368536f7dd898f22cba30101f074c403c53e5581318c5e6975
sourceafis,train,genuine,104,104_1,104_3,33,25,,,49,366.19,42f7fccf3d5f1499100ca2f92c0f820d25e15b24a18fb7aac907f30e95c58e18,c7ee31ce4502dd7490e7d2354fddadfd259c92dc58babf40ad9200af534a41d4
sourceafis,train,genuine,104,104_1,104_4,33,28,,,46,226.27,42f7fccf3d5f1499100ca2f92c0f820d25e15b24a18fb7aac907f30e95c58e18,a0171fb7904f795f018dbb7654be474c78bffc6181ae21b2f5d264640c8cd907
sourceafis,train,genuine,104,104_1,104_5,33,14,,,46,185.3,42f7fccf3d5f1499100ca2f92c0f820d25e15b24a18fb7aac907f30e95c58e18,1ae4cc4d0f2b128902b1d165a137e8434aa63f06e388add97f05e6e9ba02ab53
sourceafis,train,genuine,104,104_1,104_6,33,25,,,72,201,42f7fccf3d5f1499100ca2f92c0f820d25e15b24a18fb7aac907f30e95c58e18,668b4271a39416080caf8afaeb5939e5936775efa0465f2abda402fdfdae35ea
sourceafis,train,genuine,104,104_1,104_7,33,30,,,77,200.16,42f7fccf3d5f1499100ca2f92c0f820d25e15b24a18fb7aac907f30e95c58e18,bfb9ca8c011c429e194931b09cc30080548d4edc7785ed5b944fa081ff2fa49d
sourceafis,train,genuine,104,104_1,104_8,33,29,,,58,219.95,42f7fccf3d5f1499100ca2f92c0f820d25e15b24a18fb7aac907f30e95c58e18,87b7eeea51a3b1fbc90b4abc9f4812834736e9624cdd16c600b7c6693cfcaad6
sourceafis,train,genuine,104,104_2,104_3,30,25,,,31,214.65,10412c2cef76d6368536f7dd898f22cba30101f074c403c53e5581318c5e6975,c7ee31ce4502dd7490e7d2354fddadfd259c92dc58babf40ad9200af534a41d4
sourceafis,train,genuine,104,104_2,104_4,30,28,,,39,203.45,10412c2cef76d6368536f7dd898f22cba30101f074c403c53e5581318c5e6975,a0171fb7904f795f018dbb7654be474c78bffc6181ae21b2f5d264640c8cd907
sourceafis,train,genuine,104,104_2,104_5,30,14,,,19,219.31,10412c2cef76d6368536f7dd898f22cba30101f074c403c53e5581318c5e6975,1ae4cc4d0f2b128902b1d165a137e8434aa63f06e388add97f05e6e9ba02ab53
sourceafis,train,genuine,104,104_2,104_6,30,25,,,27,219.74,10412c2cef76d6368536f7dd898f22cba30101f074c403c53e5581318c5e6975,668b4271a39416080caf8afaeb5939e5936775efa0465f2abda402fdfdae35ea
sourceafis,train,genuine,104,104_2,104_7,30,30,,,38,176.05,10412c2cef76d6368536f7dd898f22cba30101f074c403c53e5581318c5e6975,bfb9ca8c011c429e194931b09cc30080548d4edc7785ed5b944fa081ff2fa49d
sourceafis,train,genuine,104,104_2,104_8,30,29,,,22,200.18,10412c2cef76d6368536f7dd898f22cba30101f074c403c53e5581318c5e6975,87b7eeea51a3b1fbc90b4abc9f4812834736e9624cdd16c600b7c6693cfcaad6
sourceafis,train,genuine,104,104_3,104_4,25,28,,,67,176.84,c7ee31ce4502dd7490e7d2354fddadfd259c92dc58babf40ad9200af534a41d4,a0171fb7904f795f018dbb7654be474c78bffc6181ae21b2f5d264640c8cd907
sourceafis,train,genuine,104,104_3,104_5,25,14,,,41,205.35,c7ee31ce4502dd7490e7d2354fddadfd259c92dc58babf40ad9200af534a41d4,1ae4cc4d0f2b128902b1d165a137e8434aa63f06e388add97f05e6e9ba02ab53
sourceafis,train,genuine,104,104_3,104_6,25,25,,,54,189.62,c7ee31ce4502dd7490e7d2354fddadfd259c92dc58babf40ad9200af534a41d4,668b4271a39416080caf8afaeb5939e5936775efa0465f2abda402fdfdae35ea
sourceafis,train,genuine,104,104_3,104_7,25,30,,,63,225.19,c7ee31ce4502dd7490e7d2354fddadfd259c92dc58babf40ad9200af534a41d4,bfb9ca8c011c429e194931b09cc30080548d4edc7785ed5b944fa081ff2fa49d
sourceafis,train,genuine,104,104_3,104_8,25,29,,,61,195.25,c7ee31ce4502dd7490e7d2354fddadfd259c92dc58babf40ad9200af534a41d4,87b7eeea51a3b1fbc90b4abc9f4812834736e9624cdd16c600b7c6693cfcaad6
sourceafis,train,genuine,104,104_4,104_5,28,14,,,49,194.03,a0171fb7904f795f018dbb7654be474c78bffc6181ae21b2f5d264640c8cd907,1ae4cc4d0f2b128902b1d165a137e8434aa63f06e388add97f05e6e9ba02ab53
sourceafis,train,genuine,104,104_4,104_6,28,25,,,51,205.16,a0171fb7904f795f018dbb7654be474c78bffc6181ae21b2f5d264640c8cd907,668b4271a39416080caf8afaeb5939e5936775efa0465f2abda402fdfdae35ea
sourceafis,train,genuine,104,104_4,104_7,28,30,,,47,184.45,a0171fb7904f795f018dbb7654be474c78bffc6181ae21b2f5d264640c8cd907,bfb9ca8c011c429e194931b09cc30080548d4edc7785ed5b944fa081ff2fa49d
sourceafis,train,genuine,104,104_4,104_8,28,29,,,68,198.91,a0171fb7904f795f018dbb7654be474c78bffc6181ae21b2f5d264640c8cd907,87b7eeea51a3b1fbc90b4abc9f4812834736e9624cdd16c600b7c6693cfcaad6
sourceafis,train,genuine,104,104_5,104_6,14,25,,,55,288.34,1ae4cc4d0f2b128902b1d165a137e8434aa63f06e388add97f05e6e9ba02ab53,668b4271a39416080caf8afaeb5939e5936775efa0465f2abda402fdfdae35ea
sourceafis,train,genuine,104,104_5,104_7,14,30,,,40,218.25,1ae4cc4d0f2b128902b1d165a137e8434aa63f06e388add97f05e6e9ba02ab53,bfb9ca8c011c429e194931b09cc30080548d4edc7785ed5b944fa081ff2fa49d
sourceafis,train,genuine,104,104_5,104_8,14,29,,,39,202.56,1ae4cc4d0f2b128902b1d165a137e8434aa63f06e388add97f05e6e9ba02ab53,87b7eeea51a3b1fbc90b4abc9f4812834736e9624cdd16c600b7c6693cfcaad6
sourceafis,train,genuine,104,104_6,104_7,25,30,,,62,187.02,668b4271a39416080caf8afaeb5939e5936775efa0465f2abda402fdfdae35ea,bfb9ca8c011c429e194931b09cc30080548d4edc7785ed5b944fa081ff2fa49d
sourceafis,train,genuine,104,104_6,104_8,25,29,,,36,380.78,668b4271a39416080caf8afaeb5939e5936775efa0465f2abda402fdfdae35ea,87b7eeea51a3b1fbc90b4abc9f4812834736e9624cdd16c600b7c6693cfcaad6
sourceafis,train,genuine,104,104_7,104_8,30,29,,,51,176.71,bfb9ca8c011c429e194931b09cc30080548d4edc7785ed5b944fa081ff2fa49d,87b7eeea51a3b1fbc90b4abc9f4812834736e9624cdd16c600b7c6693cfcaad6
sourceafis,train,genuine,105,105_1,105_2,46,34,,,173,225.03,3a8eabffb24282bdfa242ccac550bd6e44e70ec80874d5f6cf078848266706ca,7fb9482fa59f6997ca57a7fb4327cf031c40805c7ea45790cc6d186aeed06eeb
sourceafis,train,genuine,105,105_1,105_3,46,24,,,28,187,3a8eabffb24282bdfa242ccac550bd6e44e70ec80874d5f6cf078848266706ca,af5a0686c2809d3c0df93566022e876f86f755f22378bf1be2d34d78554e139c
sourceafis,train,genuine,105,105_1,105_4,46,42,,,99,191.99,3a8eabffb24282bdfa242ccac550bd6e44e70ec80874d5f6cf078848266706ca,3e3b7d534f4bb3cb312e2e2ae0425dba75da10644076a6fe7cd689273b20c8ca
sourceafis,train,genuine,105,105_1,105_5,46,31,,,113,212.26,3a8eabffb24282bdfa242ccac550bd6e44e70ec80874d5f6cf078848266706ca,adc533901286a1e601c466392af027f141dd89dde1ef79d93ce1a58bb12192ec
sourceafis,train,genuine,105,105_1,105_6,46,35,,,90,207.11,3a8eabffb24282bdfa242ccac550bd6e44e70ec80874d5f6cf078848266706ca,237bdd1e19377181d31db84e7a40d3dfcbafb48ea2d79591c0f28cc9530bb6e0
sourceafis,train,genuine,105,105_1,105_7,46,29,,,90,206.47,3a8eabffb24282bdfa242ccac550bd6e44e70ec80874d5f6cf078848266706ca,21d5b98ab8e1fbd92dd1b66f552c5608aed19f0119672c78818570cd342f750f
sourceafis,train,genuine,105,105_1,105_8,46,33,,,151,182.16,3a8eabffb24282bdfa242ccac550bd6e44e70ec80874d5f6cf078848266706ca,1782251d1ab405d854d9bd7620677ab28af1d8c995ee6cffc941d4ded1315ecb
sourceafis,train,genuine,105,105_2,105_3,34,24,,,38,188.18,7fb9482fa59f6997ca57a7fb4327cf031c40805c7ea45790cc6d186aeed06eeb,af5a0686c2809d3c0df93566022e876f86f755f22378bf1be2d34d78554e139c
sourceafis,train,genuine,105,105_2,105_4,34,42,,,98,219.12,7fb9482fa59f6997ca57a7fb4327cf031c40805c7ea45790cc6d186aeed06eeb,3e3b7d534f4bb3cb312e2e2ae0425dba75da10644076a6fe7cd689273b20c8ca
sourceafis,train,genuine,105,105_2,105_5,34,31,,,124,226.14,7fb9482fa59f6997ca57a7fb4327cf031c40805c7ea45790cc6d186aeed06eeb,adc533901286a1e601c466392af027f141dd89dde1ef79d93ce1a58bb12192ec
sourceafis,train,genuine,105,105_2,105_6,34,35,,,85,202.44,7fb9482fa59f6997ca57a7fb4327cf031c40805c7ea45790cc6d186aeed06eeb,237bdd1e19377181d31db84e7a40d3dfcbafb48ea2d79591c0f28cc9530bb6e0
sourceafis,train,genuine,105,105_2,105_7,34,29,,,90,191.31,7fb9482fa59f6997ca57a7fb4327cf031c40805c7ea45790cc6d186aeed06eeb,21d5b98ab8e1fbd92dd1b66f552c5608aed19f0119672c78818570cd342f750f
sourceafis,train,genuine,105,105_2,105_8,34,33,,,143,221.68,7fb9482fa59f6997ca57a7fb4327cf031c40805c7ea45790cc6d186aeed06eeb,1782251d1ab405d854d9bd7620677ab28af1d8c995ee6cffc941d4ded1315ecb
sourceafis,train,genuine,105,105_3,105_4,24,42,,,70,190.32,af5a0686c2809d3c0df93566022e876f86f755f22378bf1be2d34d78554e139c,3e3b7d534f4bb3cb312e2e2ae0425dba75da10644076a6fe7cd689273b20c8ca
sourceafis,train,genuine,105,105_3,105_5,24,31,,,98,188.36,af5a0686c2809d3c0df93566022e876f86f755f22378bf1be2d34d78554e139c,adc533901286a1e601c466392af027f141dd89dde1ef79d93ce1a58bb12192ec
sourceafis,train,genuine,105,105_3,105_6,24,35,,,52,213.09,af5a0686c2809d3c0df93566022e876f86f755f22378bf1be2d34d78554e139c,237bdd1e19377181d31db84e7a40d3dfcbafb48ea2d79591c0f28cc9530bb6e0
sourceafis,train,genuine,105,105_3,105_7,24,29,,,83,191.93,af5a0686c2809d3c0df93566022e876f86f755f22378bf1be2d34d78554e139c,21d5b98ab8e1fbd92dd1b66f552c5608aed19f0119672c78818570cd342f750f
sourceafis,train,genuine,105,105_3,105_8,24,33,,,58,210.77,af5a0686c2809d3c0df93566022e876f86f755f22378bf1be2d34d78554e139c,1782251d1ab405d854d9bd7620677ab28af1d8c995ee6cffc941d4ded1315ecb
sourceafis,train,genuine,105,105_4,105_5,42,31,,,153,223.42,3e3b7d534f4bb3cb312e2e2ae0425dba75da10644076a6fe7cd689273b20c8ca,adc533901286a1e601c466392af027f141dd89dde1ef79d93ce1a58bb12192ec
sourceafis,train,genuine,105,105_4,105_6,42,35,,,93,214.22,3e3b7d534f4bb3cb312e2e2ae0425dba75da10644076a6fe7cd689273b20c8ca,237bdd1e19377181d31db84e7a40d3dfcbafb48ea2d79591c0f28cc9530bb6e0
sourceafis,train,genuine,105,105_4,105_7,42,29,,,133,207.08,3e3b7d534f4bb3cb312e2e2ae0425dba75da10644076a6fe7cd689273b20c8ca,21d5b98ab8e1fbd92dd1b66f552c5608aed19f0119672c78818570cd342f750f
sourceafis,train,genuine,105,105_4,105_8,42,33,,,96,198.7,3e3b7d534f4bb3cb312e2e2ae0425dba75da10644076a6fe7cd689273b20c8ca,1782251d1ab405d854d9bd7620677ab28af1d8c995ee6cffc941d4ded1315ecb
sourceafis,train,genuine,105,105_5,105_6,31,35,,,132,206.77,adc533901286a1e601c466392af027f141dd89dde1ef79d93ce1a58bb12192ec,237bdd1e19377181d31db84e7a40d3dfcbafb48ea2d79591c0f28cc9530bb6e0
sourceafis,train,genuine,105,105_5,105_7,31,29,,,139,378.11,adc533901286a1e601c466392af027f141dd89dde1ef79d93ce1a58bb12192ec,21d5b98ab8e1fbd92dd1b66f552c5608aed19f0119672c78818570cd342f750f
sourceafis,train,genuine,105,105_5,105_8,31,33,,,148,198.56,adc533901286a1e601c466392af027f141dd89dde1ef79d93ce1a58bb12192ec,1782251d1ab405d854d9bd7620677ab28af1d8c995ee6cffc941d4ded1315ecb
sourceafis,train,genuine,105,105_6,105_7,35,29,,,93,196.52,237bdd1e19377181d31db84e7a40d3dfcbafb48ea2d79591c0f28cc9530bb6e0,21d5b98ab8e1fbd92dd1b66f552c5608aed19f0119672c78818570cd342f750f
sourceafis,train,genuine,105,105_6,105_8,35,33,,,117,190.65,237bdd1e19377181d31db84e7a40d3dfcbafb48ea2d79591c0f28cc9530bb6e0,1782251d1ab405d854d9bd7620677ab28af1d8c995ee6cffc941d4ded1315ecb
sourceafis,train,genuine,105,105_7,105_8,29,33,,,115,187.06,21d5b98ab8e1fbd92dd1b66f552c5608aed19f0119672c78818570cd342f750f,1782251d1ab405d854d9bd7620677ab28af1d8c995ee6cffc941d4ded1315ecb
sourceafis,validation,genuine,106,106_1,106_2,25,24,,,42,192.34,c98ea1765f20a8ed47a86479920ab7cec6b0462b0d9ad0b9800f65fa448438c8,29ddcd4a741f9c24c0d96ce5ae233f65a2ef129b9ffbfd1581fd4468df4fa6f0
sourceafis,validation,genuine,106,106_1,106_3,25,25,,,34,200.93,c98ea1765f20a8ed47a86479920ab7cec6b0462b0d9ad0b9800f65fa448438c8,a3374c7b5fc5337d4b997e0fa76b1e2372d30469ffb6901e64fe14db778aa3d6
sourceafis,validation,genuine,106,106_1,106_4,25,34,,,6,206.58,c98ea1765f20a8ed47a86479920ab7cec6b0462b0d9ad0b9800f65fa448438c8,57725d6dc50f9eefad304e362be42e978127de34d7ebb089a8e1f3b2b4518139
sourceafis,validation,genuine,106,106_1,106_5,25,42,,,9,192.43,c98ea1765f20a8ed47a86479920ab7cec6b0462b0d9ad0b9800f65fa448438c8,1830636c7ccb428c0798c570545ade30a83494895cdfe9a3431968a87731f1e8
sourceafis,validation,genuine,106,106_1,106_6,25,27,,,24,207.1,c98ea1765f20a8ed47a86479920ab7cec6b0462b0d9ad0b9800f65fa448438c8,d786db559a4a525850b45f0e9ae1b57fdcbd1d0db652ad36417b7d9aaf509a51
sourceafis,validation,genuine,106,106_1,106_7,25,37,,,25,178.93,c98ea1765f20a8ed47a86479920ab7cec6b0462b0d9ad0b9800f65fa448438c8,12690c4f5bf4767d65bcac752fdab38c287c83e41bed5aff5831e627bf2919da
sourceafis,validation,genuine,106,106_1,106_8,25,32,,,10,194.87,c98ea1765f20a8ed47a86479920ab7cec6b0462b0d9ad0b9800f65fa448438c8,c2e1df414ece615e0fd13edc950d706cc872b7b1f0efb893e406804ba6d12258
sourceafis,validation,genuine,106,106_2,106_3,24,25,,,56,210.69,29ddcd4a741f9c24c0d96ce5ae233f65a2ef129b9ffbfd1581fd4468df4fa6f0,a3374c7b5fc5337d4b997e0fa76b1e2372d30469ffb6901e64fe14db778aa3d6
sourceafis,validation,genuine,106,106_2,106_4,24,34,,,12,207.61,29ddcd4a741f9c24c0d96ce5ae233f65a2ef129b9ffbfd1581fd4468df4fa6f0,57725d6dc50f9eefad304e362be42e978127de34d7ebb089a8e1f3b2b4518139
sourceafis,validation,genuine,106,106_2,106_5,24,42,,,17,206.54,29ddcd4a741f9c24c0d96ce5ae233f65a2ef129b9ffbfd1581fd4468df4fa6f0,1830636c7ccb428c0798c570545ade30a83494895cdfe9a3431968a87731f1e8
sourceafis,validation,genuine,106,106_2,106_6,24,27,,,45,201.61,29ddcd4a741f9c24c0d96ce5ae233f65a2ef129b9ffbfd1581fd4468df4fa6f0,d786db559a4a525850b45f0e9ae1b57fdcbd1d0db652ad36417b7d9aaf509a51
sourceafis,validation,genuine,106,106_2,106_7,24,37,,,64,201.03,29ddcd4a741f9c24c0d96ce5ae233f65a2ef129b9ffbfd1581fd4468df4fa6f0,12690c4f5bf4767d65bcac752fdab38c287c83e41bed5aff5831e627bf2919da
sourceafis,validation,genuine,106,106_2,106_8,24,32,,,21,209.94,29ddcd4a741f9c24c0d96ce5ae233f65a2ef129b9ffbfd1581fd4468df4fa6f0,c2e1df414ece615e0fd13edc950d706cc872b7b1f0efb893e406804ba6d12258
sourceafis,validation,genuine,106,106_3,106_4,25,34,,,44,198.23,a3374c7b5fc5337d4b997e0fa76b1e2372d30469ffb6901e64fe14db778aa3d6,57725d6dc50f9eefad304e362be42e978127de34d7ebb089a8e1f3b2b4518139
sourceafis,validation,genuine,106,106_3,106_5,25,42,,,31,270.99,a3374c7b5fc5337d4b997e0fa76b1e2372d30469ffb6901e64fe14db778aa3d6,1830636c7ccb428c0798c570545ade30a83494895cdfe9a3431968a87731f1e8
sourceafis,validation,genuine,106,106_3,106_6,25,27,,,60,203.47,a3374c7b5fc5337d4b997e0fa76b1e2372d30469ffb6901e64fe14db778aa3d6,d786db559a4a525850b45f0e9ae1b57fdcbd1d0db652ad36417b7d9aaf509a51
sourceafis,validation,genuine,106,106_3,106_7,25,37,,,94,204.22,a3374c7b5fc5337d4b997e0fa76b1e2372d30469ffb6901e64fe14db778aa3d6,12690c4f5bf4767d65bcac752fdab38c287c83e41bed5aff5831e627bf2919da
sourceafis,validation,genuine,106,106_3,106_8,25,32,,,49,216.15,a3374c7b5fc5337d4b997e0fa76b1e2372d30469ffb6901e64fe14db778aa3d6,c2e1df414ece615e0fd13edc950d706cc872b7b1f0efb893e406804ba6d12258
sourceafis,validation,genuine,106,106_4,106_5,34,42,,,59,211.11,57725d6dc50f9eefad304e362be42e978127de34d7ebb089a8e1f3b2b4518139,1830636c7ccb428c0798c570545ade30a83494895cdfe9a3431968a87731f1e8
sourceafis,validation,genuine,106,106_4,106_6,34,27,,,47,189.61,57725d6dc50f9eefad304e362be42e978127de34d7ebb089a8e1f3b2b4518139,d786db559a4a525850b45f0e9ae1b57fdcbd1d0db652ad36417b7d9aaf509a51
sourceafis,validation,genuine,106,106_4,106_7,34,37,,,99,344.49,57725d6dc50f9eefad304e362be42e978127de34d7ebb089a8e1f3b2b4518139,12690c4f5bf4767d65bcac752fdab38c287c83e41bed5aff5831e627bf2919da
sourceafis,validation,genuine,106,106_4,106_8,34,32,,,51,203.94,57725d6dc50f9eefad304e362be42e978127de34d7ebb089a8e1f3b2b4518139,c2e1df414ece615e0fd13edc950d706cc872b7b1f0efb893e406804ba6d12258
sourceafis,validation,genuine,106,106_5,106_6,42,27,,,67,202.68,1830636c7ccb428c0798c570545ade30a83494895cdfe9a3431968a87731f1e8,d786db559a4a525850b45f0e9ae1b57fdcbd1d0db652ad36417b7d9aaf509a51
sourceafis,validation,genuine,106,106_5,106_7,42,37,,,54,191.75,1830636c7ccb428c0798c570545ade30a83494895cdfe9a3431968a87731f1e8,12690c4f5bf4767d65bcac752fdab38c287c83e41bed5aff5831e627bf2919da
sourceafis,validation,genuine,106,106_5,106_8,42,32,,,55,199.51,1830636c7ccb428c0798c570545ade30a83494895cdfe9a3431968a87731f1e8,c2e1df414ece615e0fd13edc950d706cc872b7b1f0efb893e406804ba6d12258
sourceafis,validation,genuine,106,106_6,106_7,27,37,,,81,210.15,d786db559a4a525850b45f0e9ae1b57fdcbd1d0db652ad36417b7d9aaf509a51,12690c4f5bf4767d65bcac752fdab38c287c83e41bed5aff5831e627bf2919da
sourceafis,validation,genuine,106,106_6,106_8,27,32,,,63,193.69,d786db559a4a525850b45f0e9ae1b57fdcbd1d0db652ad36417b7d9aaf509a51,c2e1df414ece615e0fd13edc950d706cc872b7b1f0efb893e406804ba6d12258
sourceafis,validation,genuine,106,106_7,106_8,37,32,,,83,200.99,12690c4f5bf4767d65bcac752fdab38c287c83e41bed5aff5831e627bf2919da,c2e1df414ece615e0fd13edc950d706cc872b7b1f0efb893e406804ba6d12258
sourceafis,validation,genuine,107,107_1,107_2,29,25,,,113,195.61,abce1aed66a852165dcfe6baf114025f04d419bac1c5ce613dfabfd4f9b12307,3846c23148ec1582419a7ea6570b7f50176454255d594d8b6f930d5538f5bb9a
sourceafis,validation,genuine,107,107_1,107_3,29,26,,,98,202.78,abce1aed66a852165dcfe6baf114025f04d419bac1c5ce613dfabfd4f9b12307,d4cfc9f779d4d69c8b4c3ccc372823a0b8f3754ea48ac0f8e53fac26909d54cd
sourceafis,validation,genuine,107,107_1,107_4,29,25,,,97,200.79,abce1aed66a852165dcfe6baf114025f04d419bac1c5ce613dfabfd4f9b12307,8929b90a7ee61136a5e73f8fddd9e52edc9ac2a1ad7792be237979a2cfbf0412
sourceafis,validation,genuine,107,107_1,107_5,29,25,,,81,216.58,abce1aed66a852165dcfe6baf114025f04d419bac1c5ce613dfabfd4f9b12307,62ce8e710648581226f47f374be8eca3be2dccddd70e4c9c84f98cd300c48a77
sourceafis,validation,genuine,107,107_1,107_6,29,25,,,55,213.5,abce1aed66a852165dcfe6baf114025f04d419bac1c5ce613dfabfd4f9b12307,b5984232cc873e143ab6ab206fb77532ef73fd58cde8d04bf073a5f3daf45cdc
sourceafis,validation,genuine,107,107_1,107_7,29,22,,,102,201.86,abce1aed66a852165dcfe6baf114025f04d419bac1c5ce613dfabfd4f9b12307,8fc46426c7a8ddb3b88c051d15c70425bce9c6c6fa2c079401ea8ef90ea03634
sourceafis,validation,genuine,107,107_1,107_8,29,18,,,64,221.73,abce1aed66a852165dcfe6baf114025f04d419bac1c5ce613dfabfd4f9b12307,98d34e6219eeef1dbe39273f3a3b337e6bc83b369c6fc57a898367ce89fcc651
sourceafis,validation,genuine,107,107_2,107_3,25,26,,,122,181.06,3846c23148ec1582419a7ea6570b7f50176454255d594d8b6f930d5538f5bb9a,d4cfc9f779d4d69c8b4c3ccc372823a0b8f3754ea48ac0f8e53fac26909d54cd
sourceafis,validation,genuine,107,107_2,107_4,25,25,,,106,194.18,3846c23148ec1582419a7ea6570b7f50176454255d594d8b6f930d5538f5bb9a,8929b90a7ee61136a5e73f8fddd9e52edc9ac2a1ad7792be237979a2cfbf0412
sourceafis,validation,genuine,107,107_2,107_5,25,25,,,96,193.09,3846c23148ec1582419a7ea6570b7f50176454255d594d8b6f930d5538f5bb9a,62ce8e710648581226f47f374be8eca3be2dccddd70e4c9c84f98cd300c48a77
sourceafis,validation,genuine,107,107_2,107_6,25,25,,,28,200.03,3846c23148ec1582419a7ea6570b7f50176454255d594d8b6f930d5538f5bb9a,b5984232cc873e143ab6ab206fb77532ef73fd58cde8d04bf073a5f3daf45cdc
sourceafis,validation,genuine,107,107_2,107_7,25,22,,,71,191.03,3846c23148ec1582419a7ea6570b7f50176454255d594d8b6f930d5538f5bb9a,8fc46426c7a8ddb3b88c051d15c70425bce9c6c6fa2c079401ea8ef90ea03634
sourceafis,validation,genuine,107,107_2,107_8,25,18,,,66,186.46,3846c23148ec1582419a7ea6570b7f50176454255d594d8b6f930d5538f5bb9a,98d34e6219eeef1dbe39273f3a3b337e6bc83b369c6fc57a898367ce89fcc651
sourceafis,validation,genuine,107,107_3,107_4,26,25,,,114,190.32,d4cfc9f779d4d69c8b4c3ccc372823a0b8f3754ea48ac0f8e53fac26909d54cd,8929b90a7ee61136a5e73f8fddd9e52edc9ac2a1ad7792be237979a2cfbf0412
sourceafis,validation,genuine,107,107_3,107_5,26,25,,,85,183.97,d4cfc9f779d4d69c8b4c3ccc372823a0b8f3754ea48ac0f8e53fac26909d54cd,62ce8e710648581226f47f374be8eca3be2dccddd70e4c9c84f98cd300c48a77
sourceafis,validation,genuine,107,107_3,107_6,26,25,,,18,196.48,d4cfc9f779d4d69c8b4c3ccc372823a0b8f3754ea48ac0f8e53fac26909d54cd,b5984232cc873e143ab6ab206fb77532ef73fd58cde8d04bf073a5f3daf45cdc
sourceafis,validation,genuine,107,107_3,107_7,26,22,,,61,200.2,d4cfc9f779d4d69c8b4c3ccc372823a0b8f3754ea48ac0f8e53fac26909d54cd,8fc46426c7a8ddb3b88c051d15c70425bce9c6c6fa2c079401ea8ef90ea03634
sourceafis,validation,genuine,107,107_3,107_8,26,18,,,48,332.67,d4cfc9f779d4d69c8b4c3ccc372823a0b8f3754ea48ac0f8e53fac26909d54cd,98d34e6219eeef1dbe39273f3a3b337e6bc83b369c6fc57a898367ce89fcc651
sourceafis,validation,genuine,107,107_4,107_5,25,25,,,78,221.29,8929b90a7ee61136a5e73f8fddd9e52edc9ac2a1ad7792be237979a2cfbf0412,62ce8e710648581226f47f374be8eca3be2dccddd70e4c9c84f98cd300c48a77
sourceafis,validation,genuine,107,107_4,107_6,25,25,,,17,212.38,8929b90a7ee61136a5e73f8fddd9e52edc9ac2a1ad7792be237979a2cfbf0412,b5984232cc873e143ab6ab206fb77532ef73fd58cde8d04bf073a5f3daf45cdc
sourceafis,validation,genuine,107,107_4,107_7,25,22,,,69,181.16,8929b90a7ee61136a5e73f8fddd9e52edc9ac2a1ad7792be237979a2cfbf0412,8fc46426c7a8ddb3b88c051d15c70425bce9c6c6fa2c079401ea8ef90ea03634
sourceafis,validation,genuine,107,107_4,107_8,25,18,,,58,194.14,8929b90a7ee61136a5e73f8fddd9e52edc9ac2a1ad7792be237979a2cfbf0412,98d34e6219eeef1dbe39273f3a3b337e6bc83b369c6fc57a898367ce89fcc651
sourceafis,validation,genuine,107,107_5,107_6,25,25,,,24,180.99,62ce8e710648581226f47f374be8eca3be2dccddd70e4c9c84f98cd300c48a77,b5984232cc873e143ab6ab206fb77532ef73fd58cde8d04bf073a5f3daf45cdc
sourceafis,validation,genuine,107,107_5,107_7,25,22,,,75,194.19,62ce8e710648581226f47f374be8eca3be2dccddd70e4c9c84f98cd300c48a77,8fc46426c7a8ddb3b88c051d15c70425bce9c6c6fa2c079401ea8ef90ea03634
sourceafis,validation,genuine,107,107_5,107_8,25,18,,,48,180.53,62ce8e710648581226f47f374be8eca3be2dccddd70e4c9c84f98cd300c48a77,98d34e6219eeef1dbe39273f3a3b337e6bc83b369c6fc57a898367ce89fcc651
sourceafis,validation,genuine,107,107_6,107_7,25,22,,,26,264.55,b5984232cc873e143ab6ab206fb77532ef73fd58cde8d04bf073a5f3daf45cdc,8fc46426c7a8ddb3b88c051d15c70425bce9c6c6fa2c079401ea8ef90ea03634
sourceafis,validation,genuine,107,107_6,107_8,25,18,,,27,204.45,b5984232cc873e143ab6ab206fb77532ef73fd58cde8d04bf073a5f3daf45cdc,98d34e6219eeef1dbe39273f3a3b337e6bc83b369c6fc57a898367ce89fcc651
sourceafis,validation,genuine,107,107_7,107_8,22,18,,,24,196.11,8fc46426c7a8ddb3b88c051d15c70425bce9c6c6fa2c079401ea8ef90ea03634,98d34e6219eeef1dbe39273f3a3b337e6bc83b369c6fc57a898367ce89fcc651
sourceafis,validation,genuine,108,108_1,108_2,33,31,,,84,277.42,1d9c30ee93b1d901c47b19f23cfe10088bbbdcb8e4a0a0249e605e4479152f98,42d58b06338c666e0d11b0897517260cb2905f497ef634b5463fe1d771055ac8
sourceafis,validation,genuine,108,108_1,108_3,33,33,,,71,189.26,1d9c30ee93b1d901c47b19f23cfe10088bbbdcb8e4a0a0249e605e4479152f98,938ced3b7d265e1daaf1b05a01557b957c9ae8c55af3d4d9d7f48b7e94f9351b
sourceafis,validation,genuine,108,108_1,108_4,33,33,,,64,181.56,1d9c30ee93b1d901c47b19f23cfe10088bbbdcb8e4a0a0249e605e4479152f98,78bad014c8403ea7a32a877a9b687912155c85d4497695d5487bca6ac3c2f5a3
sourceafis,validation,genuine,108,108_1,108_5,33,40,,,57,174.39,1d9c30ee93b1d901c47b19f23cfe10088bbbdcb8e4a0a0249e605e4479152f98,ece2849c6d5fc5d82fef475fe53da13dc3a0aa92b9ea2032490774dae5fcb869
sourceafis,validation,genuine,108,108_1,108_6,33,45,,,83,206.87,1d9c30ee93b1d901c47b19f23cfe10088bbbdcb8e4a0a0249e605e4479152f98,e00dbe4e95c42ca670add1685e53864c097be23f5e9f7d8a9db973abc97b944d
sourceafis,validation,genuine,108,108_1,108_7,33,38,,,78,216.52,1d9c30ee93b1d901c47b19f23cfe10088bbbdcb8e4a0a0249e605e4479152f98,7a8a6d833e2b760755b435e0742be704103d570a1bb10760ba1e4572dc961bcd
sourceafis,validation,genuine,108,108_1,108_8,33,38,,,57,200.31,1d9c30ee93b1d901c47b19f23cfe10088bbbdcb8e4a0a0249e605e4479152f98,7820b5a5796fa637dea1eef57c5d2b8ac3c0ea55c508452e7796a7e6159f4644
sourceafis,validation,genuine,108,108_2,108_3,31,33,,,114,203.06,42d58b06338c666e0d11b0897517260cb2905f497ef634b5463fe1d771055ac8,938ced3b7d265e1daaf1b05a01557b957c9ae8c55af3d4d9d7f48b7e94f9351b
sourceafis,validation,genuine,108,108_2,108_4,31,33,,,106,212.08,42d58b06338c666e0d11b0897517260cb2905f497ef634b5463fe1d771055ac8,78bad014c8403ea7a32a877a9b687912155c85d4497695d5487bca6ac3c2f5a3
sourceafis,validation,genuine,108,108_2,108_5,31,40,,,105,221.89,42d58b06338c666e0d11b0897517260cb2905f497ef634b5463fe1d771055ac8,ece2849c6d5fc5d82fef475fe53da13dc3a0aa92b9ea2032490774dae5fcb869
sourceafis,validation,genuine,108,108_2,108_6,31,45,,,100,214.66,42d58b06338c666e0d11b0897517260cb2905f497ef634b5463fe1d771055ac8,e00dbe4e95c42ca670add1685e53864c097be23f5e9f7d8a9db973abc97b944d
sourceafis,validation,genuine,108,108_2,108_7,31,38,,,139,183.41,42d58b06338c666e0d11b0897517260cb2905f497ef634b5463fe1d771055ac8,7a8a6d833e2b760755b435e0742be704103d570a1bb10760ba1e4572dc961bcd
sourceafis,validation,genuine,108,108_2,108_8,31,38,,,106,178.28,42d58b06338c666e0d11b0897517260cb2905f497ef634b5463fe1d771055ac8,7820b5a5796fa637dea1eef57c5d2b8ac3c0ea55c508452e7796a7e6159f4644
sourceafis,validation,genuine,108,108_3,108_4,33,33,,,164,177.69,938ced3b7d265e1daaf1b05a01557b957c9ae8c55af3d4d9d7f48b7e94f9351b,78bad014c8403ea7a32a877a9b687912155c85d4497695d5487bca6ac3c2f5a3
sourceafis,validation,genuine,108,108_3,108_5,33,40,,,177,368.46,938ced3b7d265e1daaf1b05a01557b957c9ae8c55af3d4d9d7f48b7e94f9351b,ece2849c6d5fc5d82fef475fe53da13dc3a0aa92b9ea2032490774dae5fcb869
sourceafis,validation,genuine,108,108_3,108_6,33,45,,,129,212.69,938ced3b7d265e1daaf1b05a01557b957c9ae8c55af3d4d9d7f48b7e94f9351b,e00dbe4e95c42ca670add1685e53864c097be23f5e9f7d8a9db973abc97b944d
sourceafis,validation,genuine,108,108_3,108_7,33,38,,,136,189.64,938ced3b7d265e1daaf1b05a01557b957c9ae8c55af3d4d9d7f48b7e94f9351b,7a8a6d833e2b760755b435e0742be704103d570a1bb10760ba1e4572dc961bcd
sourceafis,validation,genuine,108,108_3,108_8,33,38,,,167,199.65,938ced3b7d265e1daaf1b05a01557b957c9ae8c55af3d4d9d7f48b7e94f9351b,7820b5a5796fa637dea1eef57c5d2b8ac3c0ea55c508452e7796a7e6159f4644
sourceafis,validation,genuine,108,108_4,108_5,33,40,,,200,182.61,78bad014c8403ea7a32a877a9b687912155c85d4497695d5487bca6ac3c2f5a3,ece2849c6d5fc5d82fef475fe53da13dc3a0aa92b9ea2032490774dae5fcb869
sourceafis,validation,genuine,108,108_4,108_6,33,45,,,85,214.01,78bad014c8403ea7a32a877a9b687912155c85d4497695d5487bca6ac3c2f5a3,e00dbe4e95c42ca670add1685e53864c097be23f5e9f7d8a9db973abc97b944d
sourceafis,validation,genuine,108,108_4,108_7,33,38,,,84,210.15,78bad014c8403ea7a32a877a9b687912155c85d4497695d5487bca6ac3c2f5a3,7a8a6d833e2b760755b435e0742be704103d570a1bb10760ba1e4572dc961bcd
sourceafis,validation,genuine,108,108_4,108_8,33,38,,,139,205.05,78bad014c8403ea7a32a877a9b687912155c85d4497695d5487bca6ac3c2f5a3,7820b5a5796fa637dea1eef57c5d2b8ac3c0ea55c508452e7796a7e6159f4644
sourceafis,validation,genuine,108,108_5,108_6,40,45,,,97,202.94,ece2849c6d5fc5d82fef475fe53da13dc3a0aa92b9ea2032490774dae5fcb869,e00dbe4e95c42ca670add1685e53864c097be23f5e9f7d8a9db973abc97b944d
sourceafis,validation,genuine,108,108_5,108_7,40,38,,,124,200.87,ece2849c6d5fc5d82fef475fe53da13dc3a0aa92b9ea2032490774dae5fcb869,7a8a6d833e2b760755b435e0742be704103d570a1bb10760ba1e4572dc961bcd
sourceafis,validation,genuine,108,108_5,108_8,40,38,,,178,200.8,ece2849c6d5fc5d82fef475fe53da13dc3a0aa92b9ea2032490774dae5fcb869,7820b5a5796fa637dea1eef57c5d2b8ac3c0ea55c508452e7796a7e6159f4644
sourceafis,validation,genuine,108,108_6,108_7,45,38,,,178,203.65,e00dbe4e95c42ca670add1685e53864c097be23f5e9f7d8a9db973abc97b944d,7a8a6d833e2b760755b435e0742be704103d570a1bb10760ba1e4572dc961bcd
sourceafis,validation,genuine,108,108_6,108_8,45,38,,,114,201.07,e00dbe4e95c42ca670add1685e53864c097be23f5e9f7d8a9db973abc97b944d,7820b5a5796fa637dea1eef57c5d2b8ac3c0ea55c508452e7796a7e6159f4644
sourceafis,validation,genuine,108,108_7,108_8,38,38,,,144,219.88,7a8a6d833e2b760755b435e0742be704103d570a1bb10760ba1e4572dc961bcd,7820b5a5796fa637dea1eef57c5d2b8ac3c0ea55c508452e7796a7e6159f4644
sourceafis,validation,genuine,109,109_1,109_2,40,18,,,43,181.96,84dd7cd1f29345a1aa719d93db15cb57a88c47daa022e41bc34cf4cc0fb99efa,16bf1025db90f678f4bb8655f9238bfe0ce6b954574f813ca2c330bfccb97020
sourceafis,validation,genuine,109,109_1,109_3,40,29,,,86,190.52,84dd7cd1f29345a1aa719d93db15cb57a88c47daa022e41bc34cf4cc0fb99efa,21ac91a18c52fdb5a56ee79ef088a36cdaa81f5c2340731950f6a273524fcd1d
sourceafis,validation,genuine,109,109_1,109_4,40,25,,,117,220.83,84dd7cd1f29345a1aa719d93db15cb57a88c47daa022e41bc34cf4cc0fb99efa,d281cb724c31395bad82b285174f878e2ec2039c14b340d70b34f100f0a7f521
sourceafis,validation,genuine,109,109_1,109_5,40,32,,,100,192.42,84dd7cd1f29345a1aa719d93db15cb57a88c47daa022e41bc34cf4cc0fb99efa,1190adeb9c61dcb07022589cc4afef325266cbccebce38dd2a23dc0b482bb081
sourceafis,validation,genuine,109,109_1,109_6,40,26,,,24,178.96,84dd7cd1f29345a1aa719d93db15cb57a88c47daa022e41bc34cf4cc0fb99efa,fd2fa9adc0851cc5531fd138f2c89142bc0a39eb591923a575392f9c4a414d24
sourceafis,validation,genuine,109,109_1,109_7,40,28,,,89,184.13,84dd7cd1f29345a1aa719d93db15cb57a88c47daa022e41bc34cf4cc0fb99efa,05831fd331ba585db2f8c0d34a913d64c236ec1b8fa298b11f2024982df9579a
sourceafis,validation,genuine,109,109_1,109_8,40,29,,,84,208.28,84dd7cd1f29345a1aa719d93db15cb57a88c47daa022e41bc34cf4cc0fb99efa,1a4df7fe5be180cc33c2e6fae324846ab1a3701cc1ca5b74a6c4b9b1afccb848
sourceafis,validation,genuine,109,109_2,109_3,18,29,,,52,185.05,16bf1025db90f678f4bb8655f9238bfe0ce6b954574f813ca2c330bfccb97020,21ac91a18c52fdb5a56ee79ef088a36cdaa81f5c2340731950f6a273524fcd1d
sourceafis,validation,genuine,109,109_2,109_4,18,25,,,42,199.3,16bf1025db90f678f4bb8655f9238bfe0ce6b954574f813ca2c330bfccb97020,d281cb724c31395bad82b285174f878e2ec2039c14b340d70b34f100f0a7f521
sourceafis,validation,genuine,109,109_2,109_5,18,32,,,47,188.02,16bf1025db90f678f4bb8655f9238bfe0ce6b954574f813ca2c330bfccb97020,1190adeb9c61dcb07022589cc4afef325266cbccebce38dd2a23dc0b482bb081
sourceafis,validation,genuine,109,109_2,109_6,18,26,,,51,196.95,16bf1025db90f678f4bb8655f9238bfe0ce6b954574f813ca2c330bfccb97020,fd2fa9adc0851cc5531fd138f2c89142bc0a39eb591923a575392f9c4a414d24
sourceafis,validation,genuine,109,109_2,109_7,18,28,,,59,199.9,16bf1025db90f678f4bb8655f9238bfe0ce6b954574f813ca2c330bfccb97020,05831fd331ba585db2f8c0d34a913d64c236ec1b8fa298b11f2024982df9579a
sourceafis,validation,genuine,109,109_2,109_8,18,29,,,21,395.92,16bf1025db90f678f4bb8655f9238bfe0ce6b954574f813ca2c330bfccb97020,1a4df7fe5be180cc33c2e6fae324846ab1a3701cc1ca5b74a6c4b9b1afccb848
sourceafis,validation,genuine,109,109_3,109_4,29,25,,,73,199.96,21ac91a18c52fdb5a56ee79ef088a36cdaa81f5c2340731950f6a273524fcd1d,d281cb724c31395bad82b285174f878e2ec2039c14b340d70b34f100f0a7f521
sourceafis,validation,genuine,109,109_3,109_5,29,32,,,57,189.3,21ac91a18c52fdb5a56ee79ef088a36cdaa81f5c2340731950f6a273524fcd1d,1190adeb9c61dcb07022589cc4afef325266cbccebce38dd2a23dc0b482bb081
sourceafis,validation,genuine,109,109_3,109_6,29,26,,,56,208.78,21ac91a18c52fdb5a56ee79ef088a36cdaa81f5c2340731950f6a273524fcd1d,fd2fa9adc0851cc5531fd138f2c89142bc0a39eb591923a575392f9c4a414d24
sourceafis,validation,genuine,109,109_3,109_7,29,28,,,85,200.73,21ac91a18c52fdb5a56ee79ef088a36cdaa81f5c2340731950f6a273524fcd1d,05831fd331ba585db2f8c0d34a913d64c236ec1b8fa298b11f2024982df9579a
sourceafis,validation,genuine,109,109_3,109_8,29,29,,,55,196.27,21ac91a18c52fdb5a56ee79ef088a36cdaa81f5c2340731950f6a273524fcd1d,1a4df7fe5be180cc33c2e6fae324846ab1a3701cc1ca5b74a6c4b9b1afccb848
sourceafis,validation,genuine,109,109_4,109_5,25,32,,,73,183.69,d281cb724c31395bad82b285174f878e2ec2039c14b340d70b34f100f0a7f521,1190adeb9c61dcb07022589cc4afef325266cbccebce38dd2a23dc0b482bb081
sourceafis,validation,genuine,109,109_4,109_6,25,26,,,35,206.55,d281cb724c31395bad82b285174f878e2ec2039c14b340d70b34f100f0a7f521,fd2fa9adc0851cc5531fd138f2c89142bc0a39eb591923a575392f9c4a414d24
sourceafis,validation,genuine,109,109_4,109_7,25,28,,,60,178.95,d281cb724c31395bad82b285174f878e2ec2039c14b340d70b34f100f0a7f521,05831fd331ba585db2f8c0d34a913d64c236ec1b8fa298b11f2024982df9579a
sourceafis,validation,genuine,109,109_4,109_8,25,29,,,37,174.86,d281cb724c31395bad82b285174f878e2ec2039c14b340d70b34f100f0a7f521,1a4df7fe5be180cc33c2e6fae324846ab1a3701cc1ca5b74a6c4b9b1afccb848
sourceafis,validation,genuine,109,109_5,109_6,32,26,,,33,196.93,1190adeb9c61dcb07022589cc4afef325266cbccebce38dd2a23dc0b482bb081,fd2fa9adc0851cc5531fd138f2c89142bc0a39eb591923a575392f9c4a414d24
sourceafis,validation,genuine,109,109_5,109_7,32,28,,,55,195.88,1190adeb9c61dcb07022589cc4afef325266cbccebce38dd2a23dc0b482bb081,05831fd331ba585db2f8c0d34a913d64c236ec1b8fa298b11f2024982df9579a
sourceafis,validation,genuine,109,109_5,109_8,32,29,,,40,191.16,1190adeb9c61dcb07022589cc4afef325266cbccebce38dd2a23dc0b482bb081,1a4df7fe5be180cc33c2e6fae324846ab1a3701cc1ca5b74a6c4b9b1afccb848
sourceafis,validation,genuine,109,109_6,109_7,26,28,,,57,190,fd2fa9adc0851cc5531fd138f2c89142bc0a39eb591923a575392f9c4a414d24,05831fd331ba585db2f8c0d34a913d64c236ec1b8fa298b11f2024982df9579a
sourceafis,validation,genuine,109,109_6,109_8,26,29,,,16,182.09,fd2fa9adc0851cc5531fd138f2c89142bc0a39eb591923a575392f9c4a414d24,1a4df7fe5be180cc33c2e6fae324846ab1a3701cc1ca5b74a6c4b9b1afccb848
sourceafis,validation,genuine,109,109_7,109_8,28,29,,,45,184.06,05831fd331ba585db2f8c0d34a913d64c236ec1b8fa298b11f2024982df9579a,1a4df7fe5be180cc33c2e6fae324846ab1a3701cc1ca5b74a6c4b9b1afccb848
sourceafis,validation,genuine,110,110_1,110_2,29,20,,,38,197.72,68bca56d6d35f6f0a8c1489564ea97d5738362e266f5670a69d14b23934a2dbb,85e99879ffa224c246208c6cbaa7bb0595f6981410adb3cd3d700d3f90520898
sourceafis,validation,genuine,110,110_1,110_3,29,30,,,90,187.28,68bca56d6d35f6f0a8c1489564ea97d5738362e266f5670a69d14b23934a2dbb,d4d7fcc322a0b5e82547fe1cd89a81fc2e91b2da2e52b2a6a18995fef2278836
sourceafis,validation,genuine,110,110_1,110_4,29,30,,,42,180.98,68bca56d6d35f6f0a8c1489564ea97d5738362e266f5670a69d14b23934a2dbb,1e8ba61136079b60004bad15a24b314cf6764ad910c03952da26fd159abde07c
sourceafis,validation,genuine,110,110_1,110_5,29,30,,,28,182.88,68bca56d6d35f6f0a8c1489564ea97d5738362e266f5670a69d14b23934a2dbb,8a69365ececf38f1653f998ac4fa006e0c3596a0fb07227a52bba66d7ff51b12
sourceafis,validation,genuine,110,110_1,110_6,29,32,,,133,194.3,68bca56d6d35f6f0a8c1489564ea97d5738362e266f5670a69d14b23934a2dbb,0afe05f6864c0f5331e3b0b9f94f63a4a3dc103ac82f54e3f222f08bf97dadf0
sourceafis,validation,genuine,110,110_1,110_7,29,29,,,51,191.67,68bca56d6d35f6f0a8c1489564ea97d5738362e266f5670a69d14b23934a2dbb,362e15c94facd04df3ec657e41bc9ee893addbf656e7930d0db67d3b96fada0c
sourceafis,validation,genuine,110,110_1,110_8,29,33,,,78,183.97,68bca56d6d35f6f0a8c1489564ea97d5738362e266f5670a69d14b23934a2dbb,a421c60d8d578675d887632396435e4af70b2bc95b83fb8d970a06ef9b15eca1
sourceafis,validation,genuine,110,110_2,110_3,20,30,,,36,208.96,85e99879ffa224c246208c6cbaa7bb0595f6981410adb3cd3d700d3f90520898,d4d7fcc322a0b5e82547fe1cd89a81fc2e91b2da2e52b2a6a18995fef2278836
sourceafis,validation,genuine,110,110_2,110_4,20,30,,,13,180.57,85e99879ffa224c246208c6cbaa7bb0595f6981410adb3cd3d700d3f90520898,1e8ba61136079b60004bad15a24b314cf6764ad910c03952da26fd159abde07c
sourceafis,validation,genuine,110,110_2,110_5,20,30,,,4,187.93,85e99879ffa224c246208c6cbaa7bb0595f6981410adb3cd3d700d3f90520898,8a69365ececf38f1653f998ac4fa006e0c3596a0fb07227a52bba66d7ff51b12
sourceafis,validation,genuine,110,110_2,110_6,20,32,,,42,393.25,85e99879ffa224c246208c6cbaa7bb0595f6981410adb3cd3d700d3f90520898,0afe05f6864c0f5331e3b0b9f94f63a4a3dc103ac82f54e3f222f08bf97dadf0
sourceafis,validation,genuine,110,110_2,110_7,20,29,,,14,197.54,85e99879ffa224c246208c6cbaa7bb0595f6981410adb3cd3d700d3f90520898,362e15c94facd04df3ec657e41bc9ee893addbf656e7930d0db67d3b96fada0c
sourceafis,validation,genuine,110,110_2,110_8,20,33,,,14,205.66,85e99879ffa224c246208c6cbaa7bb0595f6981410adb3cd3d700d3f90520898,a421c60d8d578675d887632396435e4af70b2bc95b83fb8d970a06ef9b15eca1
sourceafis,validation,genuine,110,110_3,110_4,30,30,,,69,202.21,d4d7fcc322a0b5e82547fe1cd89a81fc2e91b2da2e52b2a6a18995fef2278836,1e8ba61136079b60004bad15a24b314cf6764ad910c03952da26fd159abde07c
sourceafis,validation,genuine,110,110_3,110_5,30,30,,,29,190.94,d4d7fcc322a0b5e82547fe1cd89a81fc2e91b2da2e52b2a6a18995fef2278836,8a69365ececf38f1653f998ac4fa006e0c3596a0fb07227a52bba66d7ff51b12
sourceafis,validation,genuine,110,110_3,110_6,30,32,,,136,199.96,d4d7fcc322a0b5e82547fe1cd89a81fc2e91b2da2e52b2a6a18995fef2278836,0afe05f6864c0f5331e3b0b9f94f63a4a3dc103ac82f54e3f222f08bf97dadf0
sourceafis,validation,genuine,110,110_3,110_7,30,29,,,62,187.64,d4d7fcc322a0b5e82547fe1cd89a81fc2e91b2da2e52b2a6a18995fef2278836,362e15c94facd04df3ec657e41bc9ee893addbf656e7930d0db67d3b96fada0c
sourceafis,validation,genuine,110,110_3,110_8,30,33,,,66,188.11,d4d7fcc322a0b5e82547fe1cd89a81fc2e91b2da2e52b2a6a18995fef2278836,a421c60d8d578675d887632396435e4af70b2bc95b83fb8d970a06ef9b15eca1
sourceafis,validation,genuine,110,110_4,110_5,30,30,,,103,193.98,1e8ba61136079b60004bad15a24b314cf6764ad910c03952da26fd159abde07c,8a69365ececf38f1653f998ac4fa006e0c3596a0fb07227a52bba66d7ff51b12
sourceafis,validation,genuine,110,110_4,110_6,30,32,,,64,181.46,1e8ba61136079b60004bad15a24b314cf6764ad910c03952da26fd159abde07c,0afe05f6864c0f5331e3b0b9f94f63a4a3dc103ac82f54e3f222f08bf97dadf0
sourceafis,validation,genuine,110,110_4,110_7,30,29,,,50,192.08,1e8ba61136079b60004bad15a24b314cf6764ad910c03952da26fd159abde07c,362e15c94facd04df3ec657e41bc9ee893addbf656e7930d0db67d3b96fada0c
sourceafis,validation,genuine,110,110_4,110_8,30,33,,,56,185.12,1e8ba61136079b60004bad15a24b314cf6764ad910c03952da26fd159abde07c,a421c60d8d578675d887632396435e4af70b2bc95b83fb8d970a06ef9b15eca1
sourceafis,validation,genuine,110,110_5,110_6,30,32,,,49,183.29,8a69365ececf38f1653f998ac4fa006e0c3596a0fb07227a52bba66d7ff51b12,0afe05f6864c0f5331e3b0b9f94f63a4a3dc103ac82f54e3f222f08bf97dadf0
sourceafis,validation,genuine,110,110_5,110_7,30,29,,,55,191.28,8a69365ececf38f1653f998ac4fa006e0c3596a0fb07227a52bba66d7ff51b12,362e15c94facd04df3ec657e41bc9ee893addbf656e7930d0db67d3b96fada0c
sourceafis,validation,genuine,110,110_5,110_8,30,33,,,40,182.48,8a69365ececf38f1653f998ac4fa006e0c3596a0fb07227a52bba66d7ff51b12,a421c60d8d578675d887632396435e4af70b2bc95b83fb8d970a06ef9b15eca1
sourceafis,validation,genuine,110,110_6,110_7,32,29,,,98,198.1,0afe05f6864c0f5331e3b0b9f94f63a4a3dc103ac82f54e3f222f08bf97dadf0,362e15c94facd04df3ec657e41bc9ee893addbf656e7930d0db67d3b96fada0c
sourceafis,validation,genuine,110,110_6,110_8,32,33,,,110,185.65,0afe05f6864c0f5331e3b0b9f94f63a4a3dc103ac82f54e3f222f08bf97dadf0,a421c60d8d578675d887632396435e4af70b2bc95b83fb8d970a06ef9b15eca1
sourceafis,validation,genuine,110,110_7,110_8,29,33,,,143,191.9,362e15c94facd04df3ec657e41bc9ee893addbf656e7930d0db67d3b96fada0c,a421c60d8d578675d887632396435e4af70b2bc95b83fb8d970a06ef9b15eca1
sourceafis,train,impostor,101,101_1,102_2,29,59,,,6,204.8,5e6ab7051504d7261bc8c93d92c096a9dff916b92bd2fdecf8a26871a79a4376,dee5bc5c95217b5c1577b66043057fcecc5035ff257ee22f961e3355c6225ece
sourceafis,train,impostor,101,101_1,102_3,29,46,,,7,211.8,5e6ab7051504d7261bc8c93d92c096a9dff916b92bd2fdecf8a26871a79a4376,6d0f026f47a34eb537db49623f3f849e7cd386b2549594afedabb3f23b521c59
sourceafis,train,impostor,101,101_1,102_4,29,53,,,9,181.55,5e6ab7051504d7261bc8c93d92c096a9dff916b92bd2fdecf8a26871a79a4376,abc37af4fe0eebb1efb9463ba6aafd8b6a70cc38ccb07a0fc72a2af5f6499ef4
sourceafis,train,impostor,101,101_1,102_5,29,55,,,7,192.24,5e6ab7051504d7261bc8c93d92c096a9dff916b92bd2fdecf8a26871a79a4376,912a1dcdffc1738ec3ee239991793b37490ad53f406fe49844dd44e5055981cd
sourceafis,train,impostor,101,101_1,102_6,29,47,,,9,188.52,5e6ab7051504d7261bc8c93d92c096a9dff916b92bd2fdecf8a26871a79a4376,0689a46cd0c5e0d6d2c6838d3958ef5d4c059b36cff4eef3930649b832b34b98
sourceafis,train,impostor,101,101_1,102_7,29,58,,,6,184.65,5e6ab7051504d7261bc8c93d92c096a9dff916b92bd2fdecf8a26871a79a4376,8007c9e8e5fdc7e3dd1e8ecfaad4f23c498ddacd12a296be6b23fa12ba0ece56
sourceafis,train,impostor,101,101_1,102_8,29,54,,,7,196.17,5e6ab7051504d7261bc8c93d92c096a9dff916b92bd2fdecf8a26871a79a4376,d7fe4448f54ba2f822da02da19896daac06d42f8f5fb4720bf46b6e3085e341a
sourceafis,train,impostor,101,101_2,102_3,42,46,,,17,184.95,4aabb4d65a28b56e0972aade044b70ececeef26d6760c0c27f12b40f0012556f,6d0f026f47a34eb537db49623f3f849e7cd386b2549594afedabb3f23b521c59
sourceafis,train,impostor,101,101_2,102_4,42,53,,,9,344.67,4aabb4d65a28b56e0972aade044b70ececeef26d6760c0c27f12b40f0012556f,abc37af4fe0eebb1efb9463ba6aafd8b6a70cc38ccb07a0fc72a2af5f6499ef4
sourceafis,train,impostor,101,101_2,102_5,42,55,,,8,203.96,4aabb4d65a28b56e0972aade044b70ececeef26d6760c0c27f12b40f0012556f,912a1dcdffc1738ec3ee239991793b37490ad53f406fe49844dd44e5055981cd
sourceafis,train,impostor,101,101_2,102_6,42,47,,,12,183.66,4aabb4d65a28b56e0972aade044b70ececeef26d6760c0c27f12b40f0012556f,0689a46cd0c5e0d6d2c6838d3958ef5d4c059b36cff4eef3930649b832b34b98
sourceafis,train,impostor,101,101_2,102_7,42,58,,,8,203.94,4aabb4d65a28b56e0972aade044b70ececeef26d6760c0c27f12b40f0012556f,8007c9e8e5fdc7e3dd1e8ecfaad4f23c498ddacd12a296be6b23fa12ba0ece56
sourceafis,train,impostor,101,101_2,102_8,42,54,,,7,188.16,4aabb4d65a28b56e0972aade044b70ececeef26d6760c0c27f12b40f0012556f,d7fe4448f54ba2f822da02da19896daac06d42f8f5fb4720bf46b6e3085e341a
sourceafis,train,impostor,101,101_3,102_4,24,53,,,7,191.09,4c22f3a04a590ae26532f23d3485ec3f52739731e7dfec071fbf352cc43c4810,abc37af4fe0eebb1efb9463ba6aafd8b6a70cc38ccb07a0fc72a2af5f6499ef4
sourceafis,train,impostor,101,101_3,102_5,24,55,,,6,195.84,4c22f3a04a590ae26532f23d3485ec3f52739731e7dfec071fbf352cc43c4810,912a1dcdffc1738ec3ee239991793b37490ad53f406fe49844dd44e5055981cd
sourceafis,train,impostor,101,101_3,102_6,24,47,,,7,211.62,4c22f3a04a590ae26532f23d3485ec3f52739731e7dfec071fbf352cc43c4810,0689a46cd0c5e0d6d2c6838d3958ef5d4c059b36cff4eef3930649b832b34b98
sourceafis,train,impostor,101,101_3,102_7,24,58,,,4,201.8,4c22f3a04a590ae26532f23d3485ec3f52739731e7dfec071fbf352cc43c4810,8007c9e8e5fdc7e3dd1e8ecfaad4f23c498ddacd12a296be6b23fa12ba0ece56
sourceafis,train,impostor,101,101_3,102_8,24,54,,,6,186.64,4c22f3a04a590ae26532f23d3485ec3f52739731e7dfec071fbf352cc43c4810,d7fe4448f54ba2f822da02da19896daac06d42f8f5fb4720bf46b6e3085e341a
sourceafis,train,impostor,101,101_4,102_5,71,55,,,11,202.72,122dbb9a32571a35e6d55e2a6ccc882b61337b3a9b755c63c28f3324aca77151,912a1dcdffc1738ec3ee239991793b37490ad53f406fe49844dd44e5055981cd
sourceafis,train,impostor,101,101_4,102_6,71,47,,,16,208.15,122dbb9a32571a35e6d55e2a6ccc882b61337b3a9b755c63c28f3324aca77151,0689a46cd0c5e0d6d2c6838d3958ef5d4c059b36cff4eef3930649b832b34b98
sourceafis,train,impostor,101,101_4,102_7,71,58,,,14,190.74,122dbb9a32571a35e6d55e2a6ccc882b61337b3a9b755c63c28f3324aca77151,8007c9e8e5fdc7e3dd1e8ecfaad4f23c498ddacd12a296be6b23fa12ba0ece56
sourceafis,train,impostor,101,101_4,102_8,71,54,,,13,189.94,122dbb9a32571a35e6d55e2a6ccc882b61337b3a9b755c63c28f3324aca77151,d7fe4448f54ba2f822da02da19896daac06d42f8f5fb4720bf46b6e3085e341a
sourceafis,train,impostor,101,101_5,102_6,47,47,,,10,188.31,97af114bc7552cf3774a25d6b1889c503d0954a5933cf5c100431a3d4d0321d3,0689a46cd0c5e0d6d2c6838d3958ef5d4c059b36cff4eef3930649b832b34b98
sourceafis,train,impostor,101,101_5,102_7,47,58,,,6,197.92,97af114bc7552cf3774a25d6b1889c503d0954a5933cf5c100431a3d4d0321d3,8007c9e8e5fdc7e3dd1e8ecfaad4f23c498ddacd12a296be6b23fa12ba0ece56
sourceafis,train,impostor,101,101_5,102_8,47,54,,,6,191.76,97af114bc7552cf3774a25d6b1889c503d0954a5933cf5c100431a3d4d0321d3,d7fe4448f54ba2f822da02da19896daac06d42f8f5fb4720bf46b6e3085e341a
sourceafis,train,impostor,101,101_6,102_7,44,58,,,8,198.09,9345470dade59f65098836d8a512d4a3492e3f8bbd0c7b30f8b15d9bc95fba52,8007c9e8e5fdc7e3dd1e8ecfaad4f23c498ddacd12a296be6b23fa12ba0ece56
sourceafis,train,impostor,101,101_6,102_8,44,54,,,7,186.25,9345470dade59f65098836d8a512d4a3492e3f8bbd0c7b30f8b15d9bc95fba52,d7fe4448f54ba2f822da02da19896daac06d42f8f5fb4720bf46b6e3085e341a
sourceafis,train,impostor,101,101_7,102_8,29,54,,,7,192.98,82663dd77ab163c462b820fc3c3087d5cf5e8011554daadcd6df412609c8f708,d7fe4448f54ba2f822da02da19896daac06d42f8f5fb4720bf46b6e3085e341a
sourceafis,train,impostor,102,102_1,103_2,63,42,,,7,192.24,cef232da98a710c36805119f1dbcf7e166abe368c30a51dd08fac5a018bec564,1d947686137f106cee0ac1011385fd157bbbeb9c464c01c906b6906b881c396d
sourceafis,train,impostor,102,102_1,103_3,63,43,,,6,206.53,cef232da98a710c36805119f1dbcf7e166abe368c30a51dd08fac5a018bec564,5c06d70acec013379418aa97442c6602a2895576a078c34d0583105b727e8b83
sourceafis,train,impostor,102,102_1,103_4,63,29,,,4,208.25,cef232da98a710c36805119f1dbcf7e166abe368c30a51dd08fac5a018bec564,ad443beaa4f963930bd2e864c703cbcd8c46bda62f5cff79ef4ee06c320d8ab8
sourceafis,train,impostor,102,102_1,103_5,63,41,,,7,198.01,cef232da98a710c36805119f1dbcf7e166abe368c30a51dd08fac5a018bec564,3153139a4a42b1b9fc5b078bbc4fa0526627bdf32fe4e8a6080e0091937d9eaf
sourceafis,train,impostor,102,102_1,103_6,63,38,,,7,196.74,cef232da98a710c36805119f1dbcf7e166abe368c30a51dd08fac5a018bec564,c2cca0189cd16ccb746ca3203ebba157e66f340863ae6e75109ec5b6d8963935
sourceafis,train,impostor,102,102_1,103_7,63,40,,,10,192.47,cef232da98a710c36805119f1dbcf7e166abe368c30a51dd08fac5a018bec564,69a4063993354e94c9b4093eb022d3512e7fc88e021089805953b54ca1c1ea35
sourceafis,train,impostor,102,102_1,103_8,63,46,,,8,353.32,cef232da98a710c36805119f1dbcf7e166abe368c30a51dd08fac5a018bec564,4116d840237cdeb226adcc89cbe2780ec72907576bf0d55f6230eef3d20985d8
sourceafis,train,impostor,102,102_2,103_3,59,43,,,9,191.94,dee5bc5c95217b5c1577b66043057fcecc5035ff257ee22f961e3355c6225ece,5c06d70acec013379418aa97442c6602a2895576a078c34d0583105b727e8b83
sourceafis,train,impostor,102,102_2,103_4,59,29,,,5,187.96,dee5bc5c95217b5c1577b66043057fcecc5035ff257ee22f961e3355c6225ece,ad443beaa4f963930bd2e864c703cbcd8c46bda62f5cff79ef4ee06c320d8ab8
sourceafis,train,impostor,102,102_2,103_5,59,41,,,7,186.14,dee5bc5c95217b5c1577b66043057fcecc5035ff257ee22f961e3355c6225ece,3153139a4a42b1b9fc5b078bbc4fa0526627bdf32fe4e8a6080e0091937d9eaf
sourceafis,train,impostor,102,102_2,103_6,59,38,,,5,190.37,dee5bc5c95217b5c1577b66043057fcecc5035ff257ee22f961e3355c6225ece,c2cca0189cd16ccb746ca3203ebba157e66f340863ae6e75109ec5b6d8963935
sourceafis,train,impostor,102,102_2,103_7,59,40,,,9,186.69,dee5bc5c95217b5c1577b66043057fcecc5035ff257ee22f961e3355c6225ece,69a4063993354e94c9b4093eb022d3512e7fc88e021089805953b54ca1c1ea35
sourceafis,train,impostor,102,102_2,103_8,59,46,,,8,194.19,dee5bc5c95217b5c1577b66043057fcecc5035ff257ee22f961e3355c6225ece,4116d840237cdeb226adcc89cbe2780ec72907576bf0d55f6230eef3d20985d8
sourceafis,train,impostor,102,102_3,103_4,46,29,,,9,180.65,6d0f026f47a34eb537db49623f3f849e7cd386b2549594afedabb3f23b521c59,ad443beaa4f963930bd2e864c703cbcd8c46bda62f5cff79ef4ee06c320d8ab8
sourceafis,train,impostor,102,102_3,103_5,46,41,,,10,185.82,6d0f026f47a34eb537db49623f3f849e7cd386b2549594afedabb3f23b521c59,3153139a4a42b1b9fc5b078bbc4fa0526627bdf32fe4e8a6080e0091937d9eaf
sourceafis,train,impostor,102,102_3,103_6,46,38,,,12,199.56,6d0f026f47a34eb537db49623f3f849e7cd386b2549594afedabb3f23b521c59,c2cca0189cd16ccb746ca3203ebba157e66f340863ae6e75109ec5b6d8963935
sourceafis,train,impostor,102,102_3,103_7,46,40,,,16,197.25,6d0f026f47a34eb537db49623f3f849e7cd386b2549594afedabb3f23b521c59,69a4063993354e94c9b4093eb022d3512e7fc88e021089805953b54ca1c1ea35
sourceafis,train,impostor,102,102_3,103_8,46,46,,,11,202.31,6d0f026f47a34eb537db49623f3f849e7cd386b2549594afedabb3f23b521c59,4116d840237cdeb226adcc89cbe2780ec72907576bf0d55f6230eef3d20985d8
sourceafis,train,impostor,102,102_4,103_5,53,41,,,8,202.62,abc37af4fe0eebb1efb9463ba6aafd8b6a70cc38ccb07a0fc72a2af5f6499ef4,3153139a4a42b1b9fc5b078bbc4fa0526627bdf32fe4e8a6080e0091937d9eaf
sourceafis,train,impostor,102,102_4,103_6,53,38,,,7,202.24,abc37af4fe0eebb1efb9463ba6aafd8b6a70cc38ccb07a0fc72a2af5f6499ef4,c2cca0189cd16ccb746ca3203ebba157e66f340863ae6e75109ec5b6d8963935
sourceafis,train,impostor,102,102_4,103_7,53,40,,,12,201.88,abc37af4fe0eebb1efb9463ba6aafd8b6a70cc38ccb07a0fc72a2af5f6499ef4,69a4063993354e94c9b4093eb022d3512e7fc88e021089805953b54ca1c1ea35
sourceafis,train,impostor,102,102_4,103_8,53,46,,,11,184.25,abc37af4fe0eebb1efb9463ba6aafd8b6a70cc38ccb07a0fc72a2af5f6499ef4,4116d840237cdeb226adcc89cbe2780ec72907576bf0d55f6230eef3d20985d8
sourceafis,train,impostor,102,102_5,103_6,55,38,,,13,203.36,912a1dcdffc1738ec3ee239991793b37490ad53f406fe49844dd44e5055981cd,c2cca0189cd16ccb746ca3203ebba157e66f340863ae6e75109ec5b6d8963935
sourceafis,train,impostor,102,102_5,103_7,55,40,,,11,184.4,912a1dcdffc1738ec3ee239991793b37490ad53f406fe49844dd44e5055981cd,69a4063993354e94c9b4093eb022d3512e7fc88e021089805953b54ca1c1ea35
sourceafis,train,impostor,102,102_5,103_8,55,46,,,9,192.44,912a1dcdffc1738ec3ee239991793b37490ad53f406fe49844dd44e5055981cd,4116d840237cdeb226adcc89cbe2780ec72907576bf0d55f6230eef3d20985d8
sourceafis,train,impostor,102,102_6,103_7,47,40,,,14,188.28,0689a46cd0c5e0d6d2c6838d3958ef5d4c059b36cff4eef3930649b832b34b98,69a4063993354e94c9b4093eb022d3512e7fc88e021089805953b54ca1c1ea35
sourceafis,train,impostor,102,102_6,103_8,47,46,,,11,203.48,0689a46cd0c5e0d6d2c6838d3958ef5d4c059b36cff4eef3930649b832b34b98,4116d840237cdeb226adcc89cbe2780ec72907576bf0d55f6230eef3d20985d8
sourceafis,train,impostor,102,102_7,103_8,58,46,,,8,214.65,8007c9e8e5fdc7e3dd1e8ecfaad4f23c498ddacd12a296be6b23fa12ba0ece56,4116d840237cdeb226adcc89cbe2780ec72907576bf0d55f6230eef3d20985d8
sourceafis,train,impostor,103,103_1,104_2,41,30,,,6,187.35,566ae74a6b35100d60ede7b3085ab14074ed44877c0232299631fc3e04da7b04,10412c2cef76d6368536f7dd898f22cba30101f074c403c53e5581318c5e6975
sourceafis,train,impostor,103,103_1,104_3,41,25,,,9,184.57,566ae74a6b35100d60ede7b3085ab14074ed44877c0232299631fc3e04da7b04,c7ee31ce4502dd7490e7d2354fddadfd259c92dc58babf40ad9200af534a41d4
sourceafis,train,impostor,103,103_1,104_4,41,28,,,11,191.22,566ae74a6b35100d60ede7b3085ab14074ed44877c0232299631fc3e04da7b04,a0171fb7904f795f018dbb7654be474c78bffc6181ae21b2f5d264640c8cd907
sourceafis,train,impostor,103,103_1,104_5,41,14,,,4,190.87,566ae74a6b35100d60ede7b3085ab14074ed44877c0232299631fc3e04da7b04,1ae4cc4d0f2b128902b1d165a137e8434aa63f06e388add97f05e6e9ba02ab53
sourceafis,train,impostor,103,103_1,104_6,41,25,,,5,344.39,566ae74a6b35100d60ede7b3085ab14074ed44877c0232299631fc3e04da7b04,668b4271a39416080caf8afaeb5939e5936775efa0465f2abda402fdfdae35ea
sourceafis,train,impostor,103,103_1,104_7,41,30,,,10,208.5,566ae74a6b35100d60ede7b3085ab14074ed44877c0232299631fc3e04da7b04,bfb9ca8c011c429e194931b09cc30080548d4edc7785ed5b944fa081ff2fa49d
sourceafis,train,impostor,103,103_1,104_8,41,29,,,7,191.92,566ae74a6b35100d60ede7b3085ab14074ed44877c0232299631fc3e04da7b04,87b7eeea51a3b1fbc90b4abc9f4812834736e9624cdd16c600b7c6693cfcaad6
sourceafis,train,impostor,103,103_2,104_3,42,25,,,10,238.5,1d947686137f106cee0ac1011385fd157bbbeb9c464c01c906b6906b881c396d,c7ee31ce4502dd7490e7d2354fddadfd259c92dc58babf40ad9200af534a41d4
sourceafis,train,impostor,103,103_2,104_4,42,28,,,12,193.02,1d947686137f106cee0ac1011385fd157bbbeb9c464c01c906b6906b881c396d,a0171fb7904f795f018dbb7654be474c78bffc6181ae21b2f5d264640c8cd907
sourceafis,train,impostor,103,103_2,104_5,42,14,,,7,210.42,1d947686137f106cee0ac1011385fd157bbbeb9c464c01c906b6906b881c396d,1ae4cc4d0f2b128902b1d165a137e8434aa63f06e388add97f05e6e9ba02ab53
sourceafis,train,impostor,103,103_2,104_6,42,25,,,10,179.56,1d947686137f106cee0ac1011385fd157bbbeb9c464c01c906b6906b881c396d,668b4271a39416080caf8afaeb5939e5936775efa0465f2abda402fdfdae35ea
sourceafis,train,impostor,103,103_2,104_7,42,30,,,7,180.9,1d947686137f106cee0ac1011385fd157bbbeb9c464c01c906b6906b881c396d,bfb9ca8c011c429e194931b09cc30080548d4edc7785ed5b944fa081ff2fa49d
sourceafis,train,impostor,103,103_2,104_8,42,29,,,7,189.83,1d947686137f106cee0ac1011385fd157bbbeb9c464c01c906b6906b881c396d,87b7eeea51a3b1fbc90b4abc9f4812834736e9624cdd16c600b7c6693cfcaad6
sourceafis,train,impostor,103,103_3,104_4,43,28,,,13,183.85,5c06d70acec013379418aa97442c6602a2895576a078c34d0583105b727e8b83,a0171fb7904f795f018dbb7654be474c78bffc6181ae21b2f5d264640c8cd907
sourceafis,train,impostor,103,103_3,104_5,43,14,,,6,191.84,5c06d70acec013379418aa97442c6602a2895576a078c34d0583105b727e8b83,1ae4cc4d0f2b128902b1d165a137e8434aa63f06e388add97f05e6e9ba02ab53
sourceafis,train,impostor,103,103_3,104_6,43,25,,,5,196.74,5c06d70acec013379418aa97442c6602a2895576a078c34d0583105b727e8b83,668b4271a39416080caf8afaeb5939e5936775efa0465f2abda402fdfdae35ea
sourceafis,train,impostor,103,103_3,104_7,43,30,,,9,180,5c06d70acec013379418aa97442c6602a2895576a078c34d0583105b727e8b83,bfb9ca8c011c429e194931b09cc30080548d4edc7785ed5b944fa081ff2fa49d
sourceafis,train,impostor,103,103_3,104_8,43,29,,,8,182.57,5c06d70acec013379418aa97442c6602a2895576a078c34d0583105b727e8b83,87b7eeea51a3b1fbc90b4abc9f4812834736e9624cdd16c600b7c6693cfcaad6
sourceafis,train,impostor,103,103_4,104_5,29,14,,,3,194.34,ad443beaa4f963930bd2e864c703cbcd8c46bda62f5cff79ef4ee06c320d8ab8,1ae4cc4d0f2b128902b1d165a137e8434aa63f06e388add97f05e6e9ba02ab53
sourceafis,train,impostor,103,103_4,104_6,29,25,,,4,187.59,ad443beaa4f963930bd2e864c703cbcd8c46bda62f5cff79ef4ee06c320d8ab8,668b4271a39416080caf8afaeb5939e5936775efa0465f2abda402fdfdae35ea
sourceafis,train,impostor,103,103_4,104_7,29,30,,,7,217.29,ad443beaa4f963930bd2e864c703cbcd8c46bda62f5cff79ef4ee06c320d8ab8,bfb9ca8c011c429e194931b09cc30080548d4edc7785ed5b944fa081ff2fa49d
sourceafis,train,impostor,103,103_4,104_8,29,29,,,9,220.78,ad443beaa4f963930bd2e864c703cbcd8c46bda62f5cff79ef4ee06c320d8ab8,87b7eeea51a3b1fbc90b4abc9f4812834736e9624cdd16c600b7c6693cfcaad6
sourceafis,train,impostor,103,103_5,104_6,41,25,,,6,236.68,3153139a4a42b1b9fc5b078bbc4fa0526627bdf32fe4e8a6080e0091937d9eaf,668b4271a39416080caf8afaeb5939e5936775efa0465f2abda402fdfdae35ea
sourceafis,train,impostor,103,103_5,104_7,41,30,,,6,203.93,3153139a4a42b1b9fc5b078bbc4fa0526627bdf32fe4e8a6080e0091937d9eaf,bfb9ca8c011c429e194931b09cc30080548d4edc7785ed5b944fa081ff2fa49d
sourceafis,train,impostor,103,103_5,104_8,41,29,,,5,183.43,3153139a4a42b1b9fc5b078bbc4fa0526627bdf32fe4e8a6080e0091937d9eaf,87b7eeea51a3b1fbc90b4abc9f4812834736e9624cdd16c600b7c6693cfcaad6
sourceafis,train,impostor,103,103_6,104_7,38,30,,,9,187.69,c2cca0189cd16ccb746ca3203ebba157e66f340863ae6e75109ec5b6d8963935,bfb9ca8c011c429e194931b09cc30080548d4edc7785ed5b944fa081ff2fa49d
sourceafis,train,impostor,103,103_6,104_8,38,29,,,10,216.18,c2cca0189cd16ccb746ca3203ebba157e66f340863ae6e75109ec5b6d8963935,87b7eeea51a3b1fbc90b4abc9f4812834736e9624cdd16c600b7c6693cfcaad6
sourceafis,train,impostor,103,103_7,104_8,40,29,,,9,197.37,69a4063993354e94c9b4093eb022d3512e7fc88e021089805953b54ca1c1ea35,87b7eeea51a3b1fbc90b4abc9f4812834736e9624cdd16c600b7c6693cfcaad6
sourceafis,train,impostor,104,104_1,105_2,33,34,,,13,180.07,42f7fccf3d5f1499100ca2f92c0f820d25e15b24a18fb7aac907f30e95c58e18,7fb9482fa59f6997ca57a7fb4327cf031c40805c7ea45790cc6d186aeed06eeb
sourceafis,train,impostor,104,104_1,105_3,33,24,,,5,189.09,42f7fccf3d5f1499100ca2f92c0f820d25e15b24a18fb7aac907f30e95c58e18,af5a0686c2809d3c0df93566022e876f86f755f22378bf1be2d34d78554e139c
sourceafis,train,impostor,104,104_1,105_4,33,42,,,7,377.51,42f7fccf3d5f1499100ca2f92c0f820d25e15b24a18fb7aac907f30e95c58e18,3e3b7d534f4bb3cb312e2e2ae0425dba75da10644076a6fe7cd689273b20c8ca
sourceafis,train,impostor,104,104_1,105_5,33,31,,,9,202.65,42f7fccf3d5f1499100ca2f92c0f820d25e15b24a18fb7aac907f30e95c58e18,adc533901286a1e601c466392af027f141dd89dde1ef79d93ce1a58bb12192ec
sourceafis,train,impostor,104,104_1,105_6,33,35,,,9,186.57,42f7fccf3d5f1499100ca2f92c0f820d25e15b24a18fb7aac907f30e95c58e18,237bdd1e19377181d31db84e7a40d3dfcbafb48ea2d79591c0f28cc9530bb6e0
sourceafis,train,impostor,104,104_1,105_7,33,29,,,14,203.56,42f7fccf3d5f1499100ca2f92c0f820d25e15b24a18fb7aac907f30e95c58e18,21d5b98ab8e1fbd92dd1b66f552c5608aed19f0119672c78818570cd342f750f
sourceafis,train,impostor,104,104_1,105_8,33,33,,,7,212.07,42f7fccf3d5f1499100ca2f92c0f820d25e15b24a18fb7aac907f30e95c58e18,1782251d1ab405d854d9bd7620677ab28af1d8c995ee6cffc941d4ded1315ecb
sourceafis,train,impostor,104,104_2,105_3,30,24,,,3,213.41,10412c2cef76d6368536f7dd898f22cba30101f074c403c53e5581318c5e6975,af5a0686c2809d3c0df93566022e876f86f755f22378bf1be2d34d78554e139c
sourceafis,train,impostor,104,104_2,105_4,30,42,,,5,200.67,10412c2cef76d6368536f7dd898f22cba30101f074c403c53e5581318c5e6975,3e3b7d534f4bb3cb312e2e2ae0425dba75da10644076a6fe7cd689273b20c8ca
sourceafis,train,impostor,104,104_2,105_5,30,31,,,7,186.49,10412c2cef76d6368536f7dd898f22cba30101f074c403c53e5581318c5e6975,adc533901286a1e601c466392af027f141dd89dde1ef79d93ce1a58bb12192ec
sourceafis,train,impostor,104,104_2,105_6,30,35,,,6,185.35,10412c2cef76d6368536f7dd898f22cba30101f074c403c53e5581318c5e6975,237bdd1e19377181d31db84e7a40d3dfcbafb48ea2d79591c0f28cc9530bb6e0
sourceafis,train,impostor,104,104_2,105_7,30,29,,,5,214.19,10412c2cef76d6368536f7dd898f22cba30101f074c403c53e5581318c5e6975,21d5b98ab8e1fbd92dd1b66f552c5608aed19f0119672c78818570cd342f750f
sourceafis,train,impostor,104,104_2,105_8,30,33,,,3,191.72,10412c2cef76d6368536f7dd898f22cba30101f074c403c53e5581318c5e6975,1782251d1ab405d854d9bd7620677ab28af1d8c995ee6cffc941d4ded1315ecb
sourceafis,train,impostor,104,104_3,105_4,25,42,,,9,206.13,c7ee31ce4502dd7490e7d2354fddadfd259c92dc58babf40ad9200af534a41d4,3e3b7d534f4bb3cb312e2e2ae0425dba75da10644076a6fe7cd689273b20c8ca
sourceafis,train,impostor,104,104_3,105_5,25,31,,,9,190.83,c7ee31ce4502dd7490e7d2354fddadfd259c92dc58babf40ad9200af534a41d4,adc533901286a1e601c466392af027f141dd89dde1ef79d93ce1a58bb12192ec
sourceafis,train,impostor,104,104_3,105_6,25,35,,,8,180.18,c7ee31ce4502dd7490e7d2354fddadfd259c92dc58babf40ad9200af534a41d4,237bdd1e19377181d31db84e7a40d3dfcbafb48ea2d79591c0f28cc9530bb6e0
sourceafis,train,impostor,104,104_3,105_7,25,29,,,10,189.96,c7ee31ce4502dd7490e7d2354fddadfd259c92dc58babf40ad9200af534a41d4,21d5b98ab8e1fbd92dd1b66f552c5608aed19f0119672c78818570cd342f750f
sourceafis,train,impostor,104,104_3,105_8,25,33,,,16,195.42,c7ee31ce4502dd7490e7d2354fddadfd259c92dc58babf40ad9200af534a41d4,1782251d1ab405d854d9bd7620677ab28af1d8c995ee6cffc941d4ded1315ecb
sourceafis,train,impostor,104,104_4,105_5,28,31,,,8,176.09,a0171fb7904f795f018dbb7654be474c78bffc6181ae21b2f5d264640c8cd907,adc533901286a1e601c466392af027f141dd89dde1ef79d93ce1a58bb12192ec
sourceafis,train,impostor,104,104_4,105_6,28,35,,,7,173.85,a0171fb7904f795f018dbb7654be474c78bffc6181ae21b2f5d264640c8cd907,237bdd1e19377181d31db84e7a40d3dfcbafb48ea2d79591c0f28cc9530bb6e0
sourceafis,train,impostor,104,104_4,105_7,28,29,,,6,198.35,a0171fb7904f795f018dbb7654be474c78bffc6181ae21b2f5d264640c8cd907,21d5b98ab8e1fbd92dd1b66f552c5608aed19f0119672c78818570cd342f750f
sourceafis,train,impostor,104,104_4,105_8,28,33,,,13,200.82,a0171fb7904f795f018dbb7654be474c78bffc6181ae21b2f5d264640c8cd907,1782251d1ab405d854d9bd7620677ab28af1d8c995ee6cffc941d4ded1315ecb
sourceafis,train,impostor,104,104_5,105_6,14,35,,,6,188.84,1ae4cc4d0f2b128902b1d165a137e8434aa63f06e388add97f05e6e9ba02ab53,237bdd1e19377181d31db84e7a40d3dfcbafb48ea2d79591c0f28cc9530bb6e0
sourceafis,train,impostor,104,104_5,105_7,14,29,,,4,196.65,1ae4cc4d0f2b128902b1d165a137e8434aa63f06e388add97f05e6e9ba02ab53,21d5b98ab8e1fbd92dd1b66f552c5608aed19f0119672c78818570cd342f750f
sourceafis,train,impostor,104,104_5,105_8,14,33,,,4,209.05,1ae4cc4d0f2b128902b1d165a137e8434aa63f06e388add97f05e6e9ba02ab53,1782251d1ab405d854d9bd7620677ab28af1d8c995ee6cffc941d4ded1315ecb
sourceafis,train,impostor,104,104_6,105_7,25,29,,,6,200.21,668b4271a39416080caf8afaeb5939e5936775efa0465f2abda402fdfdae35ea,21d5b98ab8e1fbd92dd1b66f552c5608aed19f0119672c78818570cd342f750f
sourceafis,train,impostor,104,104_6,105_8,25,33,,,7,206.82,668b4271a39416080caf8afaeb5939e5936775efa0465f2abda402fdfdae35ea,1782251d1ab405d854d9bd7620677ab28af1d8c995ee6cffc941d4ded1315ecb
sourceafis,train,impostor,104,104_7,105_8,30,33,,,9,195.91,bfb9ca8c011c429e194931b09cc30080548d4edc7785ed5b944fa081ff2fa49d,1782251d1ab405d854d9bd7620677ab28af1d8c995ee6cffc941d4ded1315ecb
sourceafis,train,impostor,105,105_1,106_2,46,24,,,5,377.45,3a8eabffb24282bdfa242ccac550bd6e44e70ec80874d5f6cf078848266706ca,29ddcd4a741f9c24c0d96ce5ae233f65a2ef129b9ffbfd1581fd4468df4fa6f0
sourceafis,train,impostor,105,105_1,106_3,46,25,,,10,198.83,3a8eabffb24282bdfa242ccac550bd6e44e70ec80874d5f6cf078848266706ca,a3374c7b5fc5337d4b997e0fa76b1e2372d30469ffb6901e64fe14db778aa3d6
sourceafis,train,impostor,105,105_1,106_4,46,34,,,19,188.66,3a8eabffb24282bdfa242ccac550bd6e44e70ec80874d5f6cf078848266706ca,57725d6dc50f9eefad304e362be42e978127de34d7ebb089a8e1f3b2b4518139
sourceafis,train,impostor,105,105_1,106_5,46,42,,,18,199.2,3a8eabffb24282bdfa242ccac550bd6e44e70ec80874d5f6cf078848266706ca,1830636c7ccb428c0798c570545ade30a83494895cdfe9a3431968a87731f1e8
sourceafis,train,impostor,105,105_1,106_6,46,27,,,9,191.27,3a8eabffb24282bdfa242ccac550bd6e44e70ec80874d5f6cf078848266706ca,d786db559a4a525850b45f0e9ae1b57fdcbd1d0db652ad36417b7d9aaf509a51
sourceafis,train,impostor,105,105_1,106_7,46,37,,,18,203.96,3a8eabffb24282bdfa242ccac550bd6e44e70ec80874d5f6cf078848266706ca,12690c4f5bf4767d65bcac752fdab38c287c83e41bed5aff5831e627bf2919da
sourceafis,train,impostor,105,105_1,106_8,46,32,,,12,214.46,3a8eabffb24282bdfa242ccac550bd6e44e70ec80874d5f6cf078848266706ca,c2e1df414ece615e0fd13edc950d706cc872b7b1f0efb893e406804ba6d12258
sourceafis,train,impostor,105,105_2,106_3,34,25,,,8,194.69,7fb9482fa59f6997ca57a7fb4327cf031c40805c7ea45790cc6d186aeed06eeb,a3374c7b5fc5337d4b997e0fa76b1e2372d30469ffb6901e64fe14db778aa3d6
sourceafis,train,impostor,105,105_2,106_4,34,34,,,9,228.37,7fb9482fa59f6997ca57a7fb4327cf031c40805c7ea45790cc6d186aeed06eeb,57725d6dc50f9eefad304e362be42e978127de34d7ebb089a8e1f3b2b4518139
sourceafis,train,impostor,105,105_2,106_5,34,42,,,18,188.76,7fb9482fa59f6997ca57a7fb4327cf031c40805c7ea45790cc6d186aeed06eeb,1830636c7ccb428c0798c570545ade30a83494895cdfe9a3431968a87731f1e8
sourceafis,train,impostor,105,105_2,106_6,34,27,,,17,187.89,7fb9482fa59f6997ca57a7fb4327cf031c40805c7ea45790cc6d186aeed06eeb,d786db559a4a525850b45f0e9ae1b57fdcbd1d0db652ad36417b7d9aaf509a51
sourceafis,train,impostor,105,105_2,106_7,34,37,,,12,206.39,7fb9482fa59f6997ca57a7fb4327cf031c40805c7ea45790cc6d186aeed06eeb,12690c4f5bf4767d65bcac752fdab38c287c83e41bed5aff5831e627bf2919da
sourceafis,train,impostor,105,105_2,106_8,34,32,,,11,205.57,7fb9482fa59f6997ca57a7fb4327cf031c40805c7ea45790cc6d186aeed06eeb,c2e1df414ece615e0fd13edc950d706cc872b7b1f0efb893e406804ba6d12258
sourceafis,train,impostor,105,105_3,106_4,24,34,,,7,213.74,af5a0686c2809d3c0df93566022e876f86f755f22378bf1be2d34d78554e139c,57725d6dc50f9eefad304e362be42e978127de34d7ebb089a8e1f3b2b4518139
sourceafis,train,impostor,105,105_3,106_5,24,42,,,6,196.1,af5a0686c2809d3c0df93566022e876f86f755f22378bf1be2d34d78554e139c,1830636c7ccb428c0798c570545ade30a83494895cdfe9a3431968a87731f1e8
sourceafis,train,impostor,105,105_3,106_6,24,27,,,7,182.27,af5a0686c2809d3c0df93566022e876f86f755f22378bf1be2d34d78554e139c,d786db559a4a525850b45f0e9ae1b57fdcbd1d0db652ad36417b7d9aaf509a51
sourceafis,train,impostor,105,105_3,106_7,24,37,,,6,188.72,af5a0686c2809d3c0df93566022e876f86f755f22378bf1be2d34d78554e139c,12690c4f5bf4767d65bcac752fdab38c287c83e41bed5aff5831e627bf2919da
sourceafis,train,impostor,105,105_3,106_8,24,32,,,10,224.12,af5a0686c2809d3c0df93566022e876f86f755f22378bf1be2d34d78554e139c,c2e1df414ece615e0fd13edc950d706cc872b7b1f0efb893e406804ba6d12258
sourceafis,train,impostor,105,105_4,106_5,42,42,,,12,183.29,3e3b7d534f4bb3cb312e2e2ae0425dba75da10644076a6fe7cd689273b20c8ca,1830636c7ccb428c0798c570545ade30a83494895cdfe9a3431968a87731f1e8
sourceafis,train,impostor,105,105_4,106_6,42,27,,,12,199.08,3e3b7d534f4bb3cb312e2e2ae0425dba75da10644076a6fe7cd689273b20c8ca,d786db559a4a525850b45f0e9ae1b57fdcbd1d0db652ad36417b7d9aaf509a51
sourceafis,train,impostor,105,105_4,106_7,42,37,,,12,178.53,3e3b7d534f4bb3cb312e2e2ae0425dba75da10644076a6fe7cd689273b20c8ca,12690c4f5bf4767d65bcac752fdab38c287c83e41bed5aff5831e627bf2919da
sourceafis,train,impostor,105,105_4,106_8,42,32,,,14,199.69,3e3b7d534f4bb3cb312e2e2ae0425dba75da10644076a6fe7cd689273b20c8ca,c2e1df414ece615e0fd13edc950d706cc872b7b1f0efb893e406804ba6d12258
sourceafis,train,impostor,105,105_5,106_6,31,27,,,12,194.2,adc533901286a1e601c466392af027f141dd89dde1ef79d93ce1a58bb12192ec,d786db559a4a525850b45f0e9ae1b57fdcbd1d0db652ad36417b7d9aaf509a51
sourceafis,train,impostor,105,105_5,106_7,31,37,,,14,178.08,adc533901286a1e601c466392af027f141dd89dde1ef79d93ce1a58bb12192ec,12690c4f5bf4767d65bcac752fdab38c287c83e41bed5aff5831e627bf2919da
sourceafis,train,impostor,105,105_5,106_8,31,32,,,15,188.52,adc533901286a1e601c466392af027f141dd89dde1ef79d93ce1a58bb12192ec,c2e1df414ece615e0fd13edc950d706cc872b7b1f0efb893e406804ba6d12258
sourceafis,train,impostor,105,105_6,106_7,35,37,,,13,367.74,237bdd1e19377181d31db84e7a40d3dfcbafb48ea2d79591c0f28cc9530bb6e0,12690c4f5bf4767d65bcac752fdab38c287c83e41bed5aff5831e627bf2919da
sourceafis,train,impostor,105,105_6,106_8,35,32,,,18,209.51,237bdd1e19377181d31db84e7a40d3dfcbafb48ea2d79591c0f28cc9530bb6e0,c2e1df414ece615e0fd13edc950d706cc872b7b1f0efb893e406804ba6d12258
sourceafis,train,impostor,105,105_7,106_8,29,32,,,13,203.05,21d5b98ab8e1fbd92dd1b66f552c5608aed19f0119672c78818570cd342f750f,c2e1df414ece615e0fd13edc950d706cc872b7b1f0efb893e406804ba6d12258
sourceafis,validation,impostor,106,106_1,107_2,25,25,,,4,204.04,c98ea1765f20a8ed47a86479920ab7cec6b0462b0d9ad0b9800f65fa448438c8,3846c23148ec1582419a7ea6570b7f50176454255d594d8b6f930d5538f5bb9a
sourceafis,validation,impostor,106,106_1,107_3,25,26,,,4,207.71,c98ea1765f20a8ed47a86479920ab7cec6b0462b0d9ad0b9800f65fa448438c8,d4cfc9f779d4d69c8b4c3ccc372823a0b8f3754ea48ac0f8e53fac26909d54cd
sourceafis,validation,impostor,106,106_1,107_4,25,25,,,4,210.47,c98ea1765f20a8ed47a86479920ab7cec6b0462b0d9ad0b9800f65fa448438c8,8929b90a7ee61136a5e73f8fddd9e52edc9ac2a1ad7792be237979a2cfbf0412
sourceafis,validation,impostor,106,106_1,107_5,25,25,,,3,183.55,c98ea1765f20a8ed47a86479920ab7cec6b0462b0d9ad0b9800f65fa448438c8,62ce8e710648581226f47f374be8eca3be2dccddd70e4c9c84f98cd300c48a77
sourceafis,validation,impostor,106,106_1,107_6,25,25,,,6,205.31,c98ea1765f20a8ed47a86479920ab7cec6b0462b0d9ad0b9800f65fa448438c8,b5984232cc873e143ab6ab206fb77532ef73fd58cde8d04bf073a5f3daf45cdc
sourceafis,validation,impostor,106,106_1,107_7,25,22,,,4,190.14,c98ea1765f20a8ed47a86479920ab7cec6b0462b0d9ad0b9800f65fa448438c8,8fc46426c7a8ddb3b88c051d15c70425bce9c6c6fa2c079401ea8ef90ea03634
sourceafis,validation,impostor,106,106_1,107_8,25,18,,,0,188.42,c98ea1765f20a8ed47a86479920ab7cec6b0462b0d9ad0b9800f65fa448438c8,98d34e6219eeef1dbe39273f3a3b337e6bc83b369c6fc57a898367ce89fcc651
sourceafis,validation,impostor,106,106_2,107_3,24,26,,,3,198.9,29ddcd4a741f9c24c0d96ce5ae233f65a2ef129b9ffbfd1581fd4468df4fa6f0,d4cfc9f779d4d69c8b4c3ccc372823a0b8f3754ea48ac0f8e53fac26909d54cd
sourceafis,validation,impostor,106,106_2,107_4,24,25,,,3,183.14,29ddcd4a741f9c24c0d96ce5ae233f65a2ef129b9ffbfd1581fd4468df4fa6f0,8929b90a7ee61136a5e73f8fddd9e52edc9ac2a1ad7792be237979a2cfbf0412
sourceafis,validation,impostor,106,106_2,107_5,24,25,,,3,198.95,29ddcd4a741f9c24c0d96ce5ae233f65a2ef129b9ffbfd1581fd4468df4fa6f0,62ce8e710648581226f47f374be8eca3be2dccddd70e4c9c84f98cd300c48a77
sourceafis,validation,impostor,106,106_2,107_6,24,25,,,5,196.55,29ddcd4a741f9c24c0d96ce5ae233f65a2ef129b9ffbfd1581fd4468df4fa6f0,b5984232cc873e143ab6ab206fb77532ef73fd58cde8d04bf073a5f3daf45cdc
sourceafis,validation,impostor,106,106_2,107_7,24,22,,,0,191.18,29ddcd4a741f9c24c0d96ce5ae233f65a2ef129b9ffbfd1581fd4468df4fa6f0,8fc46426c7a8ddb3b88c051d15c70425bce9c6c6fa2c079401ea8ef90ea03634
sourceafis,validation,impostor,106,106_2,107_8,24,18,,,0,194.69,29ddcd4a741f9c24c0d96ce5ae233f65a2ef129b9ffbfd1581fd4468df4fa6f0,98d34e6219eeef1dbe39273f3a3b337e6bc83b369c6fc57a898367ce89fcc651
sourceafis,validation,impostor,106,106_3,107_4,25,25,,,4,183.86,a3374c7b5fc5337d4b997e0fa76b1e2372d30469ffb6901e64fe14db778aa3d6,8929b90a7ee61136a5e73f8fddd9e52edc9ac2a1ad7792be237979a2cfbf0412
sourceafis,validation,impostor,106,106_3,107_5,25,25,,,3,211.65,a3374c7b5fc5337d4b997e0fa76b1e2372d30469ffb6901e64fe14db778aa3d6,62ce8e710648581226f47f374be8eca3be2dccddd70e4c9c84f98cd300c48a77
sourceafis,validation,impostor,106,106_3,107_6,25,25,,,6,195.15,a3374c7b5fc5337d4b997e0fa76b1e2372d30469ffb6901e64fe14db778aa3d6,b5984232cc873e143ab6ab206fb77532ef73fd58cde8d04bf073a5f3daf45cdc
sourceafis,validation,impostor,106,106_3,107_7,25,22,,,0,189.29,a3374c7b5fc5337d4b997e0fa76b1e2372d30469ffb6901e64fe14db778aa3d6,8fc46426c7a8ddb3b88c051d15c70425bce9c6c6fa2c079401ea8ef90ea03634
sourceafis,validation,impostor,106,106_3,107_8,25,18,,,3,207.17,a3374c7b5fc5337d4b997e0fa76b1e2372d30469ffb6901e64fe14db778aa3d6,98d34e6219eeef1dbe39273f3a3b337e6bc83b369c6fc57a898367ce89fcc651
sourceafis,validation,impostor,106,106_4,107_5,34,25,,,7,225.2,57725d6dc50f9eefad304e362be42e978127de34d7ebb089a8e1f3b2b4518139,62ce8e710648581226f47f374be8eca3be2dccddd70e4c9c84f98cd300c48a77
sourceafis,validation,impostor,106,106_4,107_6,34,25,,,11,198.27,57725d6dc50f9eefad304e362be42e978127de34d7ebb089a8e1f3b2b4518139,b5984232cc873e143ab6ab206fb77532ef73fd58cde8d04bf073a5f3daf45cdc
sourceafis,validation,impostor,106,106_4,107_7,34,22,,,9,185.01,57725d6dc50f9eefad304e362be42e978127de34d7ebb089a8e1f3b2b4518139,8fc46426c7a8ddb3b88c051d15c70425bce9c6c6fa2c079401ea8ef90ea03634
sourceafis,validation,impostor,106,106_4,107_8,34,18,,,6,224.63,57725d6dc50f9eefad304e362be42e978127de34d7ebb089a8e1f3b2b4518139,98d34e6219eeef1dbe39273f3a3b337e6bc83b369c6fc57a898367ce89fcc651
sourceafis,validation,impostor,106,106_5,107_6,42,25,,,8,185.4,1830636c7ccb428c0798c570545ade30a83494895cdfe9a3431968a87731f1e8,b5984232cc873e143ab6ab206fb77532ef73fd58cde8d04bf073a5f3daf45cdc
sourceafis,validation,impostor,106,106_5,107_7,42,22,,,6,358.36,1830636c7ccb428c0798c570545ade30a83494895cdfe9a3431968a87731f1e8,8fc46426c7a8ddb3b88c051d15c70425bce9c6c6fa2c079401ea8ef90ea03634
sourceafis,validation,impostor,106,106_5,107_8,42,18,,,3,199.8,1830636c7ccb428c0798c570545ade30a83494895cdfe9a3431968a87731f1e8,98d34e6219eeef1dbe39273f3a3b337e6bc83b369c6fc57a898367ce89fcc651
sourceafis,validation,impostor,106,106_6,107_7,27,22,,,7,183.77,d786db559a4a525850b45f0e9ae1b57fdcbd1d0db652ad36417b7d9aaf509a51,8fc46426c7a8ddb3b88c051d15c70425bce9c6c6fa2c079401ea8ef90ea03634
sourceafis,validation,impostor,106,106_6,107_8,27,18,,,3,185,d786db559a4a525850b45f0e9ae1b57fdcbd1d0db652ad36417b7d9aaf509a51,98d34e6219eeef1dbe39273f3a3b337e6bc83b369c6fc57a898367ce89fcc651
sourceafis,validation,impostor,106,106_7,107_8,37,18,,,3,189.51,12690c4f5bf4767d65bcac752fdab38c287c83e41bed5aff5831e627bf2919da,98d34e6219eeef1dbe39273f3a3b337e6bc83b369c6fc57a898367ce89fcc651
sourceafis,validation,impostor,107,107_1,108_2,29,31,,,4,198.34,abce1aed66a852165dcfe6baf114025f04d419bac1c5ce613dfabfd4f9b12307,42d58b06338c666e0d11b0897517260cb2905f497ef634b5463fe1d771055ac8
sourceafis,validation,impostor,107,107_1,108_3,29,33,,,7,190.45,abce1aed66a852165dcfe6baf114025f04d419bac1c5ce613dfabfd4f9b12307,938ced3b7d265e1daaf1b05a01557b957c9ae8c55af3d4d9d7f48b7e94f9351b
sourceafis,validation,impostor,107,107_1,108_4,29,33,,,4,194.71,abce1aed66a852165dcfe6baf114025f04d419bac1c5ce613dfabfd4f9b12307,78bad014c8403ea7a32a877a9b687912155c85d4497695d5487bca6ac3c2f5a3
sourceafis,validation,impostor,107,107_1,108_5,29,40,,,6,204.29,abce1aed66a852165dcfe6baf114025f04d419bac1c5ce613dfabfd4f9b12307,ece2849c6d5fc5d82fef475fe53da13dc3a0aa92b9ea2032490774dae5fcb869
sourceafis,validation,impostor,107,107_1,108_6,29,45,,,6,204.94,abce1aed66a852165dcfe6baf114025f04d419bac1c5ce613dfabfd4f9b12307,e00dbe4e95c42ca670add1685e53864c097be23f5e9f7d8a9db973abc97b944d
sourceafis,validation,impostor,107,107_1,108_7,29,38,,,8,187.78,abce1aed66a852165dcfe6baf114025f04d419bac1c5ce613dfabfd4f9b12307,7a8a6d833e2b760755b435e0742be704103d570a1bb10760ba1e4572dc961bcd
sourceafis,validation,impostor,107,107_1,108_8,29,38,,,5,293.9,abce1aed66a852165dcfe6baf114025f04d419bac1c5ce613dfabfd4f9b12307,7820b5a5796fa637dea1eef57c5d2b8ac3c0ea55c508452e7796a7e6159f4644
sourceafis,validation,impostor,107,107_2,108_3,25,33,,,9,184.86,3846c23148ec1582419a7ea6570b7f50176454255d594d8b6f930d5538f5bb9a,938ced3b7d265e1daaf1b05a01557b957c9ae8c55af3d4d9d7f48b7e94f9351b
sourceafis,validation,impostor,107,107_2,108_4,25,33,,,8,179,3846c23148ec1582419a7ea6570b7f50176454255d594d8b6f930d5538f5bb9a,78bad014c8403ea7a32a877a9b687912155c85d4497695d5487bca6ac3c2f5a3
sourceafis,validation,impostor,107,107_2,108_5,25,40,,,8,190.23,3846c23148ec1582419a7ea6570b7f50176454255d594d8b6f930d5538f5bb9a,ece2849c6d5fc5d82fef475fe53da13dc3a0aa92b9ea2032490774dae5fcb869
sourceafis,validation,impostor,107,107_2,108_6,25,45,,,7,188.52,3846c23148ec1582419a7ea6570b7f50176454255d594d8b6f930d5538f5bb9a,e00dbe4e95c42ca670add1685e53864c097be23f5e9f7d8a9db973abc97b944d
sourceafis,validation,impostor,107,107_2,108_7,25,38,,,5,192.6,3846c23148ec1582419a7ea6570b7f50176454255d594d8b6f930d5538f5bb9a,7a8a6d833e2b760755b435e0742be704103d570a1bb10760ba1e4572dc961bcd
sourceafis,validation,impostor,107,107_2,108_8,25,38,,,5,183.4,3846c23148ec1582419a7ea6570b7f50176454255d594d8b6f930d5538f5bb9a,7820b5a5796fa637dea1eef57c5d2b8ac3c0ea55c508452e7796a7e6159f4644
sourceafis,validation,impostor,107,107_3,108_4,26,33,,,4,182.26,d4cfc9f779d4d69c8b4c3ccc372823a0b8f3754ea48ac0f8e53fac26909d54cd,78bad014c8403ea7a32a877a9b687912155c85d4497695d5487bca6ac3c2f5a3
sourceafis,validation,impostor,107,107_3,108_5,26,40,,,5,175.29,d4cfc9f779d4d69c8b4c3ccc372823a0b8f3754ea48ac0f8e53fac26909d54cd,ece2849c6d5fc5d82fef475fe53da13dc3a0aa92b9ea2032490774dae5fcb869
sourceafis,validation,impostor,107,107_3,108_6,26,45,,,5,207.92,d4cfc9f779d4d69c8b4c3ccc372823a0b8f3754ea48ac0f8e53fac26909d54cd,e00dbe4e95c42ca670add1685e53864c097be23f5e9f7d8a9db973abc97b944d
sourceafis,validation,impostor,107,107_3,108_7,26,38,,,7,191.69,d4cfc9f779d4d69c8b4c3ccc372823a0b8f3754ea48ac0f8e53fac26909d54cd,7a8a6d833e2b760755b435e0742be704103d570a1bb10760ba1e4572dc961bcd
sourceafis,validation,impostor,107,107_3,108_8,26,38,,,5,184.66,d4cfc9f779d4d69c8b4c3ccc372823a0b8f3754ea48ac0f8e53fac26909d54cd,7820b5a5796fa637dea1eef57c5d2b8ac3c0ea55c508452e7796a7e6159f4644
sourceafis,validation,impostor,107,107_4,108_5,25,40,,,7,197.25,8929b90a7ee61136a5e73f8fddd9e52edc9ac2a1ad7792be237979a2cfbf0412,ece2849c6d5fc5d82fef475fe53da13dc3a0aa92b9ea2032490774dae5fcb869
sourceafis,validation,impostor,107,107_4,108_6,25,45,,,7,229.71,8929b90a7ee61136a5e73f8fddd9e52edc9ac2a1ad7792be237979a2cfbf0412,e00dbe4e95c42ca670add1685e53864c097be23f5e9f7d8a9db973abc97b944d
sourceafis,validation,impostor,107,107_4,108_7,25,38,,,6,227.66,8929b90a7ee61136a5e73f8fddd9e52edc9ac2a1ad7792be237979a2cfbf0412,7a8a6d833e2b760755b435e0742be704103d570a1bb10760ba1e4572dc961bcd
sourceafis,validation,impostor,107,107_4,108_8,25,38,,,6,382.03,8929b90a7ee61136a5e73f8fddd9e52edc9ac2a1ad7792be237979a2cfbf0412,7820b5a5796fa637dea1eef57c5d2b8ac3c0ea55c508452e7796a7e6159f4644
sourceafis,validation,impostor,107,107_5,108_6,25,45,,,4,246.44,62ce8e710648581226f47f374be8eca3be2dccddd70e4c9c84f98cd300c48a77,e00dbe4e95c42ca670add1685e53864c097be23f5e9f7d8a9db973abc97b944d
sourceafis,validation,impostor,107,107_5,108_7,25,38,,,6,195.17,62ce8e710648581226f47f374be8eca3be2dccddd70e4c9c84f98cd300c48a77,7a8a6d833e2b760755b435e0742be704103d570a1bb10760ba1e4572dc961bcd
sourceafis,validation,impostor,107,107_5,108_8,25,38,,,5,225.86,62ce8e710648581226f47f374be8eca3be2dccddd70e4c9c84f98cd300c48a77,7820b5a5796fa637dea1eef57c5d2b8ac3c0ea55c508452e7796a7e6159f4644
sourceafis,validation,impostor,107,107_6,108_7,25,38,,,5,225.06,b5984232cc873e143ab6ab206fb77532ef73fd58cde8d04bf073a5f3daf45cdc,7a8a6d833e2b760755b435e0742be704103d570a1bb10760ba1e4572dc961bcd
sourceafis,validation,impostor,107,107_6,108_8,25,38,,,6,219.58,b5984232cc873e143ab6ab206fb77532ef73fd58cde8d04bf073a5f3daf45cdc,7820b5a5796fa637dea1eef57c5d2b8ac3c0ea55c508452e7796a7e6159f4644
sourceafis,validation,impostor,107,107_7,108_8,22,38,,,4,184,8fc46426c7a8ddb3b88c051d15c70425bce9c6c6fa2c079401ea8ef90ea03634,7820b5a5796fa637dea1eef57c5d2b8ac3c0ea55c508452e7796a7e6159f4644
sourceafis,validation,impostor,108,108_1,109_2,33,18,,,6,187.31,1d9c30ee93b1d901c47b19f23cfe10088bbbdcb8e4a0a0249e605e4479152f98,16bf1025db90f678f4bb8655f9238bfe0ce6b954574f813ca2c330bfccb97020
sourceafis,validation,impostor,108,108_1,109_3,33,29,,,8,201.12,1d9c30ee93b1d901c47b19f23cfe10088bbbdcb8e4a0a0249e605e4479152f98,21ac91a18c52fdb5a56ee79ef088a36cdaa81f5c2340731950f6a273524fcd1d
sourceafis,validation,impostor,108,108_1,109_4,33,25,,,6,172.41,1d9c30ee93b1d901c47b19f23cfe10088bbbdcb8e4a0a0249e605e4479152f98,d281cb724c31395bad82b285174f878e2ec2039c14b340d70b34f100f0a7f521
sourceafis,validation,impostor,108,108_1,109_5,33,32,,,6,182.24,1d9c30ee93b1d901c47b19f23cfe10088bbbdcb8e4a0a0249e605e4479152f98,1190adeb9c61dcb07022589cc4afef325266cbccebce38dd2a23dc0b482bb081
sourceafis,validation,impostor,108,108_1,109_6,33,26,,,4,195.63,1d9c30ee93b1d901c47b19f23cfe10088bbbdcb8e4a0a0249e605e4479152f98,fd2fa9adc0851cc5531fd138f2c89142bc0a39eb591923a575392f9c4a414d24
sourceafis,validation,impostor,108,108_1,109_7,33,28,,,4,189.96,1d9c30ee93b1d901c47b19f23cfe10088bbbdcb8e4a0a0249e605e4479152f98,05831fd331ba585db2f8c0d34a913d64c236ec1b8fa298b11f2024982df9579a
sourceafis,validation,impostor,108,108_1,109_8,33,29,,,7,187.43,1d9c30ee93b1d901c47b19f23cfe10088bbbdcb8e4a0a0249e605e4479152f98,1a4df7fe5be180cc33c2e6fae324846ab1a3701cc1ca5b74a6c4b9b1afccb848
sourceafis,validation,impostor,108,108_2,109_3,31,29,,,5,205.96,42d58b06338c666e0d11b0897517260cb2905f497ef634b5463fe1d771055ac8,21ac91a18c52fdb5a56ee79ef088a36cdaa81f5c2340731950f6a273524fcd1d
sourceafis,validation,impostor,108,108_2,109_4,31,25,,,4,188.86,42d58b06338c666e0d11b0897517260cb2905f497ef634b5463fe1d771055ac8,d281cb724c31395bad82b285174f878e2ec2039c14b340d70b34f100f0a7f521
sourceafis,validation,impostor,108,108_2,109_5,31,32,,,4,176.08,42d58b06338c666e0d11b0897517260cb2905f497ef634b5463fe1d771055ac8,1190adeb9c61dcb07022589cc4afef325266cbccebce38dd2a23dc0b482bb081
sourceafis,validation,impostor,108,108_2,109_6,31,26,,,5,189.91,42d58b06338c666e0d11b0897517260cb2905f497ef634b5463fe1d771055ac8,fd2fa9adc0851cc5531fd138f2c89142bc0a39eb591923a575392f9c4a414d24
sourceafis,validation,impostor,108,108_2,109_7,31,28,,,5,191.84,42d58b06338c666e0d11b0897517260cb2905f497ef634b5463fe1d771055ac8,05831fd331ba585db2f8c0d34a913d64c236ec1b8fa298b11f2024982df9579a
sourceafis,validation,impostor,108,108_2,109_8,31,29,,,9,200.67,42d58b06338c666e0d11b0897517260cb2905f497ef634b5463fe1d771055ac8,1a4df7fe5be180cc33c2e6fae324846ab1a3701cc1ca5b74a6c4b9b1afccb848
sourceafis,validation,impostor,108,108_3,109_4,33,25,,,5,170.04,938ced3b7d265e1daaf1b05a01557b957c9ae8c55af3d4d9d7f48b7e94f9351b,d281cb724c31395bad82b285174f878e2ec2039c14b340d70b34f100f0a7f521
sourceafis,validation,impostor,108,108_3,109_5,33,32,,,4,199.78,938ced3b7d265e1daaf1b05a01557b957c9ae8c55af3d4d9d7f48b7e94f9351b,1190adeb9c61dcb07022589cc4afef325266cbccebce38dd2a23dc0b482bb081
sourceafis,validation,impostor,108,108_3,109_6,33,26,,,7,190.07,938ced3b7d265e1daaf1b05a01557b957c9ae8c55af3d4d9d7f48b7e94f9351b,fd2fa9adc0851cc5531fd138f2c89142bc0a39eb591923a575392f9c4a414d24
sourceafis,validation,impostor,108,108_3,109_7,33,28,,,4,172.5,938ced3b7d265e1daaf1b05a01557b957c9ae8c55af3d4d9d7f48b7e94f9351b,05831fd331ba585db2f8c0d34a913d64c236ec1b8fa298b11f2024982df9579a
sourceafis,validation,impostor,108,108_3,109_8,33,29,,,6,189.01,938ced3b7d265e1daaf1b05a01557b957c9ae8c55af3d4d9d7f48b7e94f9351b,1a4df7fe5be180cc33c2e6fae324846ab1a3701cc1ca5b74a6c4b9b1afccb848
sourceafis,validation,impostor,108,108_4,109_5,33,32,,,9,339.86,78bad014c8403ea7a32a877a9b687912155c85d4497695d5487bca6ac3c2f5a3,1190adeb9c61dcb07022589cc4afef325266cbccebce38dd2a23dc0b482bb081
sourceafis,validation,impostor,108,108_4,109_6,33,26,,,6,198.73,78bad014c8403ea7a32a877a9b687912155c85d4497695d5487bca6ac3c2f5a3,fd2fa9adc0851cc5531fd138f2c89142bc0a39eb591923a575392f9c4a414d24
sourceafis,validation,impostor,108,108_4,109_7,33,28,,,4,196.18,78bad014c8403ea7a32a877a9b687912155c85d4497695d5487bca6ac3c2f5a3,05831fd331ba585db2f8c0d34a913d64c236ec1b8fa298b11f2024982df9579a
sourceafis,validation,impostor,108,108_4,109_8,33,29,,,4,190.81,78bad014c8403ea7a32a877a9b687912155c85d4497695d5487bca6ac3c2f5a3,1a4df7fe5be180cc33c2e6fae324846ab1a3701cc1ca5b74a6c4b9b1afccb848
sourceafis,validation,impostor,108,108_5,109_6,40,26,,,8,214.29,ece2849c6d5fc5d82fef475fe53da13dc3a0aa92b9ea2032490774dae5fcb869,fd2fa9adc0851cc5531fd138f2c89142bc0a39eb591923a575392f9c4a414d24
sourceafis,validation,impostor,108,108_5,109_7,40,28,,,5,197.32,ece2849c6d5fc5d82fef475fe53da13dc3a0aa92b9ea2032490774dae5fcb869,05831fd331ba585db2f8c0d34a913d64c236ec1b8fa298b11f2024982df9579a
sourceafis,validation,impostor,108,108_5,109_8,40,29,,,8,204.31,ece2849c6d5fc5d82fef475fe53da13dc3a0aa92b9ea2032490774dae5fcb869,1a4df7fe5be180cc33c2e6fae324846ab1a3701cc1ca5b74a6c4b9b1afccb848
sourceafis,validation,impostor,108,108_6,109_7,45,28,,,9,191.44,e00dbe4e95c42ca670add1685e53864c097be23f5e9f7d8a9db973abc97b944d,05831fd331ba585db2f8c0d34a913d64c236ec1b8fa298b11f2024982df9579a
sourceafis,validation,impostor,108,108_6,109_8,45,29,,,11,177.22,e00dbe4e95c42ca670add1685e53864c097be23f5e9f7d8a9db973abc97b944d,1a4df7fe5be180cc33c2e6fae324846ab1a3701cc1ca5b74a6c4b9b1afccb848
sourceafis,validation,impostor,108,108_7,109_8,38,29,,,9,196.39,7a8a6d833e2b760755b435e0742be704103d570a1bb10760ba1e4572dc961bcd,1a4df7fe5be180cc33c2e6fae324846ab1a3701cc1ca5b74a6c4b9b1afccb848
sourceafis,validation,impostor,109,109_1,110_2,40,20,,,3,189.03,84dd7cd1f29345a1aa719d93db15cb57a88c47daa022e41bc34cf4cc0fb99efa,85e99879ffa224c246208c6cbaa7bb0595f6981410adb3cd3d700d3f90520898
sourceafis,validation,impostor,109,109_1,110_3,40,30,,,8,197.5,84dd7cd1f29345a1aa719d93db15cb57a88c47daa022e41bc34cf4cc0fb99efa,d4d7fcc322a0b5e82547fe1cd89a81fc2e91b2da2e52b2a6a18995fef2278836
sourceafis,validation,impostor,109,109_1,110_4,40,30,,,9,196.42,84dd7cd1f29345a1aa719d93db15cb57a88c47daa022e41bc34cf4cc0fb99efa,1e8ba61136079b60004bad15a24b314cf6764ad910c03952da26fd159abde07c
sourceafis,validation,impostor,109,109_1,110_5,40,30,,,6,193.41,84dd7cd1f29345a1aa719d93db15cb57a88c47daa022e41bc34cf4cc0fb99efa,8a69365ececf38f1653f998ac4fa006e0c3596a0fb07227a52bba66d7ff51b12
sourceafis,validation,impostor,109,109_1,110_6,40,32,,,5,213.71,84dd7cd1f29345a1aa719d93db15cb57a88c47daa022e41bc34cf4cc0fb99efa,0afe05f6864c0f5331e3b0b9f94f63a4a3dc103ac82f54e3f222f08bf97dadf0
sourceafis,validation,impostor,109,109_1,110_7,40,29,,,7,183.77,84dd7cd1f29345a1aa719d93db15cb57a88c47daa022e41bc34cf4cc0fb99efa,362e15c94facd04df3ec657e41bc9ee893addbf656e7930d0db67d3b96fada0c
sourceafis,validation,impostor,109,109_1,110_8,40,33,,,7,196.35,84dd7cd1f29345a1aa719d93db15cb57a88c47daa022e41bc34cf4cc0fb99efa,a421c60d8d578675d887632396435e4af70b2bc95b83fb8d970a06ef9b15eca1
sourceafis,validation,impostor,109,109_2,110_3,18,30,,,4,275.32,16bf1025db90f678f4bb8655f9238bfe0ce6b954574f813ca2c330bfccb97020,d4d7fcc322a0b5e82547fe1cd89a81fc2e91b2da2e52b2a6a18995fef2278836
sourceafis,validation,impostor,109,109_2,110_4,18,30,,,7,195.55,16bf1025db90f678f4bb8655f9238bfe0ce6b954574f813ca2c330bfccb97020,1e8ba61136079b60004bad15a24b314cf6764ad910c03952da26fd159abde07c
sourceafis,validation,impostor,109,109_2,110_5,18,30,,,3,177.15,16bf1025db90f678f4bb8655f9238bfe0ce6b954574f813ca2c330bfccb97020,8a69365ececf38f1653f998ac4fa006e0c3596a0fb07227a52bba66d7ff51b12
sourceafis,validation,impostor,109,109_2,110_6,18,32,,,4,189.32,16bf1025db90f678f4bb8655f9238bfe0ce6b954574f813ca2c330bfccb97020,0afe05f6864c0f5331e3b0b9f94f63a4a3dc103ac82f54e3f222f08bf97dadf0
sourceafis,validation,impostor,109,109_2,110_7,18,29,,,4,198.68,16bf1025db90f678f4bb8655f9238bfe0ce6b954574f813ca2c330bfccb97020,362e15c94facd04df3ec657e41bc9ee893addbf656e7930d0db67d3b96fada0c
sourceafis,validation,impostor,109,109_2,110_8,18,33,,,4,203.93,16bf1025db90f678f4bb8655f9238bfe0ce6b954574f813ca2c330bfccb97020,a421c60d8d578675d887632396435e4af70b2bc95b83fb8d970a06ef9b15eca1
sourceafis,validation,impostor,109,109_3,110_4,29,30,,,10,177.62,21ac91a18c52fdb5a56ee79ef088a36cdaa81f5c2340731950f6a273524fcd1d,1e8ba61136079b60004bad15a24b314cf6764ad910c03952da26fd159abde07c
sourceafis,validation,impostor,109,109_3,110_5,29,30,,,4,202.65,21ac91a18c52fdb5a56ee79ef088a36cdaa81f5c2340731950f6a273524fcd1d,8a69365ececf38f1653f998ac4fa006e0c3596a0fb07227a52bba66d7ff51b12
sourceafis,validation,impostor,109,109_3,110_6,29,32,,,7,170.64,21ac91a18c52fdb5a56ee79ef088a36cdaa81f5c2340731950f6a273524fcd1d,0afe05f6864c0f5331e3b0b9f94f63a4a3dc103ac82f54e3f222f08bf97dadf0
sourceafis,validation,impostor,109,109_3,110_7,29,29,,,6,349.62,21ac91a18c52fdb5a56ee79ef088a36cdaa81f5c2340731950f6a273524fcd1d,362e15c94facd04df3ec657e41bc9ee893addbf656e7930d0db67d3b96fada0c
sourceafis,validation,impostor,109,109_3,110_8,29,33,,,6,186.12,21ac91a18c52fdb5a56ee79ef088a36cdaa81f5c2340731950f6a273524fcd1d,a421c60d8d578675d887632396435e4af70b2bc95b83fb8d970a06ef9b15eca1
sourceafis,validation,impostor,109,109_4,110_5,25,30,,,3,192.4,d281cb724c31395bad82b285174f878e2ec2039c14b340d70b34f100f0a7f521,8a69365ececf38f1653f998ac4fa006e0c3596a0fb07227a52bba66d7ff51b12
sourceafis,validation,impostor,109,109_4,110_6,25,32,,,4,212.5,d281cb724c31395bad82b285174f878e2ec2039c14b340d70b34f100f0a7f521,0afe05f6864c0f5331e3b0b9f94f63a4a3dc103ac82f54e3f222f08bf97dadf0
sourceafis,validation,impostor,109,109_4,110_7,25,29,,,3,195.46,d281cb724c31395bad82b285174f878e2ec2039c14b340d70b34f100f0a7f521,362e15c94facd04df3ec657e41bc9ee893addbf656e7930d0db67d3b96fada0c
sourceafis,validation,impostor,109,109_4,110_8,25,33,,,6,189.89,d281cb724c31395bad82b285174f878e2ec2039c14b340d70b34f100f0a7f521,a421c60d8d578675d887632396435e4af70b2bc95b83fb8d970a06ef9b15eca1
sourceafis,validation,impostor,109,109_5,110_6,32,32,,,5,204.52,1190adeb9c61dcb07022589cc4afef325266cbccebce38dd2a23dc0b482bb081,0afe05f6864c0f5331e3b0b9f94f63a4a3dc103ac82f54e3f222f08bf97dadf0
sourceafis,validation,impostor,109,109_5,110_7,32,29,,,3,202.95,1190adeb9c61dcb07022589cc4afef325266cbccebce38dd2a23dc0b482bb081,362e15c94facd04df3ec657e41bc9ee893addbf656e7930d0db67d3b96fada0c
sourceafis,validation,impostor,109,109_5,110_8,32,33,,,6,193.62,1190adeb9c61dcb07022589cc4afef325266cbccebce38dd2a23dc0b482bb081,a421c60d8d578675d887632396435e4af70b2bc95b83fb8d970a06ef9b15eca1
sourceafis,validation,impostor,109,109_6,110_7,26,29,,,5,184.81,fd2fa9adc0851cc5531fd138f2c89142bc0a39eb591923a575392f9c4a414d24,362e15c94facd04df3ec657e41bc9ee893addbf656e7930d0db67d3b96fada0c
sourceafis,validation,impostor,109,109_6,110_8,26,33,,,9,206.28,fd2fa9adc0851cc5531fd138f2c89142bc0a39eb591923a575392f9c4a414d24,a421c60d8d578675d887632396435e4af70b2bc95b83fb8d970a06ef9b15eca1
sourceafis,validation,impostor,109,109_7,110_8,28,33,,,4,194.32,05831fd331ba585db2f8c0d34a913d64c236ec1b8fa298b11f2024982df9579a,a421c60d8d578675d887632396435e4af70b2bc95b83fb8d970a06ef9b15eca1
sourceafis,validation,impostor,110,110_1,101_2,29,42,,,4,195.29,68bca56d6d35f6f0a8c1489564ea97d5738362e266f5670a69d14b23934a2dbb,4aabb4d65a28b56e0972aade044b70ececeef26d6760c0c27f12b40f0012556f
sourceafis,validation,impostor,110,110_1,101_3,29,24,,,3,202.94,68bca56d6d35f6f0a8c1489564ea97d5738362e266f5670a69d14b23934a2dbb,4c22f3a04a590ae26532f23d3485ec3f52739731e7dfec071fbf352cc43c4810
sourceafis,validation,impostor,110,110_1,101_4,29,71,,,4,186.65,68bca56d6d35f6f0a8c1489564ea97d5738362e266f5670a69d14b23934a2dbb,122dbb9a32571a35e6d55e2a6ccc882b61337b3a9b755c63c28f3324aca77151
sourceafis,validation,impostor,110,110_1,101_5,29,47,,,8,223.63,68bca56d6d35f6f0a8c1489564ea97d5738362e266f5670a69d14b23934a2dbb,97af114bc7552cf3774a25d6b1889c503d0954a5933cf5c100431a3d4d0321d3
sourceafis,validation,impostor,110,110_1,101_6,29,44,,,8,208.19,68bca56d6d35f6f0a8c1489564ea97d5738362e266f5670a69d14b23934a2dbb,9345470dade59f65098836d8a512d4a3492e3f8bbd0c7b30f8b15d9bc95fba52
sourceafis,validation,impostor,110,110_1,101_7,29,29,,,5,210.41,68bca56d6d35f6f0a8c1489564ea97d5738362e266f5670a69d14b23934a2dbb,82663dd77ab163c462b820fc3c3087d5cf5e8011554daadcd6df412609c8f708
sourceafis,validation,impostor,110,110_1,101_8,29,41,,,6,187.92,68bca56d6d35f6f0a8c1489564ea97d5738362e266f5670a69d14b23934a2dbb,c89e6612e315373aedde6197549741f1a627d88d51e029c9103104eee2f00961
sourceafis,validation,impostor,110,110_2,101_3,20,24,,,3,185.05,85e99879ffa224c246208c6cbaa7bb0595f6981410adb3cd3d700d3f90520898,4c22f3a04a590ae26532f23d3485ec3f52739731e7dfec071fbf352cc43c4810
sourceafis,validation,impostor,110,110_2,101_4,20,71,,,4,206.68,85e99879ffa224c246208c6cbaa7bb0595f6981410adb3cd3d700d3f90520898,122dbb9a32571a35e6d55e2a6ccc882b61337b3a9b755c63c28f3324aca77151
sourceafis,validation,impostor,110,110_2,101_5,20,47,,,5,191.86,85e99879ffa224c246208c6cbaa7bb0595f6981410adb3cd3d700d3f90520898,97af114bc7552cf3774a25d6b1889c503d0954a5933cf5c100431a3d4d0321d3
sourceafis,validation,impostor,110,110_2,101_6,20,44,,,7,193.83,85e99879ffa224c246208c6cbaa7bb0595f6981410adb3cd3d700d3f90520898,9345470dade59f65098836d8a512d4a3492e3f8bbd0c7b30f8b15d9bc95fba52
sourceafis,validation,impostor,110,110_2,101_7,20,29,,,3,211.88,85e99879ffa224c246208c6cbaa7bb0595f6981410adb3cd3d700d3f90520898,82663dd77ab163c462b820fc3c3087d5cf5e8011554daadcd6df412609c8f708
sourceafis,validation,impostor,110,110_2,101_8,20,41,,,3,209.72,85e99879ffa224c246208c6cbaa7bb0595f6981410adb3cd3d700d3f90520898,c89e6612e315373aedde6197549741f1a627d88d51e029c9103104eee2f00961
sourceafis,validation,impostor,110,110_3,101_4,30,71,,,4,324.17,d4d7fcc322a0b5e82547fe1cd89a81fc2e91b2da2e52b2a6a18995fef2278836,122dbb9a32571a35e6d55e2a6ccc882b61337b3a9b755c63c28f3324aca77151
sourceafis,validation,impostor,110,110_3,101_5,30,47,,,8,223.38,d4d7fcc322a0b5e82547fe1cd89a81fc2e91b2da2e52b2a6a18995fef2278836,97af114bc7552cf3774a25d6b1889c503d0954a5933cf5c100431a3d4d0321d3
sourceafis,validation,impostor,110,110_3,101_6,30,44,,,8,187.02,d4d7fcc322a0b5e82547fe1cd89a81fc2e91b2da2e52b2a6a18995fef2278836,9345470dade59f65098836d8a512d4a3492e3f8bbd0c7b30f8b15d9bc95fba52
sourceafis,validation,impostor,110,110_3,101_7,30,29,,,4,193.19,d4d7fcc322a0b5e82547fe1cd89a81fc2e91b2da2e52b2a6a18995fef2278836,82663dd77ab163c462b820fc3c3087d5cf5e8011554daadcd6df412609c8f708
sourceafis,validation,impostor,110,110_3,101_8,30,41,,,5,193.26,d4d7fcc322a0b5e82547fe1cd89a81fc2e91b2da2e52b2a6a18995fef2278836,c89e6612e315373aedde6197549741f1a627d88d51e029c9103104eee2f00961
sourceafis,validation,impostor,110,110_4,101_5,30,47,,,8,199.51,1e8ba61136079b60004bad15a24b314cf6764ad910c03952da26fd159abde07c,97af114bc7552cf3774a25d6b1889c503d0954a5933cf5c100431a3d4d0321d3
sourceafis,validation,impostor,110,110_4,101_6,30,44,,,17,202.6,1e8ba61136079b60004bad15a24b314cf6764ad910c03952da26fd159abde07c,9345470dade59f65098836d8a512d4a3492e3f8bbd0c7b30f8b15d9bc95fba52
sourceafis,validation,impostor,110,110_4,101_7,30,29,,,12,237.31,1e8ba61136079b60004bad15a24b314cf6764ad910c03952da26fd159abde07c,82663dd77ab163c462b820fc3c3087d5cf5e8011554daadcd6df412609c8f708
sourceafis,validation,impostor,110,110_4,101_8,30,41,,,9,183.62,1e8ba61136079b60004bad15a24b314cf6764ad910c03952da26fd159abde07c,c89e6612e315373aedde6197549741f1a627d88d51e029c9103104eee2f00961
sourceafis,validation,impostor,110,110_5,101_6,30,44,,,7,191.79,8a69365ececf38f1653f998ac4fa006e0c3596a0fb07227a52bba66d7ff51b12,9345470dade59f65098836d8a512d4a3492e3f8bbd0c7b30f8b15d9bc95fba52
sourceafis,validation,impostor,110,110_5,101_7,30,29,,,8,179.12,8a69365ececf38f1653f998ac4fa006e0c3596a0fb07227a52bba66d7ff51b12,82663dd77ab163c462b820fc3c3087d5cf5e8011554daadcd6df412609c8f708
sourceafis,validation,impostor,110,110_5,101_8,30,41,,,8,223.92,8a69365ececf38f1653f998ac4fa006e0c3596a0fb07227a52bba66d7ff51b12,c89e6612e315373aedde6197549741f1a627d88d51e029c9103104eee2f00961
sourceafis,validation,impostor,110,110_6,101_7,32,29,,,5,212.84,0afe05f6864c0f5331e3b0b9f94f63a4a3dc103ac82f54e3f222f08bf97dadf0,82663dd77ab163c462b820fc3c3087d5cf5e8011554daadcd6df412609c8f708
sourceafis,validation,impostor,110,110_6,101_8,32,41,,,4,200.16,0afe05f6864c0f5331e3b0b9f94f63a4a3dc103ac82f54e3f222f08bf97dadf0,c89e6612e315373aedde6197549741f1a627d88d51e029c9103104eee2f00961
sourceafis,validation,impostor,110,110_7,101_8,29,41,,,5,221.69,362e15c94facd04df3ec657e41bc9ee893addbf656e7930d0db67d3b96fada0c,c89e6612e315373aedde6197549741f1a627d88d51e029c9103104eee2f00961
legacy,train,genuine,101,101_1,101_2,140,140,70,76,295,383.22,c6f429d92e48f30f5716e8c7cc199a1f7f6623c9514705d661acf8b0e364a45a,7fe2df44ffd7e70310b78e590388cb9ad69567d004f36a7ca6d183137e981dd3
legacy,train,genuine,101,101_1,101_3,140,140,70,71,18,386.73,c6f429d92e48f30f5716e8c7cc199a1f7f6623c9514705d661acf8b0e364a45a,868ba2378c8c3b528d348f71960a20a1669f5b8662527a0dbfb5067b2c7e7e05
legacy,train,genuine,101,101_1,101_4,140,140,70,72,271,365.71,c6f429d92e48f30f5716e8c7cc199a1f7f6623c9514705d661acf8b0e364a45a,48aecebf751b608790fc7c0f57ce6c1da4030263b7e6f6cbd47418b026bb4bd7
legacy,train,genuine,101,101_1,101_5,140,140,70,73,275,881.44,c6f429d92e48f30f5716e8c7cc199a1f7f6623c9514705d661acf8b0e364a45a,4f8324194b729ad6ec2d08d58a9bbba3d85a1d1d4e16487c1fead278795388fc
legacy,train,genuine,101,101_1,101_6,140,140,70,74,85,579.86,c6f429d92e48f30f5716e8c7cc199a1f7f6623c9514705d661acf8b0e364a45a,4b42e59a7336be4817774e9ec0e9c4aaa3e45f556a03b75f190aacc6a4067581
legacy,train,genuine,101,101_1,101_7,140,140,70,74,254,763.09,c6f429d92e48f30f5716e8c7cc199a1f7f6623c9514705d661acf8b0e364a45a,22012d41b299c696726703c188e374c1678cce37d06640c083f7f45d48d32c0a
legacy,train,genuine,101,101_1,101_8,140,140,70,72,241,366.5,c6f429d92e48f30f5716e8c7cc199a1f7f6623c9514705d661acf8b0e364a45a,2cd89d2aef9c8e0ab5eb14d47574d934101e98aa98f334bb0d48fbd65bb15031
legacy,train,genuine,101,101_2,101_3,140,140,76,71,17,397.48,7fe2df44ffd7e70310b78e590388cb9ad69567d004f36a7ca6d183137e981dd3,868ba2378c8c3b528d348f71960a20a1669f5b8662527a0dbfb5067b2c7e7e05
legacy,train,genuine,101,101_2,101_4,140,140,76,72,265,385.84,7fe2df44ffd7e70310b78e590388cb9ad69567d004f36a7ca6d183137e981dd3,48aecebf751b608790fc7c0f57ce6c1da4030263b7e6f6cbd47418b026bb4bd7
legacy,train,genuine,101,101_2,101_5,140,140,76,73,282,781.38,7fe2df44ffd7e70310b78e590388cb9ad69567d004f36a7ca6d183137e981dd3,4f8324194b729ad6ec2d08d58a9bbba3d85a1d1d4e16487c1fead278795388fc
legacy,train,genuine,101,101_2,101_6,140,140,76,74,22,385.63,7fe2df44ffd7e70310b78e590388cb9ad69567d004f36a7ca6d183137e981dd3,4b42e59a7336be4817774e9ec0e9c4aaa3e45f556a03b75f190aacc6a4067581
legacy,train,genuine,101,101_2,101_7,140,140,76,74,245,809.08,7fe2df44ffd7e70310b78e590388cb9ad69567d004f36a7ca6d183137e981dd3,22012d41b299c696726703c188e374c1678cce37d06640c083f7f45d48d32c0a
legacy,train,genuine,101,101_2,101_8,140,140,76,72,253,357.71,7fe2df44ffd7e70310b78e590388cb9ad69567d004f36a7ca6d183137e981dd3,2cd89d2aef9c8e0ab5eb14d47574d934101e98aa98f334bb0d48fbd65bb15031
legacy,train,genuine,101,101_3,101_4,140,140,71,72,24,349.64,868ba2378c8c3b528d348f71960a20a1669f5b8662527a0dbfb5067b2c7e7e05,48aecebf751b608790fc7c0f57ce6c1da4030263b7e6f6cbd47418b026bb4bd7
legacy,train,genuine,101,101_3,101_5,140,140,71,73,21,563.26,868ba2378c8c3b528d348f71960a20a1669f5b8662527a0dbfb5067b2c7e7e05,4f8324194b729ad6ec2d08d58a9bbba3d85a1d1d4e16487c1fead278795388fc
legacy,train,genuine,101,101_3,101_6,140,140,71,74,44,425.53,868ba2378c8c3b528d348f71960a20a1669f5b8662527a0dbfb5067b2c7e7e05,4b42e59a7336be4817774e9ec0e9c4aaa3e45f556a03b75f190aacc6a4067581
legacy,train,genuine,101,101_3,101_7,140,140,71,74,38,458.53,868ba2378c8c3b528d348f71960a20a1669f5b8662527a0dbfb5067b2c7e7e05,22012d41b299c696726703c188e374c1678cce37d06640c083f7f45d48d32c0a
legacy,train,genuine,101,101_3,101_8,140,140,71,72,15,362.39,868ba2378c8c3b528d348f71960a20a1669f5b8662527a0dbfb5067b2c7e7e05,2cd89d2aef9c8e0ab5eb14d47574d934101e98aa98f334bb0d48fbd65bb15031
legacy,train,genuine,101,101_4,101_5,140,140,72,73,274,940.29,48aecebf751b608790fc7c0f57ce6c1da4030263b7e6f6cbd47418b026bb4bd7,4f8324194b729ad6ec2d08d58a9bbba3d85a1d1d4e16487c1fead278795388fc
legacy,train,genuine,101,101_4,101_6,140,140,72,74,93,473.85,48aecebf751b608790fc7c0f57ce6c1da4030263b7e6f6cbd47418b026bb4bd7,4b42e59a7336be4817774e9ec0e9c4aaa3e45f556a03b75f190aacc6a4067581
legacy,train,genuine,101,101_4,101_7,140,140,72,74,248,1137.23,48aecebf751b608790fc7c0f57ce6c1da4030263b7e6f6cbd47418b026bb4bd7,22012d41b299c696726703c188e374c1678cce37d06640c083f7f45d48d32c0a
legacy,train,genuine,101,101_4,101_8,140,140,72,72,251,351.88,48aecebf751b608790fc7c0f57ce6c1da4030263b7e6f6cbd47418b026bb4bd7,2cd89d2aef9c8e0ab5eb14d47574d934101e98aa98f334bb0d48fbd65bb15031
legacy,train,genuine,101,101_5,101_6,140,140,73,74,18,351.64,4f8324194b729ad6ec2d08d58a9bbba3d85a1d1d4e16487c1fead278795388fc,4b42e59a7336be4817774e9ec0e9c4aaa3e45f556a03b75f190aacc6a4067581
legacy,train,genuine,101,101_5,101_7,140,140,73,74,166,602.42,4f8324194b729ad6ec2d08d58a9bbba3d85a1d1d4e16487c1fead278795388fc,22012d41b299c696726703c188e374c1678cce37d06640c083f7f45d48d32c0a
legacy,train,genuine,101,101_5,101_8,140,140,73,72,246,401.13,4f8324194b729ad6ec2d08d58a9bbba3d85a1d1d4e16487c1fead278795388fc,2cd89d2aef9c8e0ab5eb14d47574d934101e98aa98f334bb0d48fbd65bb15031
legacy,train,genuine,101,101_6,101_7,140,140,74,74,22,347.7,4b42e59a7336be4817774e9ec0e9c4aaa3e45f556a03b75f190aacc6a4067581,22012d41b299c696726703c188e374c1678cce37d06640c083f7f45d48d32c0a
legacy,train,genuine,101,101_6,101_8,140,140,74,72,22,429.48,4b42e59a7336be4817774e9ec0e9c4aaa3e45f556a03b75f190aacc6a4067581,2cd89d2aef9c8e0ab5eb14d47574d934101e98aa98f334bb0d48fbd65bb15031
legacy,train,genuine,101,101_7,101_8,140,140,74,72,231,518.04,22012d41b299c696726703c188e374c1678cce37d06640c083f7f45d48d32c0a,2cd89d2aef9c8e0ab5eb14d47574d934101e98aa98f334bb0d48fbd65bb15031
legacy,train,genuine,102,102_1,102_2,140,140,83,80,16,344.61,a8de9190aac62da312388072e34d8ece564e80f89b70321ccc65ec90a5a1792b,7970df3f17c32d19f53f9a1532610d7706261b1d61c68da56133df8196f327f3
legacy,train,genuine,102,102_1,102_3,140,140,83,80,322,1690.54,a8de9190aac62da312388072e34d8ece564e80f89b70321ccc65ec90a5a1792b,9f2fe0dd36d0909156e3b8e4fe8e51c05b706cd1589924740bba07dc179ce5ad
legacy,train,genuine,102,102_1,102_4,140,140,83,81,294,1105.29,a8de9190aac62da312388072e34d8ece564e80f89b70321ccc65ec90a5a1792b,f341b6f74bc4001d7a8a71da2dd85c3d4c13404c739ea1b9e336f7379cfebca3
legacy,train,genuine,102,102_1,102_5,140,140,83,80,285,502.86,a8de9190aac62da312388072e34d8ece564e80f89b70321ccc65ec90a5a1792b,5afebcfed489b64ac55fb270b4293445ee1c992e805d7cc9343aa2c39836dd9a
legacy,train,genuine,102,102_1,102_6,140,140,83,80,294,1431.35,a8de9190aac62da312388072e34d8ece564e80f89b70321ccc65ec90a5a1792b,6db376e76f40d2e348f09a2ebb2266117e8e3547005620884b026f764a749b7f
legacy,train,genuine,102,102_1,102_7,140,140,83,81,325,420.74,a8de9190aac62da312388072e34d8ece564e80f89b70321ccc65ec90a5a1792b,9825d7aa7666a484866ea1a3bc88101756f716f75c50746525220b3e243eae0f
legacy,train,genuine,102,102_1,102_8,140,140,83,79,300,862.74,a8de9190aac62da312388072e34d8ece564e80f89b70321ccc65ec90a5a1792b,4bf0a5b670021a0325addff0d90c45d95d75872eae509f6548b305aa8e86ba7d
legacy,train,genuine,102,102_2,102_3,140,140,80,80,301,702.23,7970df3f17c32d19f53f9a1532610d7706261b1d61c68da56133df8196f327f3,9f2fe0dd36d0909156e3b8e4fe8e51c05b706cd1589924740bba07dc179ce5ad
legacy,train,genuine,102,102_2,102_4,140,140,80,81,14,349.61,7970df3f17c32d19f53f9a1532610d7706261b1d61c68da56133df8196f327f3,f341b6f74bc4001d7a8a71da2dd85c3d4c13404c739ea1b9e336f7379cfebca3
legacy,train,genuine,102,102_2,102_5,140,140,80,80,14,387.29,7970df3f17c32d19f53f9a1532610d7706261b1d61c68da56133df8196f327f3,5afebcfed489b64ac55fb270b4293445ee1c992e805d7cc9343aa2c39836dd9a
legacy,train,genuine,102,102_2,102_6,140,140,80,80,215,446.93,7970df3f17c32d19f53f9a1532610d7706261b1d61c68da56133df8196f327f3,6db376e76f40d2e348f09a2ebb2266117e8e3547005620884b026f764a749b7f
legacy,train,genuine,102,102_2,102_7,140,140,80,81,272,763.42,7970df3f17c32d19f53f9a1532610d7706261b1d61c68da56133df8196f327f3,9825d7aa7666a484866ea1a3bc88101756f716f75c50746525220b3e243eae0f
legacy,train,genuine,102,102_2,102_8,140,140,80,79,16,343.97,7970df3f17c32d19f53f9a1532610d7706261b1d61c68da56133df8196f327f3,4bf0a5b670021a0325addff0d90c45d95d75872eae509f6548b305aa8e86ba7d
legacy,train,genuine,102,102_3,102_4,140,140,80,81,298,1663.61,9f2fe0dd36d0909156e3b8e4fe8e51c05b706cd1589924740bba07dc179ce5ad,f341b6f74bc4001d7a8a71da2dd85c3d4c13404c739ea1b9e336f7379cfebca3
legacy,train,genuine,102,102_3,102_5,140,140,80,80,286,384.82,9f2fe0dd36d0909156e3b8e4fe8e51c05b706cd1589924740bba07dc179ce5ad,5afebcfed489b64ac55fb270b4293445ee1c992e805d7cc9343aa2c39836dd9a
legacy,train,genuine,102,102_3,102_6,140,140,80,80,294,2340.78,9f2fe0dd36d0909156e3b8e4fe8e51c05b706cd1589924740bba07dc179ce5ad,6db376e76f40d2e348f09a2ebb2266117e8e3547005620884b026f764a749b7f
legacy,train,genuine,102,102_3,102_7,140,140,80,81,316,1947.27,9f2fe0dd36d0909156e3b8e4fe8e51c05b706cd1589924740bba07dc179ce5ad,9825d7aa7666a484866ea1a3bc88101756f716f75c50746525220b3e243eae0f
legacy,train,genuine,102,102_3,102_8,140,140,80,79,310,1908.19,9f2fe0dd36d0909156e3b8e4fe8e51c05b706cd1589924740bba07dc179ce5ad,4bf0a5b670021a0325addff0d90c45d95d75872eae509f6548b305aa8e86ba7d
legacy,train,genuine,102,102_4,102_5,140,140,81,80,286,368.57,f341b6f74bc4001d7a8a71da2dd85c3d4c13404c739ea1b9e336f7379cfebca3,5afebcfed489b64ac55fb270b4293445ee1c992e805d7cc9343aa2c39836dd9a
legacy,train,genuine,102,102_4,102_6,140,140,81,80,308,1615.97,f341b6f74bc4001d7a8a71da2dd85c3d4c13404c739ea1b9e336f7379cfebca3,6db376e76f40d2e348f09a2ebb2266117e8e3547005620884b026f764a749b7f
legacy,train,genuine,102,102_4,102_7,140,140,81,81,292,848.43,f341b6f74bc4001d7a8a71da2dd85c3d4c13404c739ea1b9e336f7379cfebca3,9825d7aa7666a484866ea1a3bc88101756f716f75c50746525220b3e243eae0f
legacy,train,genuine,102,102_4,102_8,140,140,81,79,315,892.14,f341b6f74bc4001d7a8a71da2dd85c3d4c13404c739ea1b9e336f7379cfebca3,4bf0a5b670021a0325addff0d90c45d95d75872eae509f6548b305aa8e86ba7d
legacy,train,genuine,102,102_5,102_6,140,140,80,80,286,1672.01,5afebcfed489b64ac55fb270b4293445ee1c992e805d7cc9343aa2c39836dd9a,6db376e76f40d2e348f09a2ebb2266117e8e3547005620884b026f764a749b7f
legacy,train,genuine,102,102_5,102_7,140,140,80,81,284,364.28,5afebcfed489b64ac55fb270b4293445ee1c992e805d7cc9343aa2c39836dd9a,9825d7aa7666a484866ea1a3bc88101756f716f75c50746525220b3e243eae0f
legacy,train,genuine,102,102_5,102_8,140,140,80,79,291,364.56,5afebcfed489b64ac55fb270b4293445ee1c992e805d7cc9343aa2c39836dd9a,4bf0a5b670021a0325addff0d90c45d95d75872eae509f6548b305aa8e86ba7d
legacy,train,genuine,102,102_6,102_7,140,140,80,81,313,2429.57,6db376e76f40d2e348f09a2ebb2266117e8e3547005620884b026f764a749b7f,9825d7aa7666a484866ea1a3bc88101756f716f75c50746525220b3e243eae0f
legacy,train,genuine,102,102_6,102_8,140,140,80,79,296,1796.07,6db376e76f40d2e348f09a2ebb2266117e8e3547005620884b026f764a749b7f,4bf0a5b670021a0325addff0d90c45d95d75872eae509f6548b305aa8e86ba7d
legacy,train,genuine,102,102_7,102_8,140,140,81,79,291,670.22,9825d7aa7666a484866ea1a3bc88101756f716f75c50746525220b3e243eae0f,4bf0a5b670021a0325addff0d90c45d95d75872eae509f6548b305aa8e86ba7d
legacy,train,genuine,103,103_1,103_2,140,140,81,81,282,419.47,79972043d38647d0abc677ecefd26925d7bba87b2063d04a028f9bc05b712f08,0be5cb3b70c03e58128819d3b155df812204037bfca6a4495dd67e4185e21d59
legacy,train,genuine,103,103_1,103_3,140,140,81,81,300,497.66,79972043d38647d0abc677ecefd26925d7bba87b2063d04a028f9bc05b712f08,65134ba0119ee27b9de159b90ae781c6aba43b6f92ebb283261abc74338942df
legacy,train,genuine,103,103_1,103_4,140,140,81,81,293,387.3,79972043d38647d0abc677ecefd26925d7bba87b2063d04a028f9bc05b712f08,851e4b3a55993e6667f5ef230961ad2c3fce3266175dada7ec08e337cf0adba4
legacy,train,genuine,103,103_1,103_5,140,140,81,81,279,376.37,79972043d38647d0abc677ecefd26925d7bba87b2063d04a028f9bc05b712f08,4d0de6fd372e4072668a25a1302fe2a12428f65f60b85f2c74230b72810c4624
legacy,train,genuine,103,103_1,103_6,140,140,81,81,156,441.28,79972043d38647d0abc677ecefd26925d7bba87b2063d04a028f9bc05b712f08,366dc2e626b5809197663c13b8f9c3cd5110d7f6e35d0dea55708e68991e799e
legacy,train,genuine,103,103_1,103_7,140,140,81,79,284,388.1,79972043d38647d0abc677ecefd26925d7bba87b2063d04a028f9bc05b712f08,3b02c9f6cae61d9867bbc9d3ed4fc51e81ce3f3cb2ee9ee48c9590733196999f
legacy,train,genuine,103,103_1,103_8,140,140,81,79,37,420.87,79972043d38647d0abc677ecefd26925d7bba87b2063d04a028f9bc05b712f08,34f3612da2110f3f109059a0de9db09b2e6dfae4c9987d058d96d8f77c6c80cc
legacy,train,genuine,103,103_2,103_3,140,140,81,81,136,447.1,0be5cb3b70c03e58128819d3b155df812204037bfca6a4495dd67e4185e21d59,65134ba0119ee27b9de159b90ae781c6aba43b6f92ebb283261abc74338942df
legacy,train,genuine,103,103_2,103_4,140,140,81,81,18,411.28,0be5cb3b70c03e58128819d3b155df812204037bfca6a4495dd67e4185e21d59,851e4b3a55993e6667f5ef230961ad2c3fce3266175dada7ec08e337cf0adba4
legacy,train,genuine,103,103_2,103_5,140,140,81,81,131,638.91,0be5cb3b70c03e58128819d3b155df812204037bfca6a4495dd67e4185e21d59,4d0de6fd372e4072668a25a1302fe2a12428f65f60b85f2c74230b72810c4624
legacy,train,genuine,103,103_2,103_6,140,140,81,81,16,335.69,0be5cb3b70c03e58128819d3b155df812204037bfca6a4495dd67e4185e21d59,366dc2e626b5809197663c13b8f9c3cd5110d7f6e35d0dea55708e68991e799e
legacy,train,genuine,103,103_2,103_7,140,140,81,79,256,396.38,0be5cb3b70c03e58128819d3b155df812204037bfca6a4495dd67e4185e21d59,3b02c9f6cae61d9867bbc9d3ed4fc51e81ce3f3cb2ee9ee48c9590733196999f
legacy,train,genuine,103,103_2,103_8,140,140,81,79,26,371.75,0be5cb3b70c03e58128819d3b155df812204037bfca6a4495dd67e4185e21d59,34f3612da2110f3f109059a0de9db09b2e6dfae4c9987d058d96d8f77c6c80cc
legacy,train,genuine,103,103_3,103_4,140,140,81,81,291,465.27,65134ba0119ee27b9de159b90ae781c6aba43b6f92ebb283261abc74338942df,851e4b3a55993e6667f5ef230961ad2c3fce3266175dada7ec08e337cf0adba4
legacy,train,genuine,103,103_3,103_5,140,140,81,81,303,848.04,65134ba0119ee27b9de159b90ae781c6aba43b6f92ebb283261abc74338942df,4d0de6fd372e4072668a25a1302fe2a12428f65f60b85f2c74230b72810c4624
legacy,train,genuine,103,103_3,103_6,140,140,81,81,27,423.03,65134ba0119ee27b9de159b90ae781c6aba43b6f92ebb283261abc74338942df,366dc2e626b5809197663c13b8f9c3cd5110d7f6e35d0dea55708e68991e799e
legacy,train,genuine,103,103_3,103_7,140,140,81,79,284,370.84,65134ba0119ee27b9de159b90ae781c6aba43b6f92ebb283261abc74338942df,3b02c9f6cae61d9867bbc9d3ed4fc51e81ce3f3cb2ee9ee48c9590733196999f
legacy,train,genuine,103,103_3,103_8,140,140,81,79,24,379.24,65134ba0119ee27b9de159b90ae781c6aba43b6f92ebb283261abc74338942df,34f3612da2110f3f109059a0de9db09b2e6dfae4c9987d058d96d8f77c6c80cc
legacy,train,genuine,103,103_4,103_5,140,140,81,81,264,365.51,851e4b3a55993e6667f5ef230961ad2c3fce3266175dada7ec08e337cf0adba4,4d0de6fd372e4072668a25a1302fe2a12428f65f60b85f2c74230b72810c4624
legacy,train,genuine,103,103_4,103_6,140,140,81,81,26,480.86,851e4b3a55993e6667f5ef230961ad2c3fce3266175dada7ec08e337cf0adba4,366dc2e626b5809197663c13b8f9c3cd5110d7f6e35d0dea55708e68991e799e
legacy,train,genuine,103,103_4,103_7,140,140,81,79,274,347.92,851e4b3a55993e6667f5ef230961ad2c3fce3266175dada7ec08e337cf0adba4,3b02c9f6cae61d9867bbc9d3ed4fc51e81ce3f3cb2ee9ee48c9590733196999f
legacy,train,genuine,103,103_4,103_8,140,140,81,79,37,634.28,851e4b3a55993e6667f5ef230961ad2c3fce3266175dada7ec08e337cf0adba4,34f3612da2110f3f109059a0de9db09b2e6dfae4c9987d058d96d8f77c6c80cc
legacy,train,genuine,103,103_5,103_6,140,140,81,81,16,355.66,4d0de6fd372e4072668a25a1302fe2a12428f65f60b85f2c74230b72810c4624,366dc2e626b5809197663c13b8f9c3cd5110d7f6e35d0dea55708e68991e799e
legacy,train,genuine,103,103_5,103_7,140,140,81,79,276,370.77,4d0de6fd372e4072668a25a1302fe2a12428f65f60b85f2c74230b72810c4624,3b02c9f6cae61d9867bbc9d3ed4fc51e81ce3f3cb2ee9ee48c9590733196999f
legacy,train,genuine,103,103_5,103_8,140,140,81,79,24,425.39,4d0de6fd372e4072668a25a1302fe2a12428f65f60b85f2c74230b72810c4624,34f3612da2110f3f109059a0de9db09b2e6dfae4c9987d058d96d8f77c6c80cc
legacy,train,genuine,103,103_6,103_7,140,140,81,79,19,541.82,366dc2e626b5809197663c13b8f9c3cd5110d7f6e35d0dea55708e68991e799e,3b02c9f6cae61d9867bbc9d3ed4fc51e81ce3f3cb2ee9ee48c9590733196999f
legacy,train,genuine,103,103_6,103_8,140,140,81,79,18,356.58,366dc2e626b5809197663c13b8f9c3cd5110d7f6e35d0dea55708e68991e799e,34f3612da2110f3f109059a0de9db09b2e6dfae4c9987d058d96d8f77c6c80cc
legacy,train,genuine,103,103_7,103_8,140,140,79,79,23,429.07,3b02c9f6cae61d9867bbc9d3ed4fc51e81ce3f3cb2ee9ee48c9590733196999f,34f3612da2110f3f109059a0de9db09b2e6dfae4c9987d058d96d8f77c6c80cc
legacy,train,genuine,104,104_1,104_2,140,140,75,73,230,393.18,ce8fd2259be4e7536f0ed960053962b71077032602eb8614b9f7aa47cdc1a980,77b3dbea6ea0a81b57d5bc09b0a92a88a82381e067422cd24c6f94e12862ffbd
legacy,train,genuine,104,104_1,104_3,140,140,75,72,265,370.6,ce8fd2259be4e7536f0ed960053962b71077032602eb8614b9f7aa47cdc1a980,d2138ae748e8dadb3e324b7431ab6f056232cecdebf53e99c8658d3414c0d348
legacy,train,genuine,104,104_1,104_4,140,140,75,74,276,390.99,ce8fd2259be4e7536f0ed960053962b71077032602eb8614b9f7aa47cdc1a980,11de29ce41afc0da6c5fa305939fabad8774bd926b1fd529e6767d5bf0affc68
legacy,train,genuine,104,104_1,104_5,140,140,75,70,237,402.41,ce8fd2259be4e7536f0ed960053962b71077032602eb8614b9f7aa47cdc1a980,0b016844c7cd20763aa2af2d8dfd3be02651a01f1a394b670ba574aa80a078b4
legacy,train,genuine,104,104_1,104_6,140,140,75,75,337,383.09,ce8fd2259be4e7536f0ed960053962b71077032602eb8614b9f7aa47cdc1a980,b0706f915a5c71468152eb950b2a86e9a27ab88ee45c0597b2404668d32934a8
legacy,train,genuine,104,104_1,104_7,140,140,75,72,180,370.42,ce8fd2259be4e7536f0ed960053962b71077032602eb8614b9f7aa47cdc1a980,75e01f7006fec66bebd11ccf2228d7a5824dc9fc6c208d6fbab87f3f38e3a47b
legacy,train,genuine,104,104_1,104_8,140,140,75,71,226,1303.65,ce8fd2259be4e7536f0ed960053962b71077032602eb8614b9f7aa47cdc1a980,933a996c2cb53ea4ff6ec68ef7dc4b96fa8f6b31055db73ace146a4d12d0c7b4
legacy,train,genuine,104,104_2,104_3,140,140,73,72,207,426.53,77b3dbea6ea0a81b57d5bc09b0a92a88a82381e067422cd24c6f94e12862ffbd,d2138ae748e8dadb3e324b7431ab6f056232cecdebf53e99c8658d3414c0d348
legacy,train,genuine,104,104_2,104_4,140,140,73,74,218,352.4,77b3dbea6ea0a81b57d5bc09b0a92a88a82381e067422cd24c6f94e12862ffbd,11de29ce41afc0da6c5fa305939fabad8774bd926b1fd529e6767d5bf0affc68
legacy,train,genuine,104,104_2,104_5,140,140,73,70,210,342.99,77b3dbea6ea0a81b57d5bc09b0a92a88a82381e067422cd24c6f94e12862ffbd,0b016844c7cd20763aa2af2d8dfd3be02651a01f1a394b670ba574aa80a078b4
legacy,train,genuine,104,104_2,104_6,140,140,73,75,226,345.55,77b3dbea6ea0a81b57d5bc09b0a92a88a82381e067422cd24c6f94e12862ffbd,b0706f915a5c71468152eb950b2a86e9a27ab88ee45c0597b2404668d32934a8
legacy,train,genuine,104,104_2,104_7,140,140,73,72,163,355.07,77b3dbea6ea0a81b57d5bc09b0a92a88a82381e067422cd24c6f94e12862ffbd,75e01f7006fec66bebd11ccf2228d7a5824dc9fc6c208d6fbab87f3f38e3a47b
legacy,train,genuine,104,104_2,104_8,140,140,73,71,202,338.33,77b3dbea6ea0a81b57d5bc09b0a92a88a82381e067422cd24c6f94e12862ffbd,933a996c2cb53ea4ff6ec68ef7dc4b96fa8f6b31055db73ace146a4d12d0c7b4
legacy,train,genuine,104,104_3,104_4,140,140,72,74,243,356.14,d2138ae748e8dadb3e324b7431ab6f056232cecdebf53e99c8658d3414c0d348,11de29ce41afc0da6c5fa305939fabad8774bd926b1fd529e6767d5bf0affc68
legacy,train,genuine,104,104_3,104_5,140,140,72,70,215,357.94,d2138ae748e8dadb3e324b7431ab6f056232cecdebf53e99c8658d3414c0d348,0b016844c7cd20763aa2af2d8dfd3be02651a01f1a394b670ba574aa80a078b4
legacy,train,genuine,104,104_3,104_6,140,140,72,75,268,344.14,d2138ae748e8dadb3e324b7431ab6f056232cecdebf53e99c8658d3414c0d348,b0706f915a5c71468152eb950b2a86e9a27ab88ee45c0597b2404668d32934a8
legacy,train,genuine,104,104_3,104_7,140,140,72,72,185,354.18,d2138ae748e8dadb3e324b7431ab6f056232cecdebf53e99c8658d3414c0d348,75e01f7006fec66bebd11ccf2228d7a5824dc9fc6c208d6fbab87f3f38e3a47b
legacy,train,genuine,104,104_3,104_8,140,140,72,71,209,545.51,d2138ae748e8dadb3e324b7431ab6f056232cecdebf53e99c8658d3414c0d348,933a996c2cb53ea4ff6ec68ef7dc4b96fa8f6b31055db73ace146a4d12d0c7b4
legacy,train,genuine,104,104_4,104_5,140,140,74,70,230,355.21,11de29ce41afc0da6c5fa305939fabad8774bd926b1fd529e6767d5bf0affc68,0b016844c7cd20763aa2af2d8dfd3be02651a01f1a394b670ba574aa80a078b4
legacy,train,genuine,104,104_4,104_6,140,140,74,75,272,381.98,11de29ce41afc0da6c5fa305939fabad8774bd926b1fd529e6767d5bf0affc68,b0706f915a5c71468152eb950b2a86e9a27ab88ee45c0597b2404668d32934a8
legacy,train,genuine,104,104_4,104_7,140,140,74,72,179,351.01,11de29ce41afc0da6c5fa305939fabad8774bd926b1fd529e6767d5bf0affc68,75e01f7006fec66bebd11ccf2228d7a5824dc9fc6c208d6fbab87f3f38e3a47b
legacy,train,genuine,104,104_4,104_8,140,140,74,71,209,723.3,11de29ce41afc0da6c5fa305939fabad8774bd926b1fd529e6767d5bf0affc68,933a996c2cb53ea4ff6ec68ef7dc4b96fa8f6b31055db73ace146a4d12d0c7b4
legacy,train,genuine,104,104_5,104_6,140,140,70,75,243,335.36,0b016844c7cd20763aa2af2d8dfd3be02651a01f1a394b670ba574aa80a078b4,b0706f915a5c71468152eb950b2a86e9a27ab88ee45c0597b2404668d32934a8
legacy,train,genuine,104,104_5,104_7,140,140,70,72,172,338.23,0b016844c7cd20763aa2af2d8dfd3be02651a01f1a394b670ba574aa80a078b4,75e01f7006fec66bebd11ccf2228d7a5824dc9fc6c208d6fbab87f3f38e3a47b
legacy,train,genuine,104,104_5,104_8,140,140,70,71,210,357.95,0b016844c7cd20763aa2af2d8dfd3be02651a01f1a394b670ba574aa80a078b4,933a996c2cb53ea4ff6ec68ef7dc4b96fa8f6b31055db73ace146a4d12d0c7b4
legacy,train,genuine,104,104_6,104_7,140,140,75,72,187,359,b0706f915a5c71468152eb950b2a86e9a27ab88ee45c0597b2404668d32934a8,75e01f7006fec66bebd11ccf2228d7a5824dc9fc6c208d6fbab87f3f38e3a47b
legacy,train,genuine,104,104_6,104_8,140,140,75,71,215,937.61,b0706f915a5c71468152eb950b2a86e9a27ab88ee45c0597b2404668d32934a8,933a996c2cb53ea4ff6ec68ef7dc4b96fa8f6b31055db73ace146a4d12d0c7b4
legacy,train,genuine,104,104_7,104_8,140,140,72,71,182,374.91,75e01f7006fec66bebd11ccf2228d7a5824dc9fc6c208d6fbab87f3f38e3a47b,933a996c2cb53ea4ff6ec68ef7dc4b96fa8f6b31055db73ace146a4d12d0c7b4
legacy,train,genuine,105,105_1,105_2,140,140,78,78,293,666.48,463a757c635cfad1f880e5278f6fa12e597469b94ade79d5472cbfadb8d3483d,4c8bd0e5dbf7bf39f956db2b98ed245bd31f709866c81e32f30c4cec37c2fc73
legacy,train,genuine,105,105_1,105_3,140,140,78,76,40,409.68,463a757c635cfad1f880e5278f6fa12e597469b94ade79d5472cbfadb8d3483d,1e71ef843613e18e6ed95f0a6f7be6d4fb84763f5cd2aa06e0d2a1bad9e1a81a
legacy,train,genuine,105,105_1,105_4,140,140,78,78,267,1947.42,463a757c635cfad1f880e5278f6fa12e597469b94ade79d5472cbfadb8d3483d,88ecdaa8b90ef03eb16dae13c2706d0076aeae27e9f9de49b9aaf8db7add7e88
legacy,train,genuine,105,105_1,105_5,140,140,78,77,294,374.18,463a757c635cfad1f880e5278f6fa12e597469b94ade79d5472cbfadb8d3483d,b74ea9f09f3dc172b894b9419014e848b2659dd29e23c747b3d9d1e1835325d8
legacy,train,genuine,105,105_1,105_6,140,140,78,77,331,390.46,463a757c635cfad1f880e5278f6fa12e597469b94ade79d5472cbfadb8d3483d,ab04582671a99209b46a8772263d77f22c7675e247283b2fe0d5078350cff0bc
legacy,train,genuine,105,105_1,105_7,140,140,78,77,40,639.84,463a757c635cfad1f880e5278f6fa12e597469b94ade79d5472cbfadb8d3483d,67fda200f8adf578acd1d810a874ce9c626e699087cfd3381eab3d2ed785b107
legacy,train,genuine,105,105_1,105_8,140,140,78,77,271,1310.11,463a757c635cfad1f880e5278f6fa12e597469b94ade79d5472cbfadb8d3483d,04c032c96d03a2f5cb110bc01e9cae24b6ec4611acb362dbf8375d8f2c9ca58b
legacy,train,genuine,105,105_2,105_3,140,140,78,76,24,392.17,4c8bd0e5dbf7bf39f956db2b98ed245bd31f709866c81e32f30c4cec37c2fc73,1e71ef843613e18e6ed95f0a6f7be6d4fb84763f5cd2aa06e0d2a1bad9e1a81a
legacy,train,genuine,105,105_2,105_4,140,140,78,78,269,1453.76,4c8bd0e5dbf7bf39f956db2b98ed245bd31f709866c81e32f30c4cec37c2fc73,88ecdaa8b90ef03eb16dae13c2706d0076aeae27e9f9de49b9aaf8db7add7e88
legacy,train,genuine,105,105_2,105_5,140,140,78,77,266,1732.62,4c8bd0e5dbf7bf39f956db2b98ed245bd31f709866c81e32f30c4cec37c2fc73,b74ea9f09f3dc172b894b9419014e848b2659dd29e23c747b3d9d1e1835325d8
legacy,train,genuine,105,105_2,105_6,140,140,78,77,277,718.45,4c8bd0e5dbf7bf39f956db2b98ed245bd31f709866c81e32f30c4cec37c2fc73,ab04582671a99209b46a8772263d77f22c7675e247283b2fe0d5078350cff0bc
legacy,train,genuine,105,105_2,105_7,140,140,78,77,22,380.43,4c8bd0e5dbf7bf39f956db2b98ed245bd31f709866c81e32f30c4cec37c2fc73,67fda200f8adf578acd1d810a874ce9c626e699087cfd3381eab3d2ed785b107
legacy,train,genuine,105,105_2,105_8,140,140,78,77,150,961.46,4c8bd0e5dbf7bf39f956db2b98ed245bd31f709866c81e32f30c4cec37c2fc73,04c032c96d03a2f5cb110bc01e9cae24b6ec4611acb362dbf8375d8f2c9ca58b
legacy,train,genuine,105,105_3,105_4,140,140,76,78,59,604.7,1e71ef843613e18e6ed95f0a6f7be6d4fb84763f5cd2aa06e0d2a1bad9e1a81a,88ecdaa8b90ef03eb16dae13c2706d0076aeae27e9f9de49b9aaf8db7add7e88
legacy,train,genuine,105,105_3,105_5,140,140,76,77,17,410.52,1e71ef843613e18e6ed95f0a6f7be6d4fb84763f5cd2aa06e0d2a1bad9e1a81a,b74ea9f09f3dc172b894b9419014e848b2659dd29e23c747b3d9d1e1835325d8
legacy,train,genuine,105,105_3,105_6,140,140,76,77,45,738.04,1e71ef843613e18e6ed95f0a6f7be6d4fb84763f5cd2aa06e0d2a1bad9e1a81a,ab04582671a99209b46a8772263d77f22c7675e247283b2fe0d5078350cff0bc
legacy,train,genuine,105,105_3,105_7,140,140,76,77,53,945.58,1e71ef843613e18e6ed95f0a6f7be6d4fb84763f5cd2aa06e0d2a1bad9e1a81a,67fda200f8adf578acd1d810a874ce9c626e699087cfd3381eab3d2ed785b107
legacy,train,genuine,105,105_3,105_8,140,140,76,77,23,360.91,1e71ef843613e18e6ed95f0a6f7be6d4fb84763f5cd2aa06e0d2a1bad9e1a81a,04c032c96d03a2f5cb110bc01e9cae24b6ec4611acb362dbf8375d8f2c9ca58b
legacy,train,genuine,105,105_4,105_5,140,140,78,77,263,1688.25,88ecdaa8b90ef03eb16dae13c2706d0076aeae27e9f9de49b9aaf8db7add7e88,b74ea9f09f3dc172b894b9419014e848b2659dd29e23c747b3d9d1e1835325d8
legacy,train,genuine,105,105_4,105_6,140,140,78,77,258,1821.77,88ecdaa8b90ef03eb16dae13c2706d0076aeae27e9f9de49b9aaf8db7add7e88,ab04582671a99209b46a8772263d77f22c7675e247283b2fe0d5078350cff0bc
legacy,train,genuine,105,105_4,105_7,140,140,78,77,40,514.37,88ecdaa8b90ef03eb16dae13c2706d0076aeae27e9f9de49b9aaf8db7add7e88,67fda200f8adf578acd1d810a874ce9c626e699087cfd3381eab3d2ed785b107
legacy,train,genuine,105,105_4,105_8,140,140,78,77,221,1137.66,88ecdaa8b90ef03eb16dae13c2706d0076aeae27e9f9de49b9aaf8db7add7e88,04c032c96d03a2f5cb110bc01e9cae24b6ec4611acb362dbf8375d8f2c9ca58b
legacy,train,genuine,105,105_5,105_6,140,140,77,77,295,377.38,b74ea9f09f3dc172b894b9419014e848b2659dd29e23c747b3d9d1e1835325d8,ab04582671a99209b46a8772263d77f22c7675e247283b2fe0d5078350cff0bc
legacy,train,genuine,105,105_5,105_7,140,140,77,77,18,385.66,b74ea9f09f3dc172b894b9419014e848b2659dd29e23c747b3d9d1e1835325d8,67fda200f8adf578acd1d810a874ce9c626e699087cfd3381eab3d2ed785b107
legacy,train,genuine,105,105_5,105_8,140,140,77,77,259,1556,b74ea9f09f3dc172b894b9419014e848b2659dd29e23c747b3d9d1e1835325d8,04c032c96d03a2f5cb110bc01e9cae24b6ec4611acb362dbf8375d8f2c9ca58b
legacy,train,genuine,105,105_6,105_7,140,140,77,77,34,541.4,ab04582671a99209b46a8772263d77f22c7675e247283b2fe0d5078350cff0bc,67fda200f8adf578acd1d810a874ce9c626e699087cfd3381eab3d2ed785b107
legacy,train,genuine,105,105_6,105_8,140,140,77,77,271,1510.79,ab04582671a99209b46a8772263d77f22c7675e247283b2fe0d5078350cff0bc,04c032c96d03a2f5cb110bc01e9cae24b6ec4611acb362dbf8375d8f2c9ca58b
legacy,train,genuine,105,105_7,105_8,140,140,77,77,26,406.68,67fda200f8adf578acd1d810a874ce9c626e699087cfd3381eab3d2ed785b107,04c032c96d03a2f5cb110bc01e9cae24b6ec4611acb362dbf8375d8f2c9ca58b
legacy,validation,genuine,106,106_1,106_2,140,140,74,75,231,558.49,f05cd2d7f67aae517a21a0d924b4ca2ab59b92fea4f7f8f38e47f947d1ce686a,d645a4d9e4ed05a4ca2836a8fb71140b8885e24deb94f052c5c8259e08599b5b
legacy,validation,genuine,106,106_1,106_3,140,140,74,73,252,1068.93,f05cd2d7f67aae517a21a0d924b4ca2ab59b92fea4f7f8f38e47f947d1ce686a,0f045576ca8d3a586dc121cd753cb37748052ce7aaf6f31a88d91295273347ac
legacy,validation,genuine,106,106_1,106_4,140,140,74,75,259,409.32,f05cd2d7f67aae517a21a0d924b4ca2ab59b92fea4f7f8f38e47f947d1ce686a,b1dd8de31c64c180a4218f5d100fc6a06be0ecee89b24ca680830133b7bc0423
legacy,validation,genuine,106,106_1,106_5,140,140,74,71,245,409.84,f05cd2d7f67aae517a21a0d924b4ca2ab59b92fea4f7f8f38e47f947d1ce686a,fc65a45d9dc3004678a0fbdcbc6e9540e68d56b0557ec21b44466ad4dca53f99
legacy,validation,genuine,106,106_1,106_6,140,140,74,72,240,370.51,f05cd2d7f67aae517a21a0d924b4ca2ab59b92fea4f7f8f38e47f947d1ce686a,68861a351f5f0e7de3594a4573c151f4b7d878b3b5f4931875e42053a149bf00
legacy,validation,genuine,106,106_1,106_7,140,140,74,74,244,406.67,f05cd2d7f67aae517a21a0d924b4ca2ab59b92fea4f7f8f38e47f947d1ce686a,0743c35364a148245bdbd1501102c3d02b3b6aa022849d4fce2f59d38230b931
legacy,validation,genuine,106,106_1,106_8,140,140,74,73,247,406.56,f05cd2d7f67aae517a21a0d924b4ca2ab59b92fea4f7f8f38e47f947d1ce686a,c48d34bd099e20bc5701fcdf8d4215652d16accdc0caccf8954f38c467104970
legacy,validation,genuine,106,106_2,106_3,140,140,75,73,29,604.84,d645a4d9e4ed05a4ca2836a8fb71140b8885e24deb94f052c5c8259e08599b5b,0f045576ca8d3a586dc121cd753cb37748052ce7aaf6f31a88d91295273347ac
legacy,validation,genuine,106,106_2,106_4,140,140,75,75,20,384.83,d645a4d9e4ed05a4ca2836a8fb71140b8885e24deb94f052c5c8259e08599b5b,b1dd8de31c64c180a4218f5d100fc6a06be0ecee89b24ca680830133b7bc0423
legacy,validation,genuine,106,106_2,106_5,140,140,75,71,15,370.12,d645a4d9e4ed05a4ca2836a8fb71140b8885e24deb94f052c5c8259e08599b5b,fc65a45d9dc3004678a0fbdcbc6e9540e68d56b0557ec21b44466ad4dca53f99
legacy,validation,genuine,106,106_2,106_6,140,140,75,72,20,379.73,d645a4d9e4ed05a4ca2836a8fb71140b8885e24deb94f052c5c8259e08599b5b,68861a351f5f0e7de3594a4573c151f4b7d878b3b5f4931875e42053a149bf00
legacy,validation,genuine,106,106_2,106_7,140,140,75,74,13,381.85,d645a4d9e4ed05a4ca2836a8fb71140b8885e24deb94f052c5c8259e08599b5b,0743c35364a148245bdbd1501102c3d02b3b6aa022849d4fce2f59d38230b931
legacy,validation,genuine,106,106_2,106_8,140,140,75,73,219,629.08,d645a4d9e4ed05a4ca2836a8fb71140b8885e24deb94f052c5c8259e08599b5b,c48d34bd099e20bc5701fcdf8d4215652d16accdc0caccf8954f38c467104970
legacy,validation,genuine,106,106_3,106_4,140,140,73,75,282,445.62,0f045576ca8d3a586dc121cd753cb37748052ce7aaf6f31a88d91295273347ac,b1dd8de31c64c180a4218f5d100fc6a06be0ecee89b24ca680830133b7bc0423
legacy,validation,genuine,106,106_3,106_5,140,140,73,71,272,423.78,0f045576ca8d3a586dc121cd753cb37748052ce7aaf6f31a88d91295273347ac,fc65a45d9dc3004678a0fbdcbc6e9540e68d56b0557ec21b44466ad4dca53f99
legacy,validation,genuine,106,106_3,106_6,140,140,73,72,268,375.49,0f045576ca8d3a586dc121cd753cb37748052ce7aaf6f31a88d91295273347ac,68861a351f5f0e7de3594a4573c151f4b7d878b3b5f4931875e42053a149bf00
legacy,validation,genuine,106,106_3,106_7,140,140,73,74,269,409.14,0f045576ca8d3a586dc121cd753cb37748052ce7aaf6f31a88d91295273347ac,0743c35364a148245bdbd1501102c3d02b3b6aa022849d4fce2f59d38230b931
legacy,validation,genuine,106,106_3,106_8,140,140,73,73,270,359.89,0f045576ca8d3a586dc121cd753cb37748052ce7aaf6f31a88d91295273347ac,c48d34bd099e20bc5701fcdf8d4215652d16accdc0caccf8954f38c467104970
legacy,validation,genuine,106,106_4,106_5,140,140,75,71,271,376.52,b1dd8de31c64c180a4218f5d100fc6a06be0ecee89b24ca680830133b7bc0423,fc65a45d9dc3004678a0fbdcbc6e9540e68d56b0557ec21b44466ad4dca53f99
legacy,validation,genuine,106,106_4,106_6,140,140,75,72,263,489.06,b1dd8de31c64c180a4218f5d100fc6a06be0ecee89b24ca680830133b7bc0423,68861a351f5f0e7de3594a4573c151f4b7d878b3b5f4931875e42053a149bf00
legacy,validation,genuine,106,106_4,106_7,140,140,75,74,261,382.85,b1dd8de31c64c180a4218f5d100fc6a06be0ecee89b24ca680830133b7bc0423,0743c35364a148245bdbd1501102c3d02b3b6aa022849d4fce2f59d38230b931
legacy,validation,genuine,106,106_4,106_8,140,140,75,73,270,362.7,b1dd8de31c64c180a4218f5d100fc6a06be0ecee89b24ca680830133b7bc0423,c48d34bd099e20bc5701fcdf8d4215652d16accdc0caccf8954f38c467104970
legacy,validation,genuine,106,106_5,106_6,140,140,71,72,263,362.32,fc65a45d9dc3004678a0fbdcbc6e9540e68d56b0557ec21b44466ad4dca53f99,68861a351f5f0e7de3594a4573c151f4b7d878b3b5f4931875e42053a149bf00
legacy,validation,genuine,106,106_5,106_7,140,140,71,74,251,398.6,fc65a45d9dc3004678a0fbdcbc6e9540e68d56b0557ec21b44466ad4dca53f99,0743c35364a148245bdbd1501102c3d02b3b6aa022849d4fce2f59d38230b931
legacy,validation,genuine,106,106_5,106_8,140,140,71,73,272,361.14,fc65a45d9dc3004678a0fbdcbc6e9540e68d56b0557ec21b44466ad4dca53f99,c48d34bd099e20bc5701fcdf8d4215652d16accdc0caccf8954f38c467104970
legacy,validation,genuine,106,106_6,106_7,140,140,72,74,245,379.53,68861a351f5f0e7de3594a4573c151f4b7d878b3b5f4931875e42053a149bf00,0743c35364a148245bdbd1501102c3d02b3b6aa022849d4fce2f59d38230b931
legacy,validation,genuine,106,106_6,106_8,140,140,72,73,269,390.74,68861a351f5f0e7de3594a4573c151f4b7d878b3b5f4931875e42053a149bf00,c48d34bd099e20bc5701fcdf8d4215652d16accdc0caccf8954f38c467104970
legacy,validation,genuine,106,106_7,106_8,140,140,74,73,254,351.35,0743c35364a148245bdbd1501102c3d02b3b6aa022849d4fce2f59d38230b931,c48d34bd099e20bc5701fcdf8d4215652d16accdc0caccf8954f38c467104970
legacy,validation,genuine,107,107_1,107_2,140,140,76,77,267,345.51,3696de3ebf2f0af7205826744e2762ae00dbc4d135e44cd6790d1947c1f8300b,2b80e139907fe755d00daedcd6a715797960ca41ec83c5b6f57988c7e5cdd889
legacy,validation,genuine,107,107_1,107_3,140,140,76,75,239,363.86,3696de3ebf2f0af7205826744e2762ae00dbc4d135e44cd6790d1947c1f8300b,7248e27d86a5d36bbb2fb00010aca5ad2cb32da5ebdd66e7f273d163be2ccd94
legacy,validation,genuine,107,107_1,107_4,140,140,76,75,275,327.48,3696de3ebf2f0af7205826744e2762ae00dbc4d135e44cd6790d1947c1f8300b,f556895e399849a346920a32cad7a8e6421e7c816d79513bedfee476f22b3933
legacy,validation,genuine,107,107_1,107_5,140,140,76,72,229,338.75,3696de3ebf2f0af7205826744e2762ae00dbc4d135e44cd6790d1947c1f8300b,b8510b9fb5867c20739b11c79915076bae169d8730be6cbf41ff3253e3cee440
legacy,validation,genuine,107,107_1,107_6,140,140,76,74,236,346.67,3696de3ebf2f0af7205826744e2762ae00dbc4d135e44cd6790d1947c1f8300b,c7f85ac1e7e6063d333932685d4080d808d52e29a883de1e978c0ea287546c2c
legacy,validation,genuine,107,107_1,107_7,140,140,76,71,243,1148.55,3696de3ebf2f0af7205826744e2762ae00dbc4d135e44cd6790d1947c1f8300b,120c0ff19752ea9ceb04942bef82cba4867bb06329272b843dda32e417b34a72
legacy,validation,genuine,107,107_1,107_8,140,140,76,72,216,1052.97,3696de3ebf2f0af7205826744e2762ae00dbc4d135e44cd6790d1947c1f8300b,df52c710cc6efb2271494277a4f1669a2e9af9fa0c98f5acb48b187b4e81cae1
legacy,validation,genuine,107,107_2,107_3,140,140,77,75,253,365.73,2b80e139907fe755d00daedcd6a715797960ca41ec83c5b6f57988c7e5cdd889,7248e27d86a5d36bbb2fb00010aca5ad2cb32da5ebdd66e7f273d163be2ccd94
legacy,validation,genuine,107,107_2,107_4,140,140,77,75,280,377.23,2b80e139907fe755d00daedcd6a715797960ca41ec83c5b6f57988c7e5cdd889,f556895e399849a346920a32cad7a8e6421e7c816d79513bedfee476f22b3933
legacy,validation,genuine,107,107_2,107_5,140,140,77,72,232,345.62,2b80e139907fe755d00daedcd6a715797960ca41ec83c5b6f57988c7e5cdd889,b8510b9fb5867c20739b11c79915076bae169d8730be6cbf41ff3253e3cee440
legacy,validation,genuine,107,107_2,107_6,140,140,77,74,243,347.89,2b80e139907fe755d00daedcd6a715797960ca41ec83c5b6f57988c7e5cdd889,c7f85ac1e7e6063d333932685d4080d808d52e29a883de1e978c0ea287546c2c
legacy,validation,genuine,107,107_2,107_7,140,140,77,71,141,1438.86,2b80e139907fe755d00daedcd6a715797960ca41ec83c5b6f57988c7e5cdd889,120c0ff19752ea9ceb04942bef82cba4867bb06329272b843dda32e417b34a72
legacy,validation,genuine,107,107_2,107_8,140,140,77,72,188,1438.45,2b80e139907fe755d00daedcd6a715797960ca41ec83c5b6f57988c7e5cdd889,df52c710cc6efb2271494277a4f1669a2e9af9fa0c98f5acb48b187b4e81cae1
legacy,validation,genuine,107,107_3,107_4,140,140,75,75,250,352.05,7248e27d86a5d36bbb2fb00010aca5ad2cb32da5ebdd66e7f273d163be2ccd94,f556895e399849a346920a32cad7a8e6421e7c816d79513bedfee476f22b3933
legacy,validation,genuine,107,107_3,107_5,140,140,75,72,221,356.74,7248e27d86a5d36bbb2fb00010aca5ad2cb32da5ebdd66e7f273d163be2ccd94,b8510b9fb5867c20739b11c79915076bae169d8730be6cbf41ff3253e3cee440
legacy,validation,genuine,107,107_3,107_6,140,140,75,74,235,368.3,7248e27d86a5d36bbb2fb00010aca5ad2cb32da5ebdd66e7f273d163be2ccd94,c7f85ac1e7e6063d333932685d4080d808d52e29a883de1e978c0ea287546c2c
legacy,validation,genuine,107,107_3,107_7,140,140,75,71,181,1179.76,7248e27d86a5d36bbb2fb00010aca5ad2cb32da5ebdd66e7f273d163be2ccd94,120c0ff19752ea9ceb04942bef82cba4867bb06329272b843dda32e417b34a72
legacy,validation,genuine,107,107_3,107_8,140,140,75,72,166,1040.54,7248e27d86a5d36bbb2fb00010aca5ad2cb32da5ebdd66e7f273d163be2ccd94,df52c710cc6efb2271494277a4f1669a2e9af9fa0c98f5acb48b187b4e81cae1
legacy,validation,genuine,107,107_4,107_5,140,140,75,72,231,343.9,f556895e399849a346920a32cad7a8e6421e7c816d79513bedfee476f22b3933,b8510b9fb5867c20739b11c79915076bae169d8730be6cbf41ff3253e3cee440
legacy,validation,genuine,107,107_4,107_6,140,140,75,74,242,337.57,f556895e399849a346920a32cad7a8e6421e7c816d79513bedfee476f22b3933,c7f85ac1e7e6063d333932685d4080d808d52e29a883de1e978c0ea287546c2c
legacy,validation,genuine,107,107_4,107_7,140,140,75,71,138,1539.37,f556895e399849a346920a32cad7a8e6421e7c816d79513bedfee476f22b3933,120c0ff19752ea9ceb04942bef82cba4867bb06329272b843dda32e417b34a72
legacy,validation,genuine,107,107_4,107_8,140,140,75,72,190,1249.85,f556895e399849a346920a32cad7a8e6421e7c816d79513bedfee476f22b3933,df52c710cc6efb2271494277a4f1669a2e9af9fa0c98f5acb48b187b4e81cae1
legacy,validation,genuine,107,107_5,107_6,140,140,72,74,217,326.01,b8510b9fb5867c20739b11c79915076bae169d8730be6cbf41ff3253e3cee440,c7f85ac1e7e6063d333932685d4080d808d52e29a883de1e978c0ea287546c2c
legacy,validation,genuine,107,107_5,107_7,140,140,72,71,210,547.32,b8510b9fb5867c20739b11c79915076bae169d8730be6cbf41ff3253e3cee440,120c0ff19752ea9ceb04942bef82cba4867bb06329272b843dda32e417b34a72
legacy,validation,genuine,107,107_5,107_8,140,140,72,72,208,572.63,b8510b9fb5867c20739b11c79915076bae169d8730be6cbf41ff3253e3cee440,df52c710cc6efb2271494277a4f1669a2e9af9fa0c98f5acb48b187b4e81cae1
legacy,validation,genuine,107,107_6,107_7,140,140,74,71,210,593.38,c7f85ac1e7e6063d333932685d4080d808d52e29a883de1e978c0ea287546c2c,120c0ff19752ea9ceb04942bef82cba4867bb06329272b843dda32e417b34a72
legacy,validation,genuine,107,107_6,107_8,140,140,74,72,185,751.16,c7f85ac1e7e6063d333932685d4080d808d52e29a883de1e978c0ea287546c2c,df52c710cc6efb2271494277a4f1669a2e9af9fa0c98f5acb48b187b4e81cae1
legacy,validation,genuine,107,107_7,107_8,140,140,71,72,76,404.81,120c0ff19752ea9ceb04942bef82cba4867bb06329272b843dda32e417b34a72,df52c710cc6efb2271494277a4f1669a2e9af9fa0c98f5acb48b187b4e81cae1
legacy,validation,genuine,108,108_1,108_2,140,140,76,75,288,501.11,effc8818f805ca8f621ff604f497117d9b129aa6282440013b0b596f8b8e4a06,6a605fede2ad3c09da2af19bdfd58c920c4b269b474faf43a7cbb2427c4a8179
legacy,validation,genuine,108,108_1,108_3,140,140,76,76,274,1619.34,effc8818f805ca8f621ff604f497117d9b129aa6282440013b0b596f8b8e4a06,0eea0b3d059c4594dbedb46a4cb3c040b39f78751568a8f65c295a277992db48
legacy,validation,genuine,108,108_1,108_4,140,140,76,77,297,369.38,effc8818f805ca8f621ff604f497117d9b129aa6282440013b0b596f8b8e4a06,c75d322a2af09ad76c57c0777424e359232cf47d3ccbe3483b6d60737fa537b9
legacy,validation,genuine,108,108_1,108_5,140,140,76,78,299,382.42,effc8818f805ca8f621ff604f497117d9b129aa6282440013b0b596f8b8e4a06,9ad5417e5ef34e74f3f0b01ecf4e261914ccb309b2a2ebadcac0df4e43562c03
legacy,validation,genuine,108,108_1,108_6,140,140,76,77,309,391.93,effc8818f805ca8f621ff604f497117d9b129aa6282440013b0b596f8b8e4a06,32ad84bf727a93d486393cb97bd78d51e8374902e19537d8c2d4deb74cf909e2
legacy,validation,genuine,108,108_1,108_7,140,140,76,78,309,383.86,effc8818f805ca8f621ff604f497117d9b129aa6282440013b0b596f8b8e4a06,d42894485daa4bdf77ea6be7dd43ff442d936c8a195feea7dadc47cb38ff452b
legacy,validation,genuine,108,108_1,108_8,140,140,76,79,301,381.94,effc8818f805ca8f621ff604f497117d9b129aa6282440013b0b596f8b8e4a06,af8f826f893799cc2ccbf8536992d90e34f237f8a072a4295414711673b036de
legacy,validation,genuine,108,108_2,108_3,140,140,75,76,260,1877.61,6a605fede2ad3c09da2af19bdfd58c920c4b269b474faf43a7cbb2427c4a8179,0eea0b3d059c4594dbedb46a4cb3c040b39f78751568a8f65c295a277992db48
legacy,validation,genuine,108,108_2,108_4,140,140,75,77,287,358.1,6a605fede2ad3c09da2af19bdfd58c920c4b269b474faf43a7cbb2427c4a8179,c75d322a2af09ad76c57c0777424e359232cf47d3ccbe3483b6d60737fa537b9
legacy,validation,genuine,108,108_2,108_5,140,140,75,78,280,364.23,6a605fede2ad3c09da2af19bdfd58c920c4b269b474faf43a7cbb2427c4a8179,9ad5417e5ef34e74f3f0b01ecf4e261914ccb309b2a2ebadcac0df4e43562c03
legacy,validation,genuine,108,108_2,108_6,140,140,75,77,292,379.69,6a605fede2ad3c09da2af19bdfd58c920c4b269b474faf43a7cbb2427c4a8179,32ad84bf727a93d486393cb97bd78d51e8374902e19537d8c2d4deb74cf909e2
legacy,validation,genuine,108,108_2,108_7,140,140,75,78,294,384.71,6a605fede2ad3c09da2af19bdfd58c920c4b269b474faf43a7cbb2427c4a8179,d42894485daa4bdf77ea6be7dd43ff442d936c8a195feea7dadc47cb38ff452b
legacy,validation,genuine,108,108_2,108_8,140,140,75,79,292,355.26,6a605fede2ad3c09da2af19bdfd58c920c4b269b474faf43a7cbb2427c4a8179,af8f826f893799cc2ccbf8536992d90e34f237f8a072a4295414711673b036de
legacy,validation,genuine,108,108_3,108_4,140,140,76,77,259,1229.39,0eea0b3d059c4594dbedb46a4cb3c040b39f78751568a8f65c295a277992db48,c75d322a2af09ad76c57c0777424e359232cf47d3ccbe3483b6d60737fa537b9
legacy,validation,genuine,108,108_3,108_5,140,140,76,78,264,1060.27,0eea0b3d059c4594dbedb46a4cb3c040b39f78751568a8f65c295a277992db48,9ad5417e5ef34e74f3f0b01ecf4e261914ccb309b2a2ebadcac0df4e43562c03
legacy,validation,genuine,108,108_3,108_6,140,140,76,77,268,1619.61,0eea0b3d059c4594dbedb46a4cb3c040b39f78751568a8f65c295a277992db48,32ad84bf727a93d486393cb97bd78d51e8374902e19537d8c2d4deb74cf909e2
legacy,validation,genuine,108,108_3,108_7,140,140,76,78,261,1107.9,0eea0b3d059c4594dbedb46a4cb3c040b39f78751568a8f65c295a277992db48,d42894485daa4bdf77ea6be7dd43ff442d936c8a195feea7dadc47cb38ff452b
legacy,validation,genuine,108,108_3,108_8,140,140,76,79,274,1303.41,0eea0b3d059c4594dbedb46a4cb3c040b39f78751568a8f65c295a277992db48,af8f826f893799cc2ccbf8536992d90e34f237f8a072a4295414711673b036de
legacy,validation,genuine,108,108_4,108_5,140,140,77,78,307,413.12,c75d322a2af09ad76c57c0777424e359232cf47d3ccbe3483b6d60737fa537b9,9ad5417e5ef34e74f3f0b01ecf4e261914ccb309b2a2ebadcac0df4e43562c03
legacy,validation,genuine,108,108_4,108_6,140,140,77,77,306,367.77,c75d322a2af09ad76c57c0777424e359232cf47d3ccbe3483b6d60737fa537b9,32ad84bf727a93d486393cb97bd78d51e8374902e19537d8c2d4deb74cf909e2
legacy,validation,genuine,108,108_4,108_7,140,140,77,78,310,493.67,c75d322a2af09ad76c57c0777424e359232cf47d3ccbe3483b6d60737fa537b9,d42894485daa4bdf77ea6be7dd43ff442d936c8a195feea7dadc47cb38ff452b
legacy,validation,genuine,108,108_4,108_8,140,140,77,79,315,388.58,c75d322a2af09ad76c57c0777424e359232cf47d3ccbe3483b6d60737fa537b9,af8f826f893799cc2ccbf8536992d90e34f237f8a072a4295414711673b036de
legacy,validation,genuine,108,108_5,108_6,140,140,78,77,296,514.05,9ad5417e5ef34e74f3f0b01ecf4e261914ccb309b2a2ebadcac0df4e43562c03,32ad84bf727a93d486393cb97bd78d51e8374902e19537d8c2d4deb74cf909e2
legacy,validation,genuine,108,108_5,108_7,140,140,78,78,327,403.69,9ad5417e5ef34e74f3f0b01ecf4e261914ccb309b2a2ebadcac0df4e43562c03,d42894485daa4bdf77ea6be7dd43ff442d936c8a195feea7dadc47cb38ff452b
legacy,validation,genuine,108,108_5,108_8,140,140,78,79,296,379.55,9ad5417e5ef34e74f3f0b01ecf4e261914ccb309b2a2ebadcac0df4e43562c03,af8f826f893799cc2ccbf8536992d90e34f237f8a072a4295414711673b036de
legacy,validation,genuine,108,108_6,108_7,140,140,77,78,321,373.87,32ad84bf727a93d486393cb97bd78d51e8374902e19537d8c2d4deb74cf909e2,d42894485daa4bdf77ea6be7dd43ff442d936c8a195feea7dadc47cb38ff452b
legacy,validation,genuine,108,108_6,108_8,140,140,77,79,300,405.38,32ad84bf727a93d486393cb97bd78d51e8374902e19537d8c2d4deb74cf909e2,af8f826f893799cc2ccbf8536992d90e34f237f8a072a4295414711673b036de
legacy,validation,genuine,108,108_7,108_8,140,140,78,79,308,369,d42894485daa4bdf77ea6be7dd43ff442d936c8a195feea7dadc47cb38ff452b,af8f826f893799cc2ccbf8536992d90e34f237f8a072a4295414711673b036de
legacy,validation,genuine,109,109_1,109_2,140,140,74,73,107,697.9,5a3f648dc2b9d5314003168934beecdc89f03e2865ba2cc3d39eab3de82d4a5d,1f6499cc82d4fb76ef7aa7b8052878bdb5f316386523ee36e98a7aacfe0f70ee
legacy,validation,genuine,109,109_1,109_3,140,140,74,73,169,760.31,5a3f648dc2b9d5314003168934beecdc89f03e2865ba2cc3d39eab3de82d4a5d,417445c934a6a0e76c38843b523e5bed4c57f910e690c62ebf55f4a764618ca9
legacy,validation,genuine,109,109_1,109_4,140,140,74,73,140,946.19,5a3f648dc2b9d5314003168934beecdc89f03e2865ba2cc3d39eab3de82d4a5d,6383d3505ca83c1bf88151af44216e8ebcac4a8a1e772c21b3421a7fa8b201d6
legacy,validation,genuine,109,109_1,109_5,140,140,74,74,236,335.84,5a3f648dc2b9d5314003168934beecdc89f03e2865ba2cc3d39eab3de82d4a5d,414d9abdd9730d0a0de8c2b15fddb205d28076df5408761a0908a5697a969bbb
legacy,validation,genuine,109,109_1,109_6,140,140,74,70,212,330.17,5a3f648dc2b9d5314003168934beecdc89f03e2865ba2cc3d39eab3de82d4a5d,9e4acbc7d549236733333323beefbeceb935ad5e67fa2543e5ab2a56275c80c5
legacy,validation,genuine,109,109_1,109_7,140,140,74,75,226,1719.02,5a3f648dc2b9d5314003168934beecdc89f03e2865ba2cc3d39eab3de82d4a5d,4779031d5a48cc060993f998000ebb6b29ee8aef45af9c4ce437b8e3f4a376e3
legacy,validation,genuine,109,109_1,109_8,140,140,74,72,228,450.74,5a3f648dc2b9d5314003168934beecdc89f03e2865ba2cc3d39eab3de82d4a5d,5ee10d3503a2fbd774f0a59ab2a8226e4320f1fd41c247934a432c8c752fa642
legacy,validation,genuine,109,109_2,109_3,140,140,73,73,56,303.32,1f6499cc82d4fb76ef7aa7b8052878bdb5f316386523ee36e98a7aacfe0f70ee,417445c934a6a0e76c38843b523e5bed4c57f910e690c62ebf55f4a764618ca9
legacy,validation,genuine,109,109_2,109_4,140,140,73,73,56,335.56,1f6499cc82d4fb76ef7aa7b8052878bdb5f316386523ee36e98a7aacfe0f70ee,6383d3505ca83c1bf88151af44216e8ebcac4a8a1e772c21b3421a7fa8b201d6
legacy,validation,genuine,109,109_2,109_5,140,140,73,74,117,868.42,1f6499cc82d4fb76ef7aa7b8052878bdb5f316386523ee36e98a7aacfe0f70ee,414d9abdd9730d0a0de8c2b15fddb205d28076df5408761a0908a5697a969bbb
legacy,validation,genuine,109,109_2,109_6,140,140,73,70,84,927.12,1f6499cc82d4fb76ef7aa7b8052878bdb5f316386523ee36e98a7aacfe0f70ee,9e4acbc7d549236733333323beefbeceb935ad5e67fa2543e5ab2a56275c80c5
legacy,validation,genuine,109,109_2,109_7,140,140,73,75,84,414.31,1f6499cc82d4fb76ef7aa7b8052878bdb5f316386523ee36e98a7aacfe0f70ee,4779031d5a48cc060993f998000ebb6b29ee8aef45af9c4ce437b8e3f4a376e3
legacy,validation,genuine,109,109_2,109_8,140,140,73,72,84,407.01,1f6499cc82d4fb76ef7aa7b8052878bdb5f316386523ee36e98a7aacfe0f70ee,5ee10d3503a2fbd774f0a59ab2a8226e4320f1fd41c247934a432c8c752fa642
legacy,validation,genuine,109,109_3,109_4,140,140,73,73,67,309.88,417445c934a6a0e76c38843b523e5bed4c57f910e690c62ebf55f4a764618ca9,6383d3505ca83c1bf88151af44216e8ebcac4a8a1e772c21b3421a7fa8b201d6
legacy,validation,genuine,109,109_3,109_5,140,140,73,74,82,633.63,417445c934a6a0e76c38843b523e5bed4c57f910e690c62ebf55f4a764618ca9,414d9abdd9730d0a0de8c2b15fddb205d28076df5408761a0908a5697a969bbb
legacy,validation,genuine,109,109_3,109_6,140,140,73,70,121,456.66,417445c934a6a0e76c38843b523e5bed4c57f910e690c62ebf55f4a764618ca9,9e4acbc7d549236733333323beefbeceb935ad5e67fa2543e5ab2a56275c80c5
legacy,validation,genuine,109,109_3,109_7,140,140,73,75,86,278.35,417445c934a6a0e76c38843b523e5bed4c57f910e690c62ebf55f4a764618ca9,4779031d5a48cc060993f998000ebb6b29ee8aef45af9c4ce437b8e3f4a376e3
legacy,validation,genuine,109,109_3,109_8,140,140,73,72,87,311.72,417445c934a6a0e76c38843b523e5bed4c57f910e690c62ebf55f4a764618ca9,5ee10d3503a2fbd774f0a59ab2a8226e4320f1fd41c247934a432c8c752fa642
legacy,validation,genuine,109,109_4,109_5,140,140,73,74,141,607.3,6383d3505ca83c1bf88151af44216e8ebcac4a8a1e772c21b3421a7fa8b201d6,414d9abdd9730d0a0de8c2b15fddb205d28076df5408761a0908a5697a969bbb
legacy,validation,genuine,109,109_4,109_6,140,140,73,70,23,358.98,6383d3505ca83c1bf88151af44216e8ebcac4a8a1e772c21b3421a7fa8b201d6,9e4acbc7d549236733333323beefbeceb935ad5e67fa2543e5ab2a56275c80c5
legacy,validation,genuine,109,109_4,109_7,140,140,73,75,27,315.37,6383d3505ca83c1bf88151af44216e8ebcac4a8a1e772c21b3421a7fa8b201d6,4779031d5a48cc060993f998000ebb6b29ee8aef45af9c4ce437b8e3f4a376e3
legacy,validation,genuine,109,109_4,109_8,140,140,73,72,23,287.34,6383d3505ca83c1bf88151af44216e8ebcac4a8a1e772c21b3421a7fa8b201d6,5ee10d3503a2fbd774f0a59ab2a8226e4320f1fd41c247934a432c8c752fa642
legacy,validation,genuine,109,109_5,109_6,140,140,74,70,191,427.61,414d9abdd9730d0a0de8c2b15fddb205d28076df5408761a0908a5697a969bbb,9e4acbc7d549236733333323beefbeceb935ad5e67fa2543e5ab2a56275c80c5
legacy,validation,genuine,109,109_5,109_7,140,140,74,75,21,443.47,414d9abdd9730d0a0de8c2b15fddb205d28076df5408761a0908a5697a969bbb,4779031d5a48cc060993f998000ebb6b29ee8aef45af9c4ce437b8e3f4a376e3
legacy,validation,genuine,109,109_5,109_8,140,140,74,72,229,460.53,414d9abdd9730d0a0de8c2b15fddb205d28076df5408761a0908a5697a969bbb,5ee10d3503a2fbd774f0a59ab2a8226e4320f1fd41c247934a432c8c752fa642
legacy,validation,genuine,109,109_6,109_7,140,140,70,75,150,428.34,9e4acbc7d549236733333323beefbeceb935ad5e67fa2543e5ab2a56275c80c5,4779031d5a48cc060993f998000ebb6b29ee8aef45af9c4ce437b8e3f4a376e3
legacy,validation,genuine,109,109_6,109_8,140,140,70,72,144,405.98,9e4acbc7d549236733333323beefbeceb935ad5e67fa2543e5ab2a56275c80c5,5ee10d3503a2fbd774f0a59ab2a8226e4320f1fd41c247934a432c8c752fa642
legacy,validation,genuine,109,109_7,109_8,140,140,75,72,15,305.25,4779031d5a48cc060993f998000ebb6b29ee8aef45af9c4ce437b8e3f4a376e3,5ee10d3503a2fbd774f0a59ab2a8226e4320f1fd41c247934a432c8c752fa642
legacy,validation,genuine,110,110_1,110_2,140,140,72,72,235,1366.59,f9180c4deb2b35902346c95f6664387d9ed1e69edc7873bc794a03db8564170a,93e3def186f910fa3e16efdcc7957936986cd1f030fe55b08e646c78593ec494
legacy,validation,genuine,110,110_1,110_3,140,140,72,76,233,1335.1,f9180c4deb2b35902346c95f6664387d9ed1e69edc7873bc794a03db8564170a,a38e2064ab5f6645f49858a1c2e30027755e1c925caf5ff64fe460312d1e3254
legacy,validation,genuine,110,110_1,110_4,140,140,72,76,230,1453.96,f9180c4deb2b35902346c95f6664387d9ed1e69edc7873bc794a03db8564170a,386ae83e5d0baa094d1e24fd40b44195592cdebb20b58c90e922e4380707e429
legacy,validation,genuine,110,110_1,110_5,140,140,72,74,227,609.88,f9180c4deb2b35902346c95f6664387d9ed1e69edc7873bc794a03db8564170a,55da6102a20556c4e77f3731444e595856522a1a83fd774e59d5ac37b9d8a3df
legacy,validation,genuine,110,110_1,110_6,140,140,72,75,211,621.84,f9180c4deb2b35902346c95f6664387d9ed1e69edc7873bc794a03db8564170a,2692302877503af865b11c2889c0ad2c9038935cff28f67e64634e65b7079429
legacy,validation,genuine,110,110_1,110_7,140,140,72,73,174,535.44,f9180c4deb2b35902346c95f6664387d9ed1e69edc7873bc794a03db8564170a,2433bc5f8922541d0fa116c582b9b39fe06eb8bc03de35a66d796260c069249d
legacy,validation,genuine,110,110_1,110_8,140,140,72,73,228,656.35,f9180c4deb2b35902346c95f6664387d9ed1e69edc7873bc794a03db8564170a,1974221e915cbcd6d2cc1570f781c5c4e0c08e00e477f5a040274782638e4005
legacy,validation,genuine,110,110_2,110_3,140,140,72,76,272,348.63,93e3def186f910fa3e16efdcc7957936986cd1f030fe55b08e646c78593ec494,a38e2064ab5f6645f49858a1c2e30027755e1c925caf5ff64fe460312d1e3254
legacy,validation,genuine,110,110_2,110_4,140,140,72,76,266,353.97,93e3def186f910fa3e16efdcc7957936986cd1f030fe55b08e646c78593ec494,386ae83e5d0baa094d1e24fd40b44195592cdebb20b58c90e922e4380707e429
legacy,validation,genuine,110,110_2,110_5,140,140,72,74,244,353.53,93e3def186f910fa3e16efdcc7957936986cd1f030fe55b08e646c78593ec494,55da6102a20556c4e77f3731444e595856522a1a83fd774e59d5ac37b9d8a3df
legacy,validation,genuine,110,110_2,110_6,140,140,72,75,231,360.65,93e3def186f910fa3e16efdcc7957936986cd1f030fe55b08e646c78593ec494,2692302877503af865b11c2889c0ad2c9038935cff28f67e64634e65b7079429
legacy,validation,genuine,110,110_2,110_7,140,140,72,73,147,730.06,93e3def186f910fa3e16efdcc7957936986cd1f030fe55b08e646c78593ec494,2433bc5f8922541d0fa116c582b9b39fe06eb8bc03de35a66d796260c069249d
legacy,validation,genuine,110,110_2,110_8,140,140,72,73,158,499.19,93e3def186f910fa3e16efdcc7957936986cd1f030fe55b08e646c78593ec494,1974221e915cbcd6d2cc1570f781c5c4e0c08e00e477f5a040274782638e4005
legacy,validation,genuine,110,110_3,110_4,140,140,76,76,272,366.93,a38e2064ab5f6645f49858a1c2e30027755e1c925caf5ff64fe460312d1e3254,386ae83e5d0baa094d1e24fd40b44195592cdebb20b58c90e922e4380707e429
legacy,validation,genuine,110,110_3,110_5,140,140,76,74,237,341.95,a38e2064ab5f6645f49858a1c2e30027755e1c925caf5ff64fe460312d1e3254,55da6102a20556c4e77f3731444e595856522a1a83fd774e59d5ac37b9d8a3df
legacy,validation,genuine,110,110_3,110_6,140,140,76,75,228,355.75,a38e2064ab5f6645f49858a1c2e30027755e1c925caf5ff64fe460312d1e3254,2692302877503af865b11c2889c0ad2c9038935cff28f67e64634e65b7079429
legacy,validation,genuine,110,110_3,110_7,140,140,76,73,98,478.13,a38e2064ab5f6645f49858a1c2e30027755e1c925caf5ff64fe460312d1e3254,2433bc5f8922541d0fa116c582b9b39fe06eb8bc03de35a66d796260c069249d
legacy,validation,genuine,110,110_3,110_8,140,140,76,73,163,522.12,a38e2064ab5f6645f49858a1c2e30027755e1c925caf5ff64fe460312d1e3254,1974221e915cbcd6d2cc1570f781c5c4e0c08e00e477f5a040274782638e4005
legacy,validation,genuine,110,110_4,110_5,140,140,76,74,230,349.48,386ae83e5d0baa094d1e24fd40b44195592cdebb20b58c90e922e4380707e429,55da6102a20556c4e77f3731444e595856522a1a83fd774e59d5ac37b9d8a3df
legacy,validation,genuine,110,110_4,110_6,140,140,76,75,221,370.59,386ae83e5d0baa094d1e24fd40b44195592cdebb20b58c90e922e4380707e429,2692302877503af865b11c2889c0ad2c9038935cff28f67e64634e65b7079429
legacy,validation,genuine,110,110_4,110_7,140,140,76,73,126,1077.27,386ae83e5d0baa094d1e24fd40b44195592cdebb20b58c90e922e4380707e429,2433bc5f8922541d0fa116c582b9b39fe06eb8bc03de35a66d796260c069249d
legacy,validation,genuine,110,110_4,110_8,140,140,76,73,161,590.71,386ae83e5d0baa094d1e24fd40b44195592cdebb20b58c90e922e4380707e429,1974221e915cbcd6d2cc1570f781c5c4e0c08e00e477f5a040274782638e4005
legacy,validation,genuine,110,110_5,110_6,140,140,74,75,220,360.63,55da6102a20556c4e77f3731444e595856522a1a83fd774e59d5ac37b9d8a3df,2692302877503af865b11c2889c0ad2c9038935cff28f67e64634e65b7079429
legacy,validation,genuine,110,110_5,110_7,140,140,74,73,145,466.67,55da6102a20556c4e77f3731444e595856522a1a83fd774e59d5ac37b9d8a3df,2433bc5f8922541d0fa116c582b9b39fe06eb8bc03de35a66d796260c069249d
legacy,validation,genuine,110,110_5,110_8,140,140,74,73,171,379.2,55da6102a20556c4e77f3731444e595856522a1a83fd774e59d5ac37b9d8a3df,1974221e915cbcd6d2cc1570f781c5c4e0c08e00e477f5a040274782638e4005
legacy,validation,genuine,110,110_6,110_7,140,140,75,73,172,1048.25,2692302877503af865b11c2889c0ad2c9038935cff28f67e64634e65b7079429,2433bc5f8922541d0fa116c582b9b39fe06eb8bc03de35a66d796260c069249d
legacy,validation,genuine,110,110_6,110_8,140,140,75,73,165,348.77,2692302877503af865b11c2889c0ad2c9038935cff28f67e64634e65b7079429,1974221e915cbcd6d2cc1570f781c5c4e0c08e00e477f5a040274782638e4005
legacy,validation,genuine,110,110_7,110_8,140,140,73,73,139,594.26,2433bc5f8922541d0fa116c582b9b39fe06eb8bc03de35a66d796260c069249d,1974221e915cbcd6d2cc1570f781c5c4e0c08e00e477f5a040274782638e4005
legacy,train,impostor,101,101_1,102_2,140,140,70,80,276,958,c6f429d92e48f30f5716e8c7cc199a1f7f6623c9514705d661acf8b0e364a45a,7970df3f17c32d19f53f9a1532610d7706261b1d61c68da56133df8196f327f3
legacy,train,impostor,101,101_1,102_3,140,140,70,80,294,394.23,c6f429d92e48f30f5716e8c7cc199a1f7f6623c9514705d661acf8b0e364a45a,9f2fe0dd36d0909156e3b8e4fe8e51c05b706cd1589924740bba07dc179ce5ad
legacy,train,impostor,101,101_1,102_4,140,140,70,81,295,892.02,c6f429d92e48f30f5716e8c7cc199a1f7f6623c9514705d661acf8b0e364a45a,f341b6f74bc4001d7a8a71da2dd85c3d4c13404c739ea1b9e336f7379cfebca3
legacy,train,impostor,101,101_1,102_5,140,140,70,80,288,361.64,c6f429d92e48f30f5716e8c7cc199a1f7f6623c9514705d661acf8b0e364a45a,5afebcfed489b64ac55fb270b4293445ee1c992e805d7cc9343aa2c39836dd9a
legacy,train,impostor,101,101_1,102_6,140,140,70,80,303,1923.42,c6f429d92e48f30f5716e8c7cc199a1f7f6623c9514705d661acf8b0e364a45a,6db376e76f40d2e348f09a2ebb2266117e8e3547005620884b026f764a749b7f
legacy,train,impostor,101,101_1,102_7,140,140,70,81,299,368.26,c6f429d92e48f30f5716e8c7cc199a1f7f6623c9514705d661acf8b0e364a45a,9825d7aa7666a484866ea1a3bc88101756f716f75c50746525220b3e243eae0f
legacy,train,impostor,101,101_1,102_8,140,140,70,79,303,410.68,c6f429d92e48f30f5716e8c7cc199a1f7f6623c9514705d661acf8b0e364a45a,4bf0a5b670021a0325addff0d90c45d95d75872eae509f6548b305aa8e86ba7d
legacy,train,impostor,101,101_2,102_3,140,140,76,80,302,391.21,7fe2df44ffd7e70310b78e590388cb9ad69567d004f36a7ca6d183137e981dd3,9f2fe0dd36d0909156e3b8e4fe8e51c05b706cd1589924740bba07dc179ce5ad
legacy,train,impostor,101,101_2,102_4,140,140,76,81,299,478.08,7fe2df44ffd7e70310b78e590388cb9ad69567d004f36a7ca6d183137e981dd3,f341b6f74bc4001d7a8a71da2dd85c3d4c13404c739ea1b9e336f7379cfebca3
legacy,train,impostor,101,101_2,102_5,140,140,76,80,291,367.38,7fe2df44ffd7e70310b78e590388cb9ad69567d004f36a7ca6d183137e981dd3,5afebcfed489b64ac55fb270b4293445ee1c992e805d7cc9343aa2c39836dd9a
legacy,train,impostor,101,101_2,102_6,140,140,76,80,293,2129.63,7fe2df44ffd7e70310b78e590388cb9ad69567d004f36a7ca6d183137e981dd3,6db376e76f40d2e348f09a2ebb2266117e8e3547005620884b026f764a749b7f
legacy,train,impostor,101,101_2,102_7,140,140,76,81,294,369.96,7fe2df44ffd7e70310b78e590388cb9ad69567d004f36a7ca6d183137e981dd3,9825d7aa7666a484866ea1a3bc88101756f716f75c50746525220b3e243eae0f
legacy,train,impostor,101,101_2,102_8,140,140,76,79,302,376.2,7fe2df44ffd7e70310b78e590388cb9ad69567d004f36a7ca6d183137e981dd3,4bf0a5b670021a0325addff0d90c45d95d75872eae509f6548b305aa8e86ba7d
legacy,train,impostor,101,101_3,102_4,140,140,71,81,14,378.21,868ba2378c8c3b528d348f71960a20a1669f5b8662527a0dbfb5067b2c7e7e05,f341b6f74bc4001d7a8a71da2dd85c3d4c13404c739ea1b9e336f7379cfebca3
legacy,train,impostor,101,101_3,102_5,140,140,71,80,20,410.35,868ba2378c8c3b528d348f71960a20a1669f5b8662527a0dbfb5067b2c7e7e05,5afebcfed489b64ac55fb270b4293445ee1c992e805d7cc9343aa2c39836dd9a
legacy,train,impostor,101,101_3,102_6,140,140,71,80,23,429.68,868ba2378c8c3b528d348f71960a20a1669f5b8662527a0dbfb5067b2c7e7e05,6db376e76f40d2e348f09a2ebb2266117e8e3547005620884b026f764a749b7f
legacy,train,impostor,101,101_3,102_7,140,140,71,81,21,366.76,868ba2378c8c3b528d348f71960a20a1669f5b8662527a0dbfb5067b2c7e7e05,9825d7aa7666a484866ea1a3bc88101756f716f75c50746525220b3e243eae0f
legacy,train,impostor,101,101_3,102_8,140,140,71,79,27,447.26,868ba2378c8c3b528d348f71960a20a1669f5b8662527a0dbfb5067b2c7e7e05,4bf0a5b670021a0325addff0d90c45d95d75872eae509f6548b305aa8e86ba7d
legacy,train,impostor,101,101_4,102_5,140,140,72,80,247,349.41,48aecebf751b608790fc7c0f57ce6c1da4030263b7e6f6cbd47418b026bb4bd7,5afebcfed489b64ac55fb270b4293445ee1c992e805d7cc9343aa2c39836dd9a
legacy,train,impostor,101,101_4,102_6,140,140,72,80,276,1925.22,48aecebf751b608790fc7c0f57ce6c1da4030263b7e6f6cbd47418b026bb4bd7,6db376e76f40d2e348f09a2ebb2266117e8e3547005620884b026f764a749b7f
legacy,train,impostor,101,101_4,102_7,140,140,72,81,282,383.26,48aecebf751b608790fc7c0f57ce6c1da4030263b7e6f6cbd47418b026bb4bd7,9825d7aa7666a484866ea1a3bc88101756f716f75c50746525220b3e243eae0f
legacy,train,impostor,101,101_4,102_8,140,140,72,79,293,497.87,48aecebf751b608790fc7c0f57ce6c1da4030263b7e6f6cbd47418b026bb4bd7,4bf0a5b670021a0325addff0d90c45d95d75872eae509f6548b305aa8e86ba7d
legacy,train,impostor,101,101_5,102_6,140,140,73,80,282,1945.34,4f8324194b729ad6ec2d08d58a9bbba3d85a1d1d4e16487c1fead278795388fc,6db376e76f40d2e348f09a2ebb2266117e8e3547005620884b026f764a749b7f
legacy,train,impostor,101,101_5,102_7,140,140,73,81,298,1012.97,4f8324194b729ad6ec2d08d58a9bbba3d85a1d1d4e16487c1fead278795388fc,9825d7aa7666a484866ea1a3bc88101756f716f75c50746525220b3e243eae0f
legacy,train,impostor,101,101_5,102_8,140,140,73,79,299,966.02,4f8324194b729ad6ec2d08d58a9bbba3d85a1d1d4e16487c1fead278795388fc,4bf0a5b670021a0325addff0d90c45d95d75872eae509f6548b305aa8e86ba7d
legacy,train,impostor,101,101_6,102_7,140,140,74,81,26,376.79,4b42e59a7336be4817774e9ec0e9c4aaa3e45f556a03b75f190aacc6a4067581,9825d7aa7666a484866ea1a3bc88101756f716f75c50746525220b3e243eae0f
legacy,train,impostor,101,101_6,102_8,140,140,74,79,24,366.68,4b42e59a7336be4817774e9ec0e9c4aaa3e45f556a03b75f190aacc6a4067581,4bf0a5b670021a0325addff0d90c45d95d75872eae509f6548b305aa8e86ba7d
legacy,train,impostor,101,101_7,102_8,140,140,74,79,24,372.21,22012d41b299c696726703c188e374c1678cce37d06640c083f7f45d48d32c0a,4bf0a5b670021a0325addff0d90c45d95d75872eae509f6548b305aa8e86ba7d
legacy,train,impostor,102,102_1,103_2,140,140,83,81,17,405.93,a8de9190aac62da312388072e34d8ece564e80f89b70321ccc65ec90a5a1792b,0be5cb3b70c03e58128819d3b155df812204037bfca6a4495dd67e4185e21d59
legacy,train,impostor,102,102_1,103_3,140,140,83,81,295,570.32,a8de9190aac62da312388072e34d8ece564e80f89b70321ccc65ec90a5a1792b,65134ba0119ee27b9de159b90ae781c6aba43b6f92ebb283261abc74338942df
legacy,train,impostor,102,102_1,103_4,140,140,83,81,23,587.16,a8de9190aac62da312388072e34d8ece564e80f89b70321ccc65ec90a5a1792b,851e4b3a55993e6667f5ef230961ad2c3fce3266175dada7ec08e337cf0adba4
legacy,train,impostor,102,102_1,103_5,140,140,83,81,277,636.88,a8de9190aac62da312388072e34d8ece564e80f89b70321ccc65ec90a5a1792b,4d0de6fd372e4072668a25a1302fe2a12428f65f60b85f2c74230b72810c4624
legacy,train,impostor,102,102_1,103_6,140,140,83,81,35,399.12,a8de9190aac62da312388072e34d8ece564e80f89b70321ccc65ec90a5a1792b,366dc2e626b5809197663c13b8f9c3cd5110d7f6e35d0dea55708e68991e799e
legacy,train,impostor,102,102_1,103_7,140,140,83,79,280,461.91,a8de9190aac62da312388072e34d8ece564e80f89b70321ccc65ec90a5a1792b,3b02c9f6cae61d9867bbc9d3ed4fc51e81ce3f3cb2ee9ee48c9590733196999f
legacy,train,impostor,102,102_1,103_8,140,140,83,79,36,485.37,a8de9190aac62da312388072e34d8ece564e80f89b70321ccc65ec90a5a1792b,34f3612da2110f3f109059a0de9db09b2e6dfae4c9987d058d96d8f77c6c80cc
legacy,train,impostor,102,102_2,103_3,140,140,80,81,225,666.13,7970df3f17c32d19f53f9a1532610d7706261b1d61c68da56133df8196f327f3,65134ba0119ee27b9de159b90ae781c6aba43b6f92ebb283261abc74338942df
legacy,train,impostor,102,102_2,103_4,140,140,80,81,19,400.95,7970df3f17c32d19f53f9a1532610d7706261b1d61c68da56133df8196f327f3,851e4b3a55993e6667f5ef230961ad2c3fce3266175dada7ec08e337cf0adba4
legacy,train,impostor,102,102_2,103_5,140,140,80,81,13,342.63,7970df3f17c32d19f53f9a1532610d7706261b1d61c68da56133df8196f327f3,4d0de6fd372e4072668a25a1302fe2a12428f65f60b85f2c74230b72810c4624
legacy,train,impostor,102,102_2,103_6,140,140,80,81,22,309.42,7970df3f17c32d19f53f9a1532610d7706261b1d61c68da56133df8196f327f3,366dc2e626b5809197663c13b8f9c3cd5110d7f6e35d0dea55708e68991e799e
legacy,train,impostor,102,102_2,103_7,140,140,80,79,251,1505.46,7970df3f17c32d19f53f9a1532610d7706261b1d61c68da56133df8196f327f3,3b02c9f6cae61d9867bbc9d3ed4fc51e81ce3f3cb2ee9ee48c9590733196999f
legacy,train,impostor,102,102_2,103_8,140,140,80,79,19,320.33,7970df3f17c32d19f53f9a1532610d7706261b1d61c68da56133df8196f327f3,34f3612da2110f3f109059a0de9db09b2e6dfae4c9987d058d96d8f77c6c80cc
legacy,train,impostor,102,102_3,103_4,140,140,80,81,308,420.47,9f2fe0dd36d0909156e3b8e4fe8e51c05b706cd1589924740bba07dc179ce5ad,851e4b3a55993e6667f5ef230961ad2c3fce3266175dada7ec08e337cf0adba4
legacy,train,impostor,102,102_3,103_5,140,140,80,81,273,1059.12,9f2fe0dd36d0909156e3b8e4fe8e51c05b706cd1589924740bba07dc179ce5ad,4d0de6fd372e4072668a25a1302fe2a12428f65f60b85f2c74230b72810c4624
legacy,train,impostor,102,102_3,103_6,140,140,80,81,162,353.53,9f2fe0dd36d0909156e3b8e4fe8e51c05b706cd1589924740bba07dc179ce5ad,366dc2e626b5809197663c13b8f9c3cd5110d7f6e35d0dea55708e68991e799e
legacy,train,impostor,102,102_3,103_7,140,140,80,79,286,374.07,9f2fe0dd36d0909156e3b8e4fe8e51c05b706cd1589924740bba07dc179ce5ad,3b02c9f6cae61d9867bbc9d3ed4fc51e81ce3f3cb2ee9ee48c9590733196999f
legacy,train,impostor,102,102_3,103_8,140,140,80,79,222,473.52,9f2fe0dd36d0909156e3b8e4fe8e51c05b706cd1589924740bba07dc179ce5ad,34f3612da2110f3f109059a0de9db09b2e6dfae4c9987d058d96d8f77c6c80cc
legacy,train,impostor,102,102_4,103_5,140,140,81,81,269,350.88,f341b6f74bc4001d7a8a71da2dd85c3d4c13404c739ea1b9e336f7379cfebca3,4d0de6fd372e4072668a25a1302fe2a12428f65f60b85f2c74230b72810c4624
legacy,train,impostor,102,102_4,103_6,140,140,81,81,18,388.76,f341b6f74bc4001d7a8a71da2dd85c3d4c13404c739ea1b9e336f7379cfebca3,366dc2e626b5809197663c13b8f9c3cd5110d7f6e35d0dea55708e68991e799e
legacy,train,impostor,102,102_4,103_7,140,140,81,79,286,360.58,f341b6f74bc4001d7a8a71da2dd85c3d4c13404c739ea1b9e336f7379cfebca3,3b02c9f6cae61d9867bbc9d3ed4fc51e81ce3f3cb2ee9ee48c9590733196999f
legacy,train,impostor,102,102_4,103_8,140,140,81,79,19,378.76,f341b6f74bc4001d7a8a71da2dd85c3d4c13404c739ea1b9e336f7379cfebca3,34f3612da2110f3f109059a0de9db09b2e6dfae4c9987d058d96d8f77c6c80cc
legacy,train,impostor,102,102_5,103_6,140,140,80,81,22,393.29,5afebcfed489b64ac55fb270b4293445ee1c992e805d7cc9343aa2c39836dd9a,366dc2e626b5809197663c13b8f9c3cd5110d7f6e35d0dea55708e68991e799e
legacy,train,impostor,102,102_5,103_7,140,140,80,79,279,375.69,5afebcfed489b64ac55fb270b4293445ee1c992e805d7cc9343aa2c39836dd9a,3b02c9f6cae61d9867bbc9d3ed4fc51e81ce3f3cb2ee9ee48c9590733196999f
legacy,train,impostor,102,102_5,103_8,140,140,80,79,19,352.18,5afebcfed489b64ac55fb270b4293445ee1c992e805d7cc9343aa2c39836dd9a,34f3612da2110f3f109059a0de9db09b2e6dfae4c9987d058d96d8f77c6c80cc
legacy,train,impostor,102,102_6,103_7,140,140,80,79,285,363.73,6db376e76f40d2e348f09a2ebb2266117e8e3547005620884b026f764a749b7f,3b02c9f6cae61d9867bbc9d3ed4fc51e81ce3f3cb2ee9ee48c9590733196999f
legacy,train,impostor,102,102_6,103_8,140,140,80,79,18,352.01,6db376e76f40d2e348f09a2ebb2266117e8e3547005620884b026f764a749b7f,34f3612da2110f3f109059a0de9db09b2e6dfae4c9987d058d96d8f77c6c80cc
legacy,train,impostor,102,102_7,103_8,140,140,81,79,231,686.34,9825d7aa7666a484866ea1a3bc88101756f716f75c50746525220b3e243eae0f,34f3612da2110f3f109059a0de9db09b2e6dfae4c9987d058d96d8f77c6c80cc
legacy,train,impostor,103,103_1,104_2,140,140,81,73,223,366.31,79972043d38647d0abc677ecefd26925d7bba87b2063d04a028f9bc05b712f08,77b3dbea6ea0a81b57d5bc09b0a92a88a82381e067422cd24c6f94e12862ffbd
legacy,train,impostor,103,103_1,104_3,140,140,81,72,250,352.67,79972043d38647d0abc677ecefd26925d7bba87b2063d04a028f9bc05b712f08,d2138ae748e8dadb3e324b7431ab6f056232cecdebf53e99c8658d3414c0d348
legacy,train,impostor,103,103_1,104_4,140,140,81,74,266,382.75,79972043d38647d0abc677ecefd26925d7bba87b2063d04a028f9bc05b712f08,11de29ce41afc0da6c5fa305939fabad8774bd926b1fd529e6767d5bf0affc68
legacy,train,impostor,103,103_1,104_5,140,140,81,70,230,345.95,79972043d38647d0abc677ecefd26925d7bba87b2063d04a028f9bc05b712f08,0b016844c7cd20763aa2af2d8dfd3be02651a01f1a394b670ba574aa80a078b4
legacy,train,impostor,103,103_1,104_6,140,140,81,75,298,394.89,79972043d38647d0abc677ecefd26925d7bba87b2063d04a028f9bc05b712f08,b0706f915a5c71468152eb950b2a86e9a27ab88ee45c0597b2404668d32934a8
legacy,train,impostor,103,103_1,104_7,140,140,81,72,175,417.08,79972043d38647d0abc677ecefd26925d7bba87b2063d04a028f9bc05b712f08,75e01f7006fec66bebd11ccf2228d7a5824dc9fc6c208d6fbab87f3f38e3a47b
legacy,train,impostor,103,103_1,104_8,140,140,81,71,171,934.42,79972043d38647d0abc677ecefd26925d7bba87b2063d04a028f9bc05b712f08,933a996c2cb53ea4ff6ec68ef7dc4b96fa8f6b31055db73ace146a4d12d0c7b4
legacy,train,impostor,103,103_2,104_3,140,140,81,72,249,411.23,0be5cb3b70c03e58128819d3b155df812204037bfca6a4495dd67e4185e21d59,d2138ae748e8dadb3e324b7431ab6f056232cecdebf53e99c8658d3414c0d348
legacy,train,impostor,103,103_2,104_4,140,140,81,74,262,357.47,0be5cb3b70c03e58128819d3b155df812204037bfca6a4495dd67e4185e21d59,11de29ce41afc0da6c5fa305939fabad8774bd926b1fd529e6767d5bf0affc68
legacy,train,impostor,103,103_2,104_5,140,140,81,70,227,395.2,0be5cb3b70c03e58128819d3b155df812204037bfca6a4495dd67e4185e21d59,0b016844c7cd20763aa2af2d8dfd3be02651a01f1a394b670ba574aa80a078b4
legacy,train,impostor,103,103_2,104_6,140,140,81,75,21,464.53,0be5cb3b70c03e58128819d3b155df812204037bfca6a4495dd67e4185e21d59,b0706f915a5c71468152eb950b2a86e9a27ab88ee45c0597b2404668d32934a8
legacy,train,impostor,103,103_2,104_7,140,140,81,72,165,458.46,0be5cb3b70c03e58128819d3b155df812204037bfca6a4495dd67e4185e21d59,75e01f7006fec66bebd11ccf2228d7a5824dc9fc6c208d6fbab87f3f38e3a47b
legacy,train,impostor,103,103_2,104_8,140,140,81,71,154,474.92,0be5cb3b70c03e58128819d3b155df812204037bfca6a4495dd67e4185e21d59,933a996c2cb53ea4ff6ec68ef7dc4b96fa8f6b31055db73ace146a4d12d0c7b4
legacy,train,impostor,103,103_3,104_4,140,140,81,74,270,379.58,65134ba0119ee27b9de159b90ae781c6aba43b6f92ebb283261abc74338942df,11de29ce41afc0da6c5fa305939fabad8774bd926b1fd529e6767d5bf0affc68
legacy,train,impostor,103,103_3,104_5,140,140,81,70,236,358.86,65134ba0119ee27b9de159b90ae781c6aba43b6f92ebb283261abc74338942df,0b016844c7cd20763aa2af2d8dfd3be02651a01f1a394b670ba574aa80a078b4
legacy,train,impostor,103,103_3,104_6,140,140,81,75,302,396.82,65134ba0119ee27b9de159b90ae781c6aba43b6f92ebb283261abc74338942df,b0706f915a5c71468152eb950b2a86e9a27ab88ee45c0597b2404668d32934a8
legacy,train,impostor,103,103_3,104_7,140,140,81,72,175,361.27,65134ba0119ee27b9de159b90ae781c6aba43b6f92ebb283261abc74338942df,75e01f7006fec66bebd11ccf2228d7a5824dc9fc6c208d6fbab87f3f38e3a47b
legacy,train,impostor,103,103_3,104_8,140,140,81,71,166,1050.72,65134ba0119ee27b9de159b90ae781c6aba43b6f92ebb283261abc74338942df,933a996c2cb53ea4ff6ec68ef7dc4b96fa8f6b31055db73ace146a4d12d0c7b4
legacy,train,impostor,103,103_4,104_5,140,140,81,70,225,352.98,851e4b3a55993e6667f5ef230961ad2c3fce3266175dada7ec08e337cf0adba4,0b016844c7cd20763aa2af2d8dfd3be02651a01f1a394b670ba574aa80a078b4
legacy,train,impostor,103,103_4,104_6,140,140,81,75,285,390.35,851e4b3a55993e6667f5ef230961ad2c3fce3266175dada7ec08e337cf0adba4,b0706f915a5c71468152eb950b2a86e9a27ab88ee45c0597b2404668d32934a8
legacy,train,impostor,103,103_4,104_7,140,140,81,72,176,355.19,851e4b3a55993e6667f5ef230961ad2c3fce3266175dada7ec08e337cf0adba4,75e01f7006fec66bebd11ccf2228d7a5824dc9fc6c208d6fbab87f3f38e3a47b
legacy,train,impostor,103,103_4,104_8,140,140,81,71,131,463.27,851e4b3a55993e6667f5ef230961ad2c3fce3266175dada7ec08e337cf0adba4,933a996c2cb53ea4ff6ec68ef7dc4b96fa8f6b31055db73ace146a4d12d0c7b4
legacy,train,impostor,103,103_5,104_6,140,140,81,75,283,545.25,4d0de6fd372e4072668a25a1302fe2a12428f65f60b85f2c74230b72810c4624,b0706f915a5c71468152eb950b2a86e9a27ab88ee45c0597b2404668d32934a8
legacy,train,impostor,103,103_5,104_7,140,140,81,72,181,344.19,4d0de6fd372e4072668a25a1302fe2a12428f65f60b85f2c74230b72810c4624,75e01f7006fec66bebd11ccf2228d7a5824dc9fc6c208d6fbab87f3f38e3a47b
legacy,train,impostor,103,103_5,104_8,140,140,81,71,146,598.86,4d0de6fd372e4072668a25a1302fe2a12428f65f60b85f2c74230b72810c4624,933a996c2cb53ea4ff6ec68ef7dc4b96fa8f6b31055db73ace146a4d12d0c7b4
legacy,train,impostor,103,103_6,104_7,140,140,81,72,14,476.75,366dc2e626b5809197663c13b8f9c3cd5110d7f6e35d0dea55708e68991e799e,75e01f7006fec66bebd11ccf2228d7a5824dc9fc6c208d6fbab87f3f38e3a47b
legacy,train,impostor,103,103_6,104_8,140,140,81,71,13,316.58,366dc2e626b5809197663c13b8f9c3cd5110d7f6e35d0dea55708e68991e799e,933a996c2cb53ea4ff6ec68ef7dc4b96fa8f6b31055db73ace146a4d12d0c7b4
legacy,train,impostor,103,103_7,104_8,140,140,79,71,158,777.96,3b02c9f6cae61d9867bbc9d3ed4fc51e81ce3f3cb2ee9ee48c9590733196999f,933a996c2cb53ea4ff6ec68ef7dc4b96fa8f6b31055db73ace146a4d12d0c7b4
legacy,train,impostor,104,104_1,105_2,140,140,75,78,300,653.79,ce8fd2259be4e7536f0ed960053962b71077032602eb8614b9f7aa47cdc1a980,4c8bd0e5dbf7bf39f956db2b98ed245bd31f709866c81e32f30c4cec37c2fc73
legacy,train,impostor,104,104_1,105_3,140,140,75,76,111,337.63,ce8fd2259be4e7536f0ed960053962b71077032602eb8614b9f7aa47cdc1a980,1e71ef843613e18e6ed95f0a6f7be6d4fb84763f5cd2aa06e0d2a1bad9e1a81a
legacy,train,impostor,104,104_1,105_4,140,140,75,78,280,2379.53,ce8fd2259be4e7536f0ed960053962b71077032602eb8614b9f7aa47cdc1a980,88ecdaa8b90ef03eb16dae13c2706d0076aeae27e9f9de49b9aaf8db7add7e88
legacy,train,impostor,104,104_1,105_5,140,140,75,77,289,377.68,ce8fd2259be4e7536f0ed960053962b71077032602eb8614b9f7aa47cdc1a980,b74ea9f09f3dc172b894b9419014e848b2659dd29e23c747b3d9d1e1835325d8
legacy,train,impostor,104,104_1,105_6,140,140,75,77,302,391.19,ce8fd2259be4e7536f0ed960053962b71077032602eb8614b9f7aa47cdc1a980,ab04582671a99209b46a8772263d77f22c7675e247283b2fe0d5078350cff0bc
legacy,train,impostor,104,104_1,105_7,140,140,75,77,15,319.95,ce8fd2259be4e7536f0ed960053962b71077032602eb8614b9f7aa47cdc1a980,67fda200f8adf578acd1d810a874ce9c626e699087cfd3381eab3d2ed785b107
legacy,train,impostor,104,104_1,105_8,140,140,75,77,288,1905.56,ce8fd2259be4e7536f0ed960053962b71077032602eb8614b9f7aa47cdc1a980,04c032c96d03a2f5cb110bc01e9cae24b6ec4611acb362dbf8375d8f2c9ca58b
legacy,train,impostor,104,104_2,105_3,140,140,73,76,36,415.42,77b3dbea6ea0a81b57d5bc09b0a92a88a82381e067422cd24c6f94e12862ffbd,1e71ef843613e18e6ed95f0a6f7be6d4fb84763f5cd2aa06e0d2a1bad9e1a81a
legacy,train,impostor,104,104_2,105_4,140,140,73,78,220,593.11,77b3dbea6ea0a81b57d5bc09b0a92a88a82381e067422cd24c6f94e12862ffbd,88ecdaa8b90ef03eb16dae13c2706d0076aeae27e9f9de49b9aaf8db7add7e88
legacy,train,impostor,104,104_2,105_5,140,140,73,77,219,481.05,77b3dbea6ea0a81b57d5bc09b0a92a88a82381e067422cd24c6f94e12862ffbd,b74ea9f09f3dc172b894b9419014e848b2659dd29e23c747b3d9d1e1835325d8
legacy,train,impostor,104,104_2,105_6,140,140,73,77,216,348.16,77b3dbea6ea0a81b57d5bc09b0a92a88a82381e067422cd24c6f94e12862ffbd,ab04582671a99209b46a8772263d77f22c7675e247283b2fe0d5078350cff0bc
legacy,train,impostor,104,104_2,105_7,140,140,73,77,39,506.07,77b3dbea6ea0a81b57d5bc09b0a92a88a82381e067422cd24c6f94e12862ffbd,67fda200f8adf578acd1d810a874ce9c626e699087cfd3381eab3d2ed785b107
legacy,train,impostor,104,104_2,105_8,140,140,73,77,218,1421.46,77b3dbea6ea0a81b57d5bc09b0a92a88a82381e067422cd24c6f94e12862ffbd,04c032c96d03a2f5cb110bc01e9cae24b6ec4611acb362dbf8375d8f2c9ca58b
legacy,train,impostor,104,104_3,105_4,140,140,72,78,216,1334.78,d2138ae748e8dadb3e324b7431ab6f056232cecdebf53e99c8658d3414c0d348,88ecdaa8b90ef03eb16dae13c2706d0076aeae27e9f9de49b9aaf8db7add7e88
legacy,train,impostor,104,104_3,105_5,140,140,72,77,251,351.84,d2138ae748e8dadb3e324b7431ab6f056232cecdebf53e99c8658d3414c0d348,b74ea9f09f3dc172b894b9419014e848b2659dd29e23c747b3d9d1e1835325d8
legacy,train,impostor,104,104_3,105_6,140,140,72,77,249,370.52,d2138ae748e8dadb3e324b7431ab6f056232cecdebf53e99c8658d3414c0d348,ab04582671a99209b46a8772263d77f22c7675e247283b2fe0d5078350cff0bc
legacy,train,impostor,104,104_3,105_7,140,140,72,77,78,487.82,d2138ae748e8dadb3e324b7431ab6f056232cecdebf53e99c8658d3414c0d348,67fda200f8adf578acd1d810a874ce9c626e699087cfd3381eab3d2ed785b107
legacy,train,impostor,104,104_3,105_8,140,140,72,77,252,1421.48,d2138ae748e8dadb3e324b7431ab6f056232cecdebf53e99c8658d3414c0d348,04c032c96d03a2f5cb110bc01e9cae24b6ec4611acb362dbf8375d8f2c9ca58b
legacy,train,impostor,104,104_4,105_5,140,140,74,77,263,363.5,11de29ce41afc0da6c5fa305939fabad8774bd926b1fd529e6767d5bf0affc68,b74ea9f09f3dc172b894b9419014e848b2659dd29e23c747b3d9d1e1835325d8
legacy,train,impostor,104,104_4,105_6,140,140,74,77,267,344.24,11de29ce41afc0da6c5fa305939fabad8774bd926b1fd529e6767d5bf0affc68,ab04582671a99209b46a8772263d77f22c7675e247283b2fe0d5078350cff0bc
legacy,train,impostor,104,104_4,105_7,140,140,74,77,19,403.28,11de29ce41afc0da6c5fa305939fabad8774bd926b1fd529e6767d5bf0affc68,67fda200f8adf578acd1d810a874ce9c626e699087cfd3381eab3d2ed785b107
legacy,train,impostor,104,104_4,105_8,140,140,74,77,261,1195.57,11de29ce41afc0da6c5fa305939fabad8774bd926b1fd529e6767d5bf0affc68,04c032c96d03a2f5cb110bc01e9cae24b6ec4611acb362dbf8375d8f2c9ca58b
legacy,train,impostor,104,104_5,105_6,140,140,70,77,228,325.98,0b016844c7cd20763aa2af2d8dfd3be02651a01f1a394b670ba574aa80a078b4,ab04582671a99209b46a8772263d77f22c7675e247283b2fe0d5078350cff0bc
legacy,train,impostor,104,104_5,105_7,140,140,70,77,51,478.52,0b016844c7cd20763aa2af2d8dfd3be02651a01f1a394b670ba574aa80a078b4,67fda200f8adf578acd1d810a874ce9c626e699087cfd3381eab3d2ed785b107
legacy,train,impostor,104,104_5,105_8,140,140,70,77,227,1838.15,0b016844c7cd20763aa2af2d8dfd3be02651a01f1a394b670ba574aa80a078b4,04c032c96d03a2f5cb110bc01e9cae24b6ec4611acb362dbf8375d8f2c9ca58b
legacy,train,impostor,104,104_6,105_7,140,140,75,77,29,401.71,b0706f915a5c71468152eb950b2a86e9a27ab88ee45c0597b2404668d32934a8,67fda200f8adf578acd1d810a874ce9c626e699087cfd3381eab3d2ed785b107
legacy,train,impostor,104,104_6,105_8,140,140,75,77,270,1423.13,b0706f915a5c71468152eb950b2a86e9a27ab88ee45c0597b2404668d32934a8,04c032c96d03a2f5cb110bc01e9cae24b6ec4611acb362dbf8375d8f2c9ca58b
legacy,train,impostor,104,104_7,105_8,140,140,72,77,166,357.13,75e01f7006fec66bebd11ccf2228d7a5824dc9fc6c208d6fbab87f3f38e3a47b,04c032c96d03a2f5cb110bc01e9cae24b6ec4611acb362dbf8375d8f2c9ca58b
legacy,train,impostor,105,105_1,106_2,140,140,78,75,240,561.68,463a757c635cfad1f880e5278f6fa12e597469b94ade79d5472cbfadb8d3483d,d645a4d9e4ed05a4ca2836a8fb71140b8885e24deb94f052c5c8259e08599b5b
legacy,train,impostor,105,105_1,106_3,140,140,78,73,279,787.98,463a757c635cfad1f880e5278f6fa12e597469b94ade79d5472cbfadb8d3483d,0f045576ca8d3a586dc121cd753cb37748052ce7aaf6f31a88d91295273347ac
legacy,train,impostor,105,105_1,106_4,140,140,78,75,288,374.91,463a757c635cfad1f880e5278f6fa12e597469b94ade79d5472cbfadb8d3483d,b1dd8de31c64c180a4218f5d100fc6a06be0ecee89b24ca680830133b7bc0423
legacy,train,impostor,105,105_1,106_5,140,140,78,71,286,549.46,463a757c635cfad1f880e5278f6fa12e597469b94ade79d5472cbfadb8d3483d,fc65a45d9dc3004678a0fbdcbc6e9540e68d56b0557ec21b44466ad4dca53f99
legacy,train,impostor,105,105_1,106_6,140,140,78,72,271,405.33,463a757c635cfad1f880e5278f6fa12e597469b94ade79d5472cbfadb8d3483d,68861a351f5f0e7de3594a4573c151f4b7d878b3b5f4931875e42053a149bf00
legacy,train,impostor,105,105_1,106_7,140,140,78,74,270,413.18,463a757c635cfad1f880e5278f6fa12e597469b94ade79d5472cbfadb8d3483d,0743c35364a148245bdbd1501102c3d02b3b6aa022849d4fce2f59d38230b931
legacy,train,impostor,105,105_1,106_8,140,140,78,73,281,386.49,463a757c635cfad1f880e5278f6fa12e597469b94ade79d5472cbfadb8d3483d,c48d34bd099e20bc5701fcdf8d4215652d16accdc0caccf8954f38c467104970
legacy,train,impostor,105,105_2,106_3,140,140,78,73,254,876.16,4c8bd0e5dbf7bf39f956db2b98ed245bd31f709866c81e32f30c4cec37c2fc73,0f045576ca8d3a586dc121cd753cb37748052ce7aaf6f31a88d91295273347ac
legacy,train,impostor,105,105_2,106_4,140,140,78,75,281,723.09,4c8bd0e5dbf7bf39f956db2b98ed245bd31f709866c81e32f30c4cec37c2fc73,b1dd8de31c64c180a4218f5d100fc6a06be0ecee89b24ca680830133b7bc0423
legacy,train,impostor,105,105_2,106_5,140,140,78,71,271,692.74,4c8bd0e5dbf7bf39f956db2b98ed245bd31f709866c81e32f30c4cec37c2fc73,fc65a45d9dc3004678a0fbdcbc6e9540e68d56b0557ec21b44466ad4dca53f99
legacy,train,impostor,105,105_2,106_6,140,140,78,72,267,578.18,4c8bd0e5dbf7bf39f956db2b98ed245bd31f709866c81e32f30c4cec37c2fc73,68861a351f5f0e7de3594a4573c151f4b7d878b3b5f4931875e42053a149bf00
legacy,train,impostor,105,105_2,106_7,140,140,78,74,258,859.1,4c8bd0e5dbf7bf39f956db2b98ed245bd31f709866c81e32f30c4cec37c2fc73,0743c35364a148245bdbd1501102c3d02b3b6aa022849d4fce2f59d38230b931
legacy,train,impostor,105,105_2,106_8,140,140,78,73,284,583.53,4c8bd0e5dbf7bf39f956db2b98ed245bd31f709866c81e32f30c4cec37c2fc73,c48d34bd099e20bc5701fcdf8d4215652d16accdc0caccf8954f38c467104970
legacy,train,impostor,105,105_3,106_4,140,140,76,75,35,438.97,1e71ef843613e18e6ed95f0a6f7be6d4fb84763f5cd2aa06e0d2a1bad9e1a81a,b1dd8de31c64c180a4218f5d100fc6a06be0ecee89b24ca680830133b7bc0423
legacy,train,impostor,105,105_3,106_5,140,140,76,71,40,503.53,1e71ef843613e18e6ed95f0a6f7be6d4fb84763f5cd2aa06e0d2a1bad9e1a81a,fc65a45d9dc3004678a0fbdcbc6e9540e68d56b0557ec21b44466ad4dca53f99
legacy,train,impostor,105,105_3,106_6,140,140,76,72,21,392.88,1e71ef843613e18e6ed95f0a6f7be6d4fb84763f5cd2aa06e0d2a1bad9e1a81a,68861a351f5f0e7de3594a4573c151f4b7d878b3b5f4931875e42053a149bf00
legacy,train,impostor,105,105_3,106_7,140,140,76,74,45,696.85,1e71ef843613e18e6ed95f0a6f7be6d4fb84763f5cd2aa06e0d2a1bad9e1a81a,0743c35364a148245bdbd1501102c3d02b3b6aa022849d4fce2f59d38230b931
legacy,train,impostor,105,105_3,106_8,140,140,76,73,24,411.01,1e71ef843613e18e6ed95f0a6f7be6d4fb84763f5cd2aa06e0d2a1bad9e1a81a,c48d34bd099e20bc5701fcdf8d4215652d16accdc0caccf8954f38c467104970
legacy,train,impostor,105,105_4,106_5,140,140,78,71,202,2764.05,88ecdaa8b90ef03eb16dae13c2706d0076aeae27e9f9de49b9aaf8db7add7e88,fc65a45d9dc3004678a0fbdcbc6e9540e68d56b0557ec21b44466ad4dca53f99
legacy,train,impostor,105,105_4,106_6,140,140,78,72,195,2306.4,88ecdaa8b90ef03eb16dae13c2706d0076aeae27e9f9de49b9aaf8db7add7e88,68861a351f5f0e7de3594a4573c151f4b7d878b3b5f4931875e42053a149bf00
legacy,train,impostor,105,105_4,106_7,140,140,78,74,193,2248.6,88ecdaa8b90ef03eb16dae13c2706d0076aeae27e9f9de49b9aaf8db7add7e88,0743c35364a148245bdbd1501102c3d02b3b6aa022849d4fce2f59d38230b931
legacy,train,impostor,105,105_4,106_8,140,140,78,73,198,2742.03,88ecdaa8b90ef03eb16dae13c2706d0076aeae27e9f9de49b9aaf8db7add7e88,c48d34bd099e20bc5701fcdf8d4215652d16accdc0caccf8954f38c467104970
legacy,train,impostor,105,105_5,106_6,140,140,77,72,262,361.12,b74ea9f09f3dc172b894b9419014e848b2659dd29e23c747b3d9d1e1835325d8,68861a351f5f0e7de3594a4573c151f4b7d878b3b5f4931875e42053a149bf00
legacy,train,impostor,105,105_5,106_7,140,140,77,74,254,425.62,b74ea9f09f3dc172b894b9419014e848b2659dd29e23c747b3d9d1e1835325d8,0743c35364a148245bdbd1501102c3d02b3b6aa022849d4fce2f59d38230b931
legacy,train,impostor,105,105_5,106_8,140,140,77,73,275,387.32,b74ea9f09f3dc172b894b9419014e848b2659dd29e23c747b3d9d1e1835325d8,c48d34bd099e20bc5701fcdf8d4215652d16accdc0caccf8954f38c467104970
legacy,train,impostor,105,105_6,106_7,140,140,77,74,270,413.8,ab04582671a99209b46a8772263d77f22c7675e247283b2fe0d5078350cff0bc,0743c35364a148245bdbd1501102c3d02b3b6aa022849d4fce2f59d38230b931
legacy,train,impostor,105,105_6,106_8,140,140,77,73,276,383.1,ab04582671a99209b46a8772263d77f22c7675e247283b2fe0d5078350cff0bc,c48d34bd099e20bc5701fcdf8d4215652d16accdc0caccf8954f38c467104970
legacy,train,impostor,105,105_7,106_8,140,140,77,73,27,544.41,67fda200f8adf578acd1d810a874ce9c626e699087cfd3381eab3d2ed785b107,c48d34bd099e20bc5701fcdf8d4215652d16accdc0caccf8954f38c467104970
legacy,validation,impostor,106,106_1,107_2,140,140,74,77,252,459.65,f05cd2d7f67aae517a21a0d924b4ca2ab59b92fea4f7f8f38e47f947d1ce686a,2b80e139907fe755d00daedcd6a715797960ca41ec83c5b6f57988c7e5cdd889
legacy,validation,impostor,106,106_1,107_3,140,140,74,75,222,397.37,f05cd2d7f67aae517a21a0d924b4ca2ab59b92fea4f7f8f38e47f947d1ce686a,7248e27d86a5d36bbb2fb00010aca5ad2cb32da5ebdd66e7f273d163be2ccd94
legacy,validation,impostor,106,106_1,107_4,140,140,74,75,255,428.95,f05cd2d7f67aae517a21a0d924b4ca2ab59b92fea4f7f8f38e47f947d1ce686a,f556895e399849a346920a32cad7a8e6421e7c816d79513bedfee476f22b3933
legacy,validation,impostor,106,106_1,107_5,140,140,74,72,214,368.83,f05cd2d7f67aae517a21a0d924b4ca2ab59b92fea4f7f8f38e47f947d1ce686a,b8510b9fb5867c20739b11c79915076bae169d8730be6cbf41ff3253e3cee440
legacy,validation,impostor,106,106_1,107_6,140,140,74,74,216,401.08,f05cd2d7f67aae517a21a0d924b4ca2ab59b92fea4f7f8f38e47f947d1ce686a,c7f85ac1e7e6063d333932685d4080d808d52e29a883de1e978c0ea287546c2c
legacy,validation,impostor,106,106_1,107_7,140,140,74,71,212,915.59,f05cd2d7f67aae517a21a0d924b4ca2ab59b92fea4f7f8f38e47f947d1ce686a,120c0ff19752ea9ceb04942bef82cba4867bb06329272b843dda32e417b34a72
legacy,validation,impostor,106,106_1,107_8,140,140,74,72,208,718.58,f05cd2d7f67aae517a21a0d924b4ca2ab59b92fea4f7f8f38e47f947d1ce686a,df52c710cc6efb2271494277a4f1669a2e9af9fa0c98f5acb48b187b4e81cae1
legacy,validation,impostor,106,106_2,107_3,140,140,75,75,17,434.83,d645a4d9e4ed05a4ca2836a8fb71140b8885e24deb94f052c5c8259e08599b5b,7248e27d86a5d36bbb2fb00010aca5ad2cb32da5ebdd66e7f273d163be2ccd94
legacy,validation,impostor,106,106_2,107_4,140,140,75,75,13,410.5,d645a4d9e4ed05a4ca2836a8fb71140b8885e24deb94f052c5c8259e08599b5b,f556895e399849a346920a32cad7a8e6421e7c816d79513bedfee476f22b3933
legacy,validation,impostor,106,106_2,107_5,140,140,75,72,209,721.27,d645a4d9e4ed05a4ca2836a8fb71140b8885e24deb94f052c5c8259e08599b5b,b8510b9fb5867c20739b11c79915076bae169d8730be6cbf41ff3253e3cee440
legacy,validation,impostor,106,106_2,107_6,140,140,75,74,218,668.1,d645a4d9e4ed05a4ca2836a8fb71140b8885e24deb94f052c5c8259e08599b5b,c7f85ac1e7e6063d333932685d4080d808d52e29a883de1e978c0ea287546c2c
legacy,validation,impostor,106,106_2,107_7,140,140,75,71,39,516.85,d645a4d9e4ed05a4ca2836a8fb71140b8885e24deb94f052c5c8259e08599b5b,120c0ff19752ea9ceb04942bef82cba4867bb06329272b843dda32e417b34a72
legacy,validation,impostor,106,106_2,107_8,140,140,75,72,19,410.24,d645a4d9e4ed05a4ca2836a8fb71140b8885e24deb94f052c5c8259e08599b5b,df52c710cc6efb2271494277a4f1669a2e9af9fa0c98f5acb48b187b4e81cae1
legacy,validation,impostor,106,106_3,107_4,140,140,73,75,273,457.38,0f045576ca8d3a586dc121cd753cb37748052ce7aaf6f31a88d91295273347ac,f556895e399849a346920a32cad7a8e6421e7c816d79513bedfee476f22b3933
legacy,validation,impostor,106,106_3,107_5,140,140,73,72,226,397.72,0f045576ca8d3a586dc121cd753cb37748052ce7aaf6f31a88d91295273347ac,b8510b9fb5867c20739b11c79915076bae169d8730be6cbf41ff3253e3cee440
legacy,validation,impostor,106,106_3,107_6,140,140,73,74,239,401.98,0f045576ca8d3a586dc121cd753cb37748052ce7aaf6f31a88d91295273347ac,c7f85ac1e7e6063d333932685d4080d808d52e29a883de1e978c0ea287546c2c
legacy,validation,impostor,106,106_3,107_7,140,140,73,71,16,398.77,0f045576ca8d3a586dc121cd753cb37748052ce7aaf6f31a88d91295273347ac,120c0ff19752ea9ceb04942bef82cba4867bb06329272b843dda32e417b34a72
legacy,validation,impostor,106,106_3,107_8,140,140,73,72,23,395.48,0f045576ca8d3a586dc121cd753cb37748052ce7aaf6f31a88d91295273347ac,df52c710cc6efb2271494277a4f1669a2e9af9fa0c98f5acb48b187b4e81cae1
legacy,validation,impostor,106,106_4,107_5,140,140,75,72,221,386.92,b1dd8de31c64c180a4218f5d100fc6a06be0ecee89b24ca680830133b7bc0423,b8510b9fb5867c20739b11c79915076bae169d8730be6cbf41ff3253e3cee440
legacy,validation,impostor,106,106_4,107_6,140,140,75,74,231,394.27,b1dd8de31c64c180a4218f5d100fc6a06be0ecee89b24ca680830133b7bc0423,c7f85ac1e7e6063d333932685d4080d808d52e29a883de1e978c0ea287546c2c
legacy,validation,impostor,106,106_4,107_7,140,140,75,71,195,1168.76,b1dd8de31c64c180a4218f5d100fc6a06be0ecee89b24ca680830133b7bc0423,120c0ff19752ea9ceb04942bef82cba4867bb06329272b843dda32e417b34a72
legacy,validation,impostor,106,106_4,107_8,140,140,75,72,173,787.99,b1dd8de31c64c180a4218f5d100fc6a06be0ecee89b24ca680830133b7bc0423,df52c710cc6efb2271494277a4f1669a2e9af9fa0c98f5acb48b187b4e81cae1
legacy,validation,impostor,106,106_5,107_6,140,140,71,74,236,370.62,fc65a45d9dc3004678a0fbdcbc6e9540e68d56b0557ec21b44466ad4dca53f99,c7f85ac1e7e6063d333932685d4080d808d52e29a883de1e978c0ea287546c2c
legacy,validation,impostor,106,106_5,107_7,140,140,71,71,204,1070.32,fc65a45d9dc3004678a0fbdcbc6e9540e68d56b0557ec21b44466ad4dca53f99,120c0ff19752ea9ceb04942bef82cba4867bb06329272b843dda32e417b34a72
legacy,validation,impostor,106,106_5,107_8,140,140,71,72,195,623.5,fc65a45d9dc3004678a0fbdcbc6e9540e68d56b0557ec21b44466ad4dca53f99,df52c710cc6efb2271494277a4f1669a2e9af9fa0c98f5acb48b187b4e81cae1
legacy,validation,impostor,106,106_6,107_7,140,140,72,71,128,748.32,68861a351f5f0e7de3594a4573c151f4b7d878b3b5f4931875e42053a149bf00,120c0ff19752ea9ceb04942bef82cba4867bb06329272b843dda32e417b34a72
legacy,validation,impostor,106,106_6,107_8,140,140,72,72,80,448.68,68861a351f5f0e7de3594a4573c151f4b7d878b3b5f4931875e42053a149bf00,df52c710cc6efb2271494277a4f1669a2e9af9fa0c98f5acb48b187b4e81cae1
legacy,validation,impostor,106,106_7,107_8,140,140,74,72,169,957.92,0743c35364a148245bdbd1501102c3d02b3b6aa022849d4fce2f59d38230b931,df52c710cc6efb2271494277a4f1669a2e9af9fa0c98f5acb48b187b4e81cae1
legacy,validation,impostor,107,107_1,108_2,140,140,76,75,261,350.83,3696de3ebf2f0af7205826744e2762ae00dbc4d135e44cd6790d1947c1f8300b,6a605fede2ad3c09da2af19bdfd58c920c4b269b474faf43a7cbb2427c4a8179
legacy,validation,impostor,107,107_1,108_3,140,140,76,76,275,1326.02,3696de3ebf2f0af7205826744e2762ae00dbc4d135e44cd6790d1947c1f8300b,0eea0b3d059c4594dbedb46a4cb3c040b39f78751568a8f65c295a277992db48
legacy,validation,impostor,107,107_1,108_4,140,140,76,77,272,356.92,3696de3ebf2f0af7205826744e2762ae00dbc4d135e44cd6790d1947c1f8300b,c75d322a2af09ad76c57c0777424e359232cf47d3ccbe3483b6d60737fa537b9
legacy,validation,impostor,107,107_1,108_5,140,140,76,78,276,378.54,3696de3ebf2f0af7205826744e2762ae00dbc4d135e44cd6790d1947c1f8300b,9ad5417e5ef34e74f3f0b01ecf4e261914ccb309b2a2ebadcac0df4e43562c03
legacy,validation,impostor,107,107_1,108_6,140,140,76,77,281,373.97,3696de3ebf2f0af7205826744e2762ae00dbc4d135e44cd6790d1947c1f8300b,32ad84bf727a93d486393cb97bd78d51e8374902e19537d8c2d4deb74cf909e2
legacy,validation,impostor,107,107_1,108_7,140,140,76,78,292,383.72,3696de3ebf2f0af7205826744e2762ae00dbc4d135e44cd6790d1947c1f8300b,d42894485daa4bdf77ea6be7dd43ff442d936c8a195feea7dadc47cb38ff452b
legacy,validation,impostor,107,107_1,108_8,140,140,76,79,276,364.19,3696de3ebf2f0af7205826744e2762ae00dbc4d135e44cd6790d1947c1f8300b,af8f826f893799cc2ccbf8536992d90e34f237f8a072a4295414711673b036de
legacy,validation,impostor,107,107_2,108_3,140,140,77,76,282,1962.17,2b80e139907fe755d00daedcd6a715797960ca41ec83c5b6f57988c7e5cdd889,0eea0b3d059c4594dbedb46a4cb3c040b39f78751568a8f65c295a277992db48
legacy,validation,impostor,107,107_2,108_4,140,140,77,77,288,356.73,2b80e139907fe755d00daedcd6a715797960ca41ec83c5b6f57988c7e5cdd889,c75d322a2af09ad76c57c0777424e359232cf47d3ccbe3483b6d60737fa537b9
legacy,validation,impostor,107,107_2,108_5,140,140,77,78,284,369.1,2b80e139907fe755d00daedcd6a715797960ca41ec83c5b6f57988c7e5cdd889,9ad5417e5ef34e74f3f0b01ecf4e261914ccb309b2a2ebadcac0df4e43562c03
legacy,validation,impostor,107,107_2,108_6,140,140,77,77,287,381.35,2b80e139907fe755d00daedcd6a715797960ca41ec83c5b6f57988c7e5cdd889,32ad84bf727a93d486393cb97bd78d51e8374902e19537d8c2d4deb74cf909e2
legacy,validation,impostor,107,107_2,108_7,140,140,77,78,296,348.35,2b80e139907fe755d00daedcd6a715797960ca41ec83c5b6f57988c7e5cdd889,d42894485daa4bdf77ea6be7dd43ff442d936c8a195feea7dadc47cb38ff452b
legacy,validation,impostor,107,107_2,108_8,140,140,77,79,289,412.32,2b80e139907fe755d00daedcd6a715797960ca41ec83c5b6f57988c7e5cdd889,af8f826f893799cc2ccbf8536992d90e34f237f8a072a4295414711673b036de
legacy,validation,impostor,107,107_3,108_4,140,140,75,77,285,409.85,7248e27d86a5d36bbb2fb00010aca5ad2cb32da5ebdd66e7f273d163be2ccd94,c75d322a2af09ad76c57c0777424e359232cf47d3ccbe3483b6d60737fa537b9
legacy,validation,impostor,107,107_3,108_5,140,140,75,78,265,411.43,7248e27d86a5d36bbb2fb00010aca5ad2cb32da5ebdd66e7f273d163be2ccd94,9ad5417e5ef34e74f3f0b01ecf4e261914ccb309b2a2ebadcac0df4e43562c03
legacy,validation,impostor,107,107_3,108_6,140,140,75,77,264,399.58,7248e27d86a5d36bbb2fb00010aca5ad2cb32da5ebdd66e7f273d163be2ccd94,32ad84bf727a93d486393cb97bd78d51e8374902e19537d8c2d4deb74cf909e2
legacy,validation,impostor,107,107_3,108_7,140,140,75,78,264,398.61,7248e27d86a5d36bbb2fb00010aca5ad2cb32da5ebdd66e7f273d163be2ccd94,d42894485daa4bdf77ea6be7dd43ff442d936c8a195feea7dadc47cb38ff452b
legacy,validation,impostor,107,107_3,108_8,140,140,75,79,269,376.66,7248e27d86a5d36bbb2fb00010aca5ad2cb32da5ebdd66e7f273d163be2ccd94,af8f826f893799cc2ccbf8536992d90e34f237f8a072a4295414711673b036de
legacy,validation,impostor,107,107_4,108_5,140,140,75,78,284,383.14,f556895e399849a346920a32cad7a8e6421e7c816d79513bedfee476f22b3933,9ad5417e5ef34e74f3f0b01ecf4e261914ccb309b2a2ebadcac0df4e43562c03
legacy,validation,impostor,107,107_4,108_6,140,140,75,77,285,460.7,f556895e399849a346920a32cad7a8e6421e7c816d79513bedfee476f22b3933,32ad84bf727a93d486393cb97bd78d51e8374902e19537d8c2d4deb74cf909e2
legacy,validation,impostor,107,107_4,108_7,140,140,75,78,298,392.4,f556895e399849a346920a32cad7a8e6421e7c816d79513bedfee476f22b3933,d42894485daa4bdf77ea6be7dd43ff442d936c8a195feea7dadc47cb38ff452b
legacy,validation,impostor,107,107_4,108_8,140,140,75,79,286,344.98,f556895e399849a346920a32cad7a8e6421e7c816d79513bedfee476f22b3933,af8f826f893799cc2ccbf8536992d90e34f237f8a072a4295414711673b036de
legacy,validation,impostor,107,107_5,108_6,140,140,72,77,239,360.57,b8510b9fb5867c20739b11c79915076bae169d8730be6cbf41ff3253e3cee440,32ad84bf727a93d486393cb97bd78d51e8374902e19537d8c2d4deb74cf909e2
legacy,validation,impostor,107,107_5,108_7,140,140,72,78,235,342.75,b8510b9fb5867c20739b11c79915076bae169d8730be6cbf41ff3253e3cee440,d42894485daa4bdf77ea6be7dd43ff442d936c8a195feea7dadc47cb38ff452b
legacy,validation,impostor,107,107_5,108_8,140,140,72,79,236,350.28,b8510b9fb5867c20739b11c79915076bae169d8730be6cbf41ff3253e3cee440,af8f826f893799cc2ccbf8536992d90e34f237f8a072a4295414711673b036de
legacy,validation,impostor,107,107_6,108_7,140,140,74,78,249,378.67,c7f85ac1e7e6063d333932685d4080d808d52e29a883de1e978c0ea287546c2c,d42894485daa4bdf77ea6be7dd43ff442d936c8a195feea7dadc47cb38ff452b
legacy,validation,impostor,107,107_6,108_8,140,140,74,79,247,351.35,c7f85ac1e7e6063d333932685d4080d808d52e29a883de1e978c0ea287546c2c,af8f826f893799cc2ccbf8536992d90e34f237f8a072a4295414711673b036de
legacy,validation,impostor,107,107_7,108_8,140,140,71,79,208,865.5,120c0ff19752ea9ceb04942bef82cba4867bb06329272b843dda32e417b34a72,af8f826f893799cc2ccbf8536992d90e34f237f8a072a4295414711673b036de
legacy,validation,impostor,108,108_1,109_2,140,140,76,73,84,652.19,effc8818f805ca8f621ff604f497117d9b129aa6282440013b0b596f8b8e4a06,1f6499cc82d4fb76ef7aa7b8052878bdb5f316386523ee36e98a7aacfe0f70ee
legacy,validation,impostor,108,108_1,109_3,140,140,76,73,84,652.57,effc8818f805ca8f621ff604f497117d9b129aa6282440013b0b596f8b8e4a06,417445c934a6a0e76c38843b523e5bed4c57f910e690c62ebf55f4a764618ca9
legacy,validation,impostor,108,108_1,109_4,140,140,76,73,132,703.14,effc8818f805ca8f621ff604f497117d9b129aa6282440013b0b596f8b8e4a06,6383d3505ca83c1bf88151af44216e8ebcac4a8a1e772c21b3421a7fa8b201d6
legacy,validation,impostor,108,108_1,109_5,140,140,76,74,286,362.69,effc8818f805ca8f621ff604f497117d9b129aa6282440013b0b596f8b8e4a06,414d9abdd9730d0a0de8c2b15fddb205d28076df5408761a0908a5697a969bbb
legacy,validation,impostor,108,108_1,109_6,140,140,76,70,191,343.68,effc8818f805ca8f621ff604f497117d9b129aa6282440013b0b596f8b8e4a06,9e4acbc7d549236733333323beefbeceb935ad5e67fa2543e5ab2a56275c80c5
legacy,validation,impostor,108,108_1,109_7,140,140,76,75,223,1148.28,effc8818f805ca8f621ff604f497117d9b129aa6282440013b0b596f8b8e4a06,4779031d5a48cc060993f998000ebb6b29ee8aef45af9c4ce437b8e3f4a376e3
legacy,validation,impostor,108,108_1,109_8,140,140,76,72,18,365.77,effc8818f805ca8f621ff604f497117d9b129aa6282440013b0b596f8b8e4a06,5ee10d3503a2fbd774f0a59ab2a8226e4320f1fd41c247934a432c8c752fa642
legacy,validation,impostor,108,108_2,109_3,140,140,75,73,73,532.88,6a605fede2ad3c09da2af19bdfd58c920c4b269b474faf43a7cbb2427c4a8179,417445c934a6a0e76c38843b523e5bed4c57f910e690c62ebf55f4a764618ca9
legacy,validation,impostor,108,108_2,109_4,140,140,75,73,23,381.86,6a605fede2ad3c09da2af19bdfd58c920c4b269b474faf43a7cbb2427c4a8179,6383d3505ca83c1bf88151af44216e8ebcac4a8a1e772c21b3421a7fa8b201d6
legacy,validation,impostor,108,108_2,109_5,140,140,75,74,279,353.24,6a605fede2ad3c09da2af19bdfd58c920c4b269b474faf43a7cbb2427c4a8179,414d9abdd9730d0a0de8c2b15fddb205d28076df5408761a0908a5697a969bbb
legacy,validation,impostor,108,108_2,109_6,140,140,75,70,182,335.79,6a605fede2ad3c09da2af19bdfd58c920c4b269b474faf43a7cbb2427c4a8179,9e4acbc7d549236733333323beefbeceb935ad5e67fa2543e5ab2a56275c80c5
legacy,validation,impostor,108,108_2,109_7,140,140,75,75,27,410.1,6a605fede2ad3c09da2af19bdfd58c920c4b269b474faf43a7cbb2427c4a8179,4779031d5a48cc060993f998000ebb6b29ee8aef45af9c4ce437b8e3f4a376e3
legacy,validation,impostor,108,108_2,109_8,140,140,75,72,24,379.92,6a605fede2ad3c09da2af19bdfd58c920c4b269b474faf43a7cbb2427c4a8179,5ee10d3503a2fbd774f0a59ab2a8226e4320f1fd41c247934a432c8c752fa642
legacy,validation,impostor,108,108_3,109_4,140,140,76,73,92,577.34,0eea0b3d059c4594dbedb46a4cb3c040b39f78751568a8f65c295a277992db48,6383d3505ca83c1bf88151af44216e8ebcac4a8a1e772c21b3421a7fa8b201d6
legacy,validation,impostor,108,108_3,109_5,140,140,76,74,262,1178.89,0eea0b3d059c4594dbedb46a4cb3c040b39f78751568a8f65c295a277992db48,414d9abdd9730d0a0de8c2b15fddb205d28076df5408761a0908a5697a969bbb
legacy,validation,impostor,108,108_3,109_6,140,140,76,70,217,2338.89,0eea0b3d059c4594dbedb46a4cb3c040b39f78751568a8f65c295a277992db48,9e4acbc7d549236733333323beefbeceb935ad5e67fa2543e5ab2a56275c80c5
legacy,validation,impostor,108,108_3,109_7,140,140,76,75,214,374.14,0eea0b3d059c4594dbedb46a4cb3c040b39f78751568a8f65c295a277992db48,4779031d5a48cc060993f998000ebb6b29ee8aef45af9c4ce437b8e3f4a376e3
legacy,validation,impostor,108,108_3,109_8,140,140,76,72,17,322.96,0eea0b3d059c4594dbedb46a4cb3c040b39f78751568a8f65c295a277992db48,5ee10d3503a2fbd774f0a59ab2a8226e4320f1fd41c247934a432c8c752fa642
legacy,validation,impostor,108,108_4,109_5,140,140,77,74,293,396.93,c75d322a2af09ad76c57c0777424e359232cf47d3ccbe3483b6d60737fa537b9,414d9abdd9730d0a0de8c2b15fddb205d28076df5408761a0908a5697a969bbb
legacy,validation,impostor,108,108_4,109_6,140,140,77,70,187,494.55,c75d322a2af09ad76c57c0777424e359232cf47d3ccbe3483b6d60737fa537b9,9e4acbc7d549236733333323beefbeceb935ad5e67fa2543e5ab2a56275c80c5
legacy,validation,impostor,108,108_4,109_7,140,140,77,75,196,1260.87,c75d322a2af09ad76c57c0777424e359232cf47d3ccbe3483b6d60737fa537b9,4779031d5a48cc060993f998000ebb6b29ee8aef45af9c4ce437b8e3f4a376e3
legacy,validation,impostor,108,108_4,109_8,140,140,77,72,219,419.68,c75d322a2af09ad76c57c0777424e359232cf47d3ccbe3483b6d60737fa537b9,5ee10d3503a2fbd774f0a59ab2a8226e4320f1fd41c247934a432c8c752fa642
legacy,validation,impostor,108,108_5,109_6,140,140,78,70,205,617.32,9ad5417e5ef34e74f3f0b01ecf4e261914ccb309b2a2ebadcac0df4e43562c03,9e4acbc7d549236733333323beefbeceb935ad5e67fa2543e5ab2a56275c80c5
legacy,validation,impostor,108,108_5,109_7,140,140,78,75,29,388.29,9ad5417e5ef34e74f3f0b01ecf4e261914ccb309b2a2ebadcac0df4e43562c03,4779031d5a48cc060993f998000ebb6b29ee8aef45af9c4ce437b8e3f4a376e3
legacy,validation,impostor,108,108_5,109_8,140,140,78,72,20,350.18,9ad5417e5ef34e74f3f0b01ecf4e261914ccb309b2a2ebadcac0df4e43562c03,5ee10d3503a2fbd774f0a59ab2a8226e4320f1fd41c247934a432c8c752fa642
legacy,validation,impostor,108,108_6,109_7,140,140,77,75,212,937.29,32ad84bf727a93d486393cb97bd78d51e8374902e19537d8c2d4deb74cf909e2,4779031d5a48cc060993f998000ebb6b29ee8aef45af9c4ce437b8e3f4a376e3
legacy,validation,impostor,108,108_6,109_8,140,140,77,72,224,658.48,32ad84bf727a93d486393cb97bd78d51e8374902e19537d8c2d4deb74cf909e2,5ee10d3503a2fbd774f0a59ab2a8226e4320f1fd41c247934a432c8c752fa642
legacy,validation,impostor,108,108_7,109_8,140,140,78,72,219,569.54,d42894485daa4bdf77ea6be7dd43ff442d936c8a195feea7dadc47cb38ff452b,5ee10d3503a2fbd774f0a59ab2a8226e4320f1fd41c247934a432c8c752fa642
legacy,validation,impostor,109,109_1,110_2,140,140,74,72,234,377.35,5a3f648dc2b9d5314003168934beecdc89f03e2865ba2cc3d39eab3de82d4a5d,93e3def186f910fa3e16efdcc7957936986cd1f030fe55b08e646c78593ec494
legacy,validation,impostor,109,109_1,110_3,140,140,74,76,235,346.01,5a3f648dc2b9d5314003168934beecdc89f03e2865ba2cc3d39eab3de82d4a5d,a38e2064ab5f6645f49858a1c2e30027755e1c925caf5ff64fe460312d1e3254
legacy,validation,impostor,109,109_1,110_4,140,140,74,76,227,325.91,5a3f648dc2b9d5314003168934beecdc89f03e2865ba2cc3d39eab3de82d4a5d,386ae83e5d0baa094d1e24fd40b44195592cdebb20b58c90e922e4380707e429
legacy,validation,impostor,109,109_1,110_5,140,140,74,74,223,361.44,5a3f648dc2b9d5314003168934beecdc89f03e2865ba2cc3d39eab3de82d4a5d,55da6102a20556c4e77f3731444e595856522a1a83fd774e59d5ac37b9d8a3df
legacy,validation,impostor,109,109_1,110_6,140,140,74,75,212,344.76,5a3f648dc2b9d5314003168934beecdc89f03e2865ba2cc3d39eab3de82d4a5d,2692302877503af865b11c2889c0ad2c9038935cff28f67e64634e65b7079429
legacy,validation,impostor,109,109_1,110_7,140,140,74,73,126,592.13,5a3f648dc2b9d5314003168934beecdc89f03e2865ba2cc3d39eab3de82d4a5d,2433bc5f8922541d0fa116c582b9b39fe06eb8bc03de35a66d796260c069249d
legacy,validation,impostor,109,109_1,110_8,140,140,74,73,171,365.57,5a3f648dc2b9d5314003168934beecdc89f03e2865ba2cc3d39eab3de82d4a5d,1974221e915cbcd6d2cc1570f781c5c4e0c08e00e477f5a040274782638e4005
legacy,validation,impostor,109,109_2,110_3,140,140,73,76,120,870.61,1f6499cc82d4fb76ef7aa7b8052878bdb5f316386523ee36e98a7aacfe0f70ee,a38e2064ab5f6645f49858a1c2e30027755e1c925caf5ff64fe460312d1e3254
legacy,validation,impostor,109,109_2,110_4,140,140,73,76,118,835.69,1f6499cc82d4fb76ef7aa7b8052878bdb5f316386523ee36e98a7aacfe0f70ee,386ae83e5d0baa094d1e24fd40b44195592cdebb20b58c90e922e4380707e429
legacy,validation,impostor,109,109_2,110_5,140,140,73,74,109,952.21,1f6499cc82d4fb76ef7aa7b8052878bdb5f316386523ee36e98a7aacfe0f70ee,55da6102a20556c4e77f3731444e595856522a1a83fd774e59d5ac37b9d8a3df
legacy,validation,impostor,109,109_2,110_6,140,140,73,75,108,776.5,1f6499cc82d4fb76ef7aa7b8052878bdb5f316386523ee36e98a7aacfe0f70ee,2692302877503af865b11c2889c0ad2c9038935cff28f67e64634e65b7079429
legacy,validation,impostor,109,109_2,110_7,140,140,73,73,60,340.94,1f6499cc82d4fb76ef7aa7b8052878bdb5f316386523ee36e98a7aacfe0f70ee,2433bc5f8922541d0fa116c582b9b39fe06eb8bc03de35a66d796260c069249d
legacy,validation,impostor,109,109_2,110_8,140,140,73,73,123,656.09,1f6499cc82d4fb76ef7aa7b8052878bdb5f316386523ee36e98a7aacfe0f70ee,1974221e915cbcd6d2cc1570f781c5c4e0c08e00e477f5a040274782638e4005
legacy,validation,impostor,109,109_3,110_4,140,140,73,76,96,579.74,417445c934a6a0e76c38843b523e5bed4c57f910e690c62ebf55f4a764618ca9,386ae83e5d0baa094d1e24fd40b44195592cdebb20b58c90e922e4380707e429
legacy,validation,impostor,109,109_3,110_5,140,140,73,74,83,665.95,417445c934a6a0e76c38843b523e5bed4c57f910e690c62ebf55f4a764618ca9,55da6102a20556c4e77f3731444e595856522a1a83fd774e59d5ac37b9d8a3df
legacy,validation,impostor,109,109_3,110_6,140,140,73,75,81,631.31,417445c934a6a0e76c38843b523e5bed4c57f910e690c62ebf55f4a764618ca9,2692302877503af865b11c2889c0ad2c9038935cff28f67e64634e65b7079429
legacy,validation,impostor,109,109_3,110_7,140,140,73,73,112,341.39,417445c934a6a0e76c38843b523e5bed4c57f910e690c62ebf55f4a764618ca9,2433bc5f8922541d0fa116c582b9b39fe06eb8bc03de35a66d796260c069249d
legacy,validation,impostor,109,109_3,110_8,140,140,73,73,70,426.69,417445c934a6a0e76c38843b523e5bed4c57f910e690c62ebf55f4a764618ca9,1974221e915cbcd6d2cc1570f781c5c4e0c08e00e477f5a040274782638e4005
legacy,validation,impostor,109,109_4,110_5,140,140,73,74,125,1066.96,6383d3505ca83c1bf88151af44216e8ebcac4a8a1e772c21b3421a7fa8b201d6,55da6102a20556c4e77f3731444e595856522a1a83fd774e59d5ac37b9d8a3df
legacy,validation,impostor,109,109_4,110_6,140,140,73,75,125,885.93,6383d3505ca83c1bf88151af44216e8ebcac4a8a1e772c21b3421a7fa8b201d6,2692302877503af865b11c2889c0ad2c9038935cff28f67e64634e65b7079429
legacy,validation,impostor,109,109_4,110_7,140,140,73,73,67,256.44,6383d3505ca83c1bf88151af44216e8ebcac4a8a1e772c21b3421a7fa8b201d6,2433bc5f8922541d0fa116c582b9b39fe06eb8bc03de35a66d796260c069249d
legacy,validation,impostor,109,109_4,110_8,140,140,73,73,42,389,6383d3505ca83c1bf88151af44216e8ebcac4a8a1e772c21b3421a7fa8b201d6,1974221e915cbcd6d2cc1570f781c5c4e0c08e00e477f5a040274782638e4005
legacy,validation,impostor,109,109_5,110_6,140,140,74,75,226,359.4,414d9abdd9730d0a0de8c2b15fddb205d28076df5408761a0908a5697a969bbb,2692302877503af865b11c2889c0ad2c9038935cff28f67e64634e65b7079429
legacy,validation,impostor,109,109_5,110_7,140,140,74,73,97,402.56,414d9abdd9730d0a0de8c2b15fddb205d28076df5408761a0908a5697a969bbb,2433bc5f8922541d0fa116c582b9b39fe06eb8bc03de35a66d796260c069249d
legacy,validation,impostor,109,109_5,110_8,140,140,74,73,166,662.76,414d9abdd9730d0a0de8c2b15fddb205d28076df5408761a0908a5697a969bbb,1974221e915cbcd6d2cc1570f781c5c4e0c08e00e477f5a040274782638e4005
legacy,validation,impostor,109,109_6,110_7,140,140,70,73,84,498.01,9e4acbc7d549236733333323beefbeceb935ad5e67fa2543e5ab2a56275c80c5,2433bc5f8922541d0fa116c582b9b39fe06eb8bc03de35a66d796260c069249d
legacy,validation,impostor,109,109_6,110_8,140,140,70,73,165,479.7,9e4acbc7d549236733333323beefbeceb935ad5e67fa2543e5ab2a56275c80c5,1974221e915cbcd6d2cc1570f781c5c4e0c08e00e477f5a040274782638e4005
legacy,validation,impostor,109,109_7,110_8,140,140,75,73,60,511.18,4779031d5a48cc060993f998000ebb6b29ee8aef45af9c4ce437b8e3f4a376e3,1974221e915cbcd6d2cc1570f781c5c4e0c08e00e477f5a040274782638e4005
legacy,validation,impostor,110,110_1,101_2,140,140,72,76,230,1486.14,f9180c4deb2b35902346c95f6664387d9ed1e69edc7873bc794a03db8564170a,7fe2df44ffd7e70310b78e590388cb9ad69567d004f36a7ca6d183137e981dd3
legacy,validation,impostor,110,110_1,101_3,140,140,72,71,78,464.53,f9180c4deb2b35902346c95f6664387d9ed1e69edc7873bc794a03db8564170a,868ba2378c8c3b528d348f71960a20a1669f5b8662527a0dbfb5067b2c7e7e05
legacy,validation,impostor,110,110_1,101_4,140,140,72,72,275,1648.01,f9180c4deb2b35902346c95f6664387d9ed1e69edc7873bc794a03db8564170a,48aecebf751b608790fc7c0f57ce6c1da4030263b7e6f6cbd47418b026bb4bd7
legacy,validation,impostor,110,110_1,101_5,140,140,72,73,241,1669.12,f9180c4deb2b35902346c95f6664387d9ed1e69edc7873bc794a03db8564170a,4f8324194b729ad6ec2d08d58a9bbba3d85a1d1d4e16487c1fead278795388fc
legacy,validation,impostor,110,110_1,101_6,140,140,72,74,66,391.88,f9180c4deb2b35902346c95f6664387d9ed1e69edc7873bc794a03db8564170a,4b42e59a7336be4817774e9ec0e9c4aaa3e45f556a03b75f190aacc6a4067581
legacy,validation,impostor,110,110_1,101_7,140,140,72,74,95,493.55,f9180c4deb2b35902346c95f6664387d9ed1e69edc7873bc794a03db8564170a,22012d41b299c696726703c188e374c1678cce37d06640c083f7f45d48d32c0a
legacy,validation,impostor,110,110_1,101_8,140,140,72,72,230,641.55,f9180c4deb2b35902346c95f6664387d9ed1e69edc7873bc794a03db8564170a,2cd89d2aef9c8e0ab5eb14d47574d934101e98aa98f334bb0d48fbd65bb15031
legacy,validation,impostor,110,110_2,101_3,140,140,72,71,195,640.55,93e3def186f910fa3e16efdcc7957936986cd1f030fe55b08e646c78593ec494,868ba2378c8c3b528d348f71960a20a1669f5b8662527a0dbfb5067b2c7e7e05
legacy,validation,impostor,110,110_2,101_4,140,140,72,72,261,356.64,93e3def186f910fa3e16efdcc7957936986cd1f030fe55b08e646c78593ec494,48aecebf751b608790fc7c0f57ce6c1da4030263b7e6f6cbd47418b026bb4bd7
legacy,validation,impostor,110,110_2,101_5,140,140,72,73,263,471.49,93e3def186f910fa3e16efdcc7957936986cd1f030fe55b08e646c78593ec494,4f8324194b729ad6ec2d08d58a9bbba3d85a1d1d4e16487c1fead278795388fc
legacy,validation,impostor,110,110_2,101_6,140,140,72,74,84,718.23,93e3def186f910fa3e16efdcc7957936986cd1f030fe55b08e646c78593ec494,4b42e59a7336be4817774e9ec0e9c4aaa3e45f556a03b75f190aacc6a4067581
legacy,validation,impostor,110,110_2,101_7,140,140,72,74,237,585.87,93e3def186f910fa3e16efdcc7957936986cd1f030fe55b08e646c78593ec494,22012d41b299c696726703c188e374c1678cce37d06640c083f7f45d48d32c0a
legacy,validation,impostor,110,110_2,101_8,140,140,72,72,245,344.66,93e3def186f910fa3e16efdcc7957936986cd1f030fe55b08e646c78593ec494,2cd89d2aef9c8e0ab5eb14d47574d934101e98aa98f334bb0d48fbd65bb15031
legacy,validation,impostor,110,110_3,101_4,140,140,76,72,262,461.29,a38e2064ab5f6645f49858a1c2e30027755e1c925caf5ff64fe460312d1e3254,48aecebf751b608790fc7c0f57ce6c1da4030263b7e6f6cbd47418b026bb4bd7
legacy,validation,impostor,110,110_3,101_5,140,140,76,73,270,484,a38e2064ab5f6645f49858a1c2e30027755e1c925caf5ff64fe460312d1e3254,4f8324194b729ad6ec2d08d58a9bbba3d85a1d1d4e16487c1fead278795388fc
legacy,validation,impostor,110,110_3,101_6,140,140,76,74,77,573.83,a38e2064ab5f6645f49858a1c2e30027755e1c925caf5ff64fe460312d1e3254,4b42e59a7336be4817774e9ec0e9c4aaa3e45f556a03b75f190aacc6a4067581
legacy,validation,impostor,110,110_3,101_7,140,140,76,74,240,653.11,a38e2064ab5f6645f49858a1c2e30027755e1c925caf5ff64fe460312d1e3254,22012d41b299c696726703c188e374c1678cce37d06640c083f7f45d48d32c0a
legacy,validation,impostor,110,110_3,101_8,140,140,76,72,248,501.42,a38e2064ab5f6645f49858a1c2e30027755e1c925caf5ff64fe460312d1e3254,2cd89d2aef9c8e0ab5eb14d47574d934101e98aa98f334bb0d48fbd65bb15031
legacy,validation,impostor,110,110_4,101_5,140,140,76,73,267,455.94,386ae83e5d0baa094d1e24fd40b44195592cdebb20b58c90e922e4380707e429,4f8324194b729ad6ec2d08d58a9bbba3d85a1d1d4e16487c1fead278795388fc
legacy,validation,impostor,110,110_4,101_6,140,140,76,74,83,668.17,386ae83e5d0baa094d1e24fd40b44195592cdebb20b58c90e922e4380707e429,4b42e59a7336be4817774e9ec0e9c4aaa3e45f556a03b75f190aacc6a4067581
legacy,validation,impostor,110,110_4,101_7,140,140,76,74,242,698.77,386ae83e5d0baa094d1e24fd40b44195592cdebb20b58c90e922e4380707e429,22012d41b299c696726703c188e374c1678cce37d06640c083f7f45d48d32c0a
legacy,validation,impostor,110,110_4,101_8,140,140,76,72,242,340.06,386ae83e5d0baa094d1e24fd40b44195592cdebb20b58c90e922e4380707e429,2cd89d2aef9c8e0ab5eb14d47574d934101e98aa98f334bb0d48fbd65bb15031
legacy,validation,impostor,110,110_5,101_6,140,140,74,74,95,597.4,55da6102a20556c4e77f3731444e595856522a1a83fd774e59d5ac37b9d8a3df,4b42e59a7336be4817774e9ec0e9c4aaa3e45f556a03b75f190aacc6a4067581
legacy,validation,impostor,110,110_5,101_7,140,140,74,74,217,606.33,55da6102a20556c4e77f3731444e595856522a1a83fd774e59d5ac37b9d8a3df,22012d41b299c696726703c188e374c1678cce37d06640c083f7f45d48d32c0a
legacy,validation,impostor,110,110_5,101_8,140,140,74,72,225,347.24,55da6102a20556c4e77f3731444e595856522a1a83fd774e59d5ac37b9d8a3df,2cd89d2aef9c8e0ab5eb14d47574d934101e98aa98f334bb0d48fbd65bb15031
legacy,validation,impostor,110,110_6,101_7,140,140,75,74,213,434.04,2692302877503af865b11c2889c0ad2c9038935cff28f67e64634e65b7079429,22012d41b299c696726703c188e374c1678cce37d06640c083f7f45d48d32c0a
legacy,validation,impostor,110,110_6,101_8,140,140,75,72,213,332.27,2692302877503af865b11c2889c0ad2c9038935cff28f67e64634e65b7079429,2cd89d2aef9c8e0ab5eb14d47574d934101e98aa98f334bb0d48fbd65bb15031
legacy,validation,impostor,110,110_7,101_8,140,140,73,72,170,811.04,2433bc5f8922541d0fa116c582b9b39fe06eb8bc03de35a66d796260c069249d,2cd89d2aef9c8e0ab5eb14d47574d934101e98aa98f334bb0d48fbd65bb15031
