feed,split,label,subject,probe,reference,probeMinutiae,referenceMinutiae,probeQuality,referenceQuality,score,durationMs,probeTemplateHash,referenceTemplateHash
sourceafis,train,genuine,101,101_1,101_2,29,42,,,24,353.09,5e6ab7051504d7261bc8c93d92c096a9dff916b92bd2fdecf8a26871a79a4376,4aabb4d65a28b56e0972aade044b70ececeef26d6760c0c27f12b40f0012556f
sourceafis,train,genuine,101,101_1,101_3,29,24,,,3,248.61,5e6ab7051504d7261bc8c93d92c096a9dff916b92bd2fdecf8a26871a79a4376,4c22f3a04a590ae26532f23d3485ec3f52739731e7dfec071fbf352cc43c4810
sourceafis,train,genuine,101,101_1,101_4,29,71,,,6,313.06,5e6ab7051504d7261bc8c93d92c096a9dff916b92bd2fdecf8a26871a79a4376,122dbb9a32571a35e6d55e2a6ccc882b61337b3a9b755c63c28f3324aca77151
sourceafis,train,genuine,101,101_1,101_5,29,47,,,23,273.81,5e6ab7051504d7261bc8c93d92c096a9dff916b92bd2fdecf8a26871a79a4376,97af114bc7552cf3774a25d6b1889c503d0954a5933cf5c100431a3d4d0321d3
sourceafis,train,genuine,101,101_1,101_6,29,44,,,33,289.99,5e6ab7051504d7261bc8c93d92c096a9dff916b92bd2fdecf8a26871a79a4376,9345470dade59f65098836d8a512d4a3492e3f8bbd0c7b30f8b15d9bc95fba52
sourceafis,train,genuine,101,101_1,101_7,29,29,,,33,271.37,5e6ab7051504d7261bc8c93d92c096a9dff916b92bd2fdecf8a26871a79a4376,82663dd77ab163c462b820fc3c3087d5cf5e8011554daadcd6df412609c8f708
sourceafis,train,genuine,101,101_1,101_8,29,41,,,32,276.68,5e6ab7051504d7261bc8c93d92c096a9dff916b92bd2fdecf8a26871a79a4376,c89e6612e315373aedde6197549741f1a627d88d51e029c9103104eee2f00961
sourceafis,train,genuine,101,101_2,101_3,42,24,,,7,257.16,4aabb4d65a28b56e0972aade044b70ececeef26d6760c0c27f12b40f0012556f,4c22f3a04a590ae26532f23d3485ec3f52739731e7dfec071fbf352cc43c4810
sourceafis,train,genuine,101,101_2,101_4,42,71,,,10,250.48,4aabb4d65a28b56e0972aade044b70ececeef26d6760c0c27f12b40f0012556f,122dbb9a32571a35e6d55e2a6ccc882b61337b3a9b755c63c28f3324aca77151
sourceafis,train,genuine,101,101_2,101_5,42,47,,,28,291.11,4aabb4d65a28b56e0972aade044b70ececeef26d6760c0c27f12b40f0012556f,97af114bc7552cf3774a25d6b1889c503d0954a5933cf5c100431a3d4d0321d3
sourceafis,train,genuine,101,101_2,101_6,42,44,,,49,423.41,4aabb4d65a28b56e0972aade044b70ececeef26d6760c0c27f12b40f0012556f,9345470dade59f65098836d8a512d4a3492e3f8bbd0c7b30f8b15d9bc95fba52
sourceafis,train,genuine,101,101_2,101_7,42,29,,,57,277.46,4aabb4d65a28b56e0972aade044b70ececeef26d6760c0c27f12b40f0012556f,82663dd77ab163c462b820fc3c3087d5cf5e8011554daadcd6df412609c8f708
sourceafis,train,genuine,101,101_2,101_8,42,41,,,41,275.38,4aabb4d65a28b56e0972aade044b70ececeef26d6760c0c27f12b40f0012556f,c89e6612e315373aedde6197549741f1a627d88d51e029c9103104eee2f00961
sourceafis,train,genuine,101,101_3,101_4,24,71,,,17,258.6,4c22f3a04a590ae26532f23d3485ec3f52739731e7dfec071fbf352cc43c4810,122dbb9a32571a35e6d55e2a6ccc882b61337b3a9b755c63c28f3324aca77151
sourceafis,train,genuine,101,101_3,101_5,24,47,,,5,263.14,4c22f3a04a590ae26532f23d3485ec3f52739731e7dfec071fbf352cc43c4810,97af114bc7552cf3774a25d6b1889c503d0954a5933cf5c100431a3d4d0321d3
sourceafis,train,genuine,101,101_3,101_6,24,44,,,61,275.87,4c22f3a04a590ae26532f23d3485ec3f52739731e7dfec071fbf352cc43c4810,9345470dade59f65098836d8a512d4a3492e3f8bbd0c7b30f8b15d9bc95fba52
sourceafis,train,genuine,101,101_3,101_7,24,29,,,5,311.5,4c22f3a04a590ae26532f23d3485ec3f52739731e7dfec071fbf352cc43c4810,82663dd77ab163c462b820fc3c3087d5cf5e8011554daadcd6df412609c8f708
sourceafis,train,genuine,101,101_3,101_8,24,41,,,6,462.63,4c22f3a04a590ae26532f23d3485ec3f52739731e7dfec071fbf352cc43c4810,c89e6612e315373aedde6197549741f1a627d88d51e029c9103104eee2f00961
sourceafis,train,genuine,101,101_4,101_5,71,47,,,16,252.58,122dbb9a32571a35e6d55e2a6ccc882b61337b3a9b755c63c28f3324aca77151,97af114bc7552cf3774a25d6b1889c503d0954a5933cf5c100431a3d4d0321d3
sourceafis,train,genuine,101,101_4,101_6,71,44,,,45,279.48,122dbb9a32571a35e6d55e2a6ccc882b61337b3a9b755c63c28f3324aca77151,9345470dade59f65098836d8a512d4a3492e3f8bbd0c7b30f8b15d9bc95fba52
sourceafis,train,genuine,101,101_4,101_7,71,29,,,8,250.17,122dbb9a32571a35e6d55e2a6ccc882b61337b3a9b755c63c28f3324aca77151,82663dd77ab163c462b820fc3c3087d5cf5e8011554daadcd6df412609c8f708
sourceafis,train,genuine,101,101_4,101_8,71,41,,,9,281.47,122dbb9a32571a35e6d55e2a6ccc882b61337b3a9b755c63c28f3324aca77151,c89e6612e315373aedde6197549741f1a627d88d51e029c9103104eee2f00961
sourceafis,train,genuine,101,101_5,101_6,47,44,,,41,252.12,97af114bc7552cf3774a25d6b1889c503d0954a5933cf5c100431a3d4d0321d3,9345470dade59f65098836d8a512d4a3492e3f8bbd0c7b30f8b15d9bc95fba52
sourceafis,train,genuine,101,101_5,101_7,47,29,,,34,271.93,97af114bc7552cf3774a25d6b1889c503d0954a5933cf5c100431a3d4d0321d3,82663dd77ab163c462b820fc3c3087d5cf5e8011554daadcd6df412609c8f708
sourceafis,train,genuine,101,101_5,101_8,47,41,,,32,263.53,97af114bc7552cf3774a25d6b1889c503d0954a5933cf5c100431a3d4d0321d3,c89e6612e315373aedde6197549741f1a627d88d51e029c9103104eee2f00961
sourceafis,train,genuine,101,101_6,101_7,44,29,,,24,278.12,9345470dade59f65098836d8a512d4a3492e3f8bbd0c7b30f8b15d9bc95fba52,82663dd77ab163c462b820fc3c3087d5cf5e8011554daadcd6df412609c8f708
sourceafis,train,genuine,101,101_6,101_8,44,41,,,62,282.33,9345470dade59f65098836d8a512d4a3492e3f8bbd0c7b30f8b15d9bc95fba52,c89e6612e315373aedde6197549741f1a627d88d51e029c9103104eee2f00961
sourceafis,train,genuine,101,101_7,101_8,29,41,,,27,291.18,82663dd77ab163c462b820fc3c3087d5cf5e8011554daadcd6df412609c8f708,c89e6612e315373aedde6197549741f1a627d88d51e029c9103104eee2f00961
sourceafis,train,genuine,102,102_1,102_2,63,59,,,271,469.61,cef232da98a710c36805119f1dbcf7e166abe368c30a51dd08fac5a018bec564,dee5bc5c95217b5c1577b66043057fcecc5035ff257ee22f961e3355c6225ece
sourceafis,train,genuine,102,102_1,102_3,63,46,,,137,281.81,cef232da98a710c36805119f1dbcf7e166abe368c30a51dd08fac5a018bec564,6d0f026f47a34eb537db49623f3f849e7cd386b2549594afedabb3f23b521c59
sourceafis,train,genuine,102,102_1,102_4,63,53,,,175,275.28,cef232da98a710c36805119f1dbcf7e166abe368c30a51dd08fac5a018bec564,abc37af4fe0eebb1efb9463ba6aafd8b6a70cc38ccb07a0fc72a2af5f6499ef4
sourceafis,train,genuine,102,102_1,102_5,63,55,,,167,292.93,cef232da98a710c36805119f1dbcf7e166abe368c30a51dd08fac5a018bec564,912a1dcdffc1738ec3ee239991793b37490ad53f406fe49844dd44e5055981cd
sourceafis,train,genuine,102,102_1,102_6,63,47,,,60,278.74,cef232da98a710c36805119f1dbcf7e166abe368c30a51dd08fac5a018bec564,0689a46cd0c5e0d6d2c6838d3958ef5d4c059b36cff4eef3930649b832b34b98
sourceafis,train,genuine,102,102_1,102_7,63,58,,,221,274.73,cef232da98a710c36805119f1dbcf7e166abe368c30a51dd08fac5a018bec564,8007c9e8e5fdc7e3dd1e8ecfaad4f23c498ddacd12a296be6b23fa12ba0ece56
sourceafis,train,genuine,102,102_1,102_8,63,54,,,195,297.92,cef232da98a710c36805119f1dbcf7e166abe368c30a51dd08fac5a018bec564,d7fe4448f54ba2f822da02da19896daac06d42f8f5fb4720bf46b6e3085e341a
sourceafis,train,genuine,102,102_2,102_3,59,46,,,135,303.85,dee5bc5c95217b5c1577b66043057fcecc5035ff257ee22f961e3355c6225ece,6d0f026f47a34eb537db49623f3f849e7cd386b2549594afedabb3f23b521c59
sourceafis,train,genuine,102,102_2,102_4,59,53,,,204,297.93,dee5bc5c95217b5c1577b66043057fcecc5035ff257ee22f961e3355c6225ece,abc37af4fe0eebb1efb9463ba6aafd8b6a70cc38ccb07a0fc72a2af5f6499ef4
sourceafis,train,genuine,102,102_2,102_5,59,55,,,172,289.21,dee5bc5c95217b5c1577b66043057fcecc5035ff257ee22f961e3355c6225ece,912a1dcdffc1738ec3ee239991793b37490ad53f406fe49844dd44e5055981cd
sourceafis,train,genuine,102,102_2,102_6,59,47,,,45,285.02,dee5bc5c95217b5c1577b66043057fcecc5035ff257ee22f961e3355c6225ece,0689a46cd0c5e0d6d2c6838d3958ef5d4c059b36cff4eef3930649b832b34b98
sourceafis,train,genuine,102,102_2,102_7,59,58,,,240,293.72,dee5bc5c95217b5c1577b66043057fcecc5035ff257ee22f961e3355c6225ece,8007c9e8e5fdc7e3dd1e8ecfaad4f23c498ddacd12a296be6b23fa12ba0ece56
sourceafis,train,genuine,102,102_2,102_8,59,54,,,228,306.82,dee5bc5c95217b5c1577b66043057fcecc5035ff257ee22f961e3355c6225ece,d7fe4448f54ba2f822da02da19896daac06d42f8f5fb4720bf46b6e3085e341a
sourceafis,train,genuine,102,102_3,102_4,46,53,,,183,283.5,6d0f026f47a34eb537db49623f3f849e7cd386b2549594afedabb3f23b521c59,abc37af4fe0eebb1efb9463ba6aafd8b6a70cc38ccb07a0fc72a2af5f6499ef4
sourceafis,train,genuine,102,102_3,102_5,46,55,,,104,292.85,6d0f026f47a34eb537db49623f3f849e7cd386b2549594afedabb3f23b521c59,912a1dcdffc1738ec3ee239991793b37490ad53f406fe49844dd44e5055981cd
sourceafis,train,genuine,102,102_3,102_6,46,47,,,118,356.05,6d0f026f47a34eb537db49623f3f849e7cd386b2549594afedabb3f23b521c59,0689a46cd0c5e0d6d2c6838d3958ef5d4c059b36cff4eef3930649b832b34b98
sourceafis,train,genuine,102,102_3,102_7,46,58,,,137,297.38,6d0f026f47a34eb537db49623f3f849e7cd386b2549594afedabb3f23b521c59,8007c9e8e5fdc7e3dd1e8ecfaad4f23c498ddacd12a296be6b23fa12ba0ece56
sourceafis,train,genuine,102,102_3,102_8,46,54,,,106,416.74,6d0f026f47a34eb537db49623f3f849e7cd386b2549594afedabb3f23b521c59,d7fe4448f54ba2f822da02da19896daac06d42f8f5fb4720bf46b6e3085e341a
sourceafis,train,genuine,102,102_4,102_5,53,55,,,121,295.84,abc37af4fe0eebb1efb9463ba6aafd8b6a70cc38ccb07a0fc72a2af5f6499ef4,912a1dcdffc1738ec3ee239991793b37490ad53f406fe49844dd44e5055981cd
sourceafis,train,genuine,102,102_4,102_6,53,47,,,70,259.86,abc37af4fe0eebb1efb9463ba6aafd8b6a70cc38ccb07a0fc72a2af5f6499ef4,0689a46cd0c5e0d6d2c6838d3958ef5d4c059b36cff4eef3930649b832b34b98
sourceafis,train,genuine,102,102_4,102_7,53,58,,,148,260.89,abc37af4fe0eebb1efb9463ba6aafd8b6a70cc38ccb07a0fc72a2af5f6499ef4,8007c9e8e5fdc7e3dd1e8ecfaad4f23c498ddacd12a296be6b23fa12ba0ece56
sourceafis,train,genuine,102,102_4,102_8,53,54,,,207,301.93,abc37af4fe0eebb1efb9463ba6aafd8b6a70cc38ccb07a0fc72a2af5f6499ef4,d7fe4448f54ba2f822da02da19896daac06d42f8f5fb4720bf46b6e3085e341a
sourceafis,train,genuine,102,102_5,102_6,55,47,,,39,264.9,912a1dcdffc1738ec3ee239991793b37490ad53f406fe49844dd44e5055981cd,0689a46cd0c5e0d6d2c6838d3958ef5d4c059b36cff4eef3930649b832b34b98
sourceafis,train,genuine,102,102_5,102_7,55,58,,,173,268.99,912a1dcdffc1738ec3ee239991793b37490ad53f406fe49844dd44e5055981cd,8007c9e8e5fdc7e3dd1e8ecfaad4f23c498ddacd12a296be6b23fa12ba0ece56
sourceafis,train,genuine,102,102_5,102_8,55,54,,,137,280.34,912a1dcdffc1738ec3ee239991793b37490ad53f406fe49844dd44e5055981cd,d7fe4448f54ba2f822da02da19896daac06d42f8f5fb4720bf46b6e3085e341a
sourceafis,train,genuine,102,102_6,102_7,47,58,,,65,266.9,0689a46cd0c5e0d6d2c6838d3958ef5d4c059b36cff4eef3930649b832b34b98,8007c9e8e5fdc7e3dd1e8ecfaad4f23c498ddacd12a296be6b23fa12ba0ece56
sourceafis,train,genuine,102,102_6,102_8,47,54,,,41,271.13,0689a46cd0c5e0d6d2c6838d3958ef5d4c059b36cff4eef3930649b832b34b98,d7fe4448f54ba2f822da02da19896daac06d42f8f5fb4720bf46b6e3085e341a
sourceafis,train,genuine,102,102_7,102_8,58,54,,,163,260.9,8007c9e8e5fdc7e3dd1e8ecfaad4f23c498ddacd12a296be6b23fa12ba0ece56,d7fe4448f54ba2f822da02da19896daac06d42f8f5fb4720bf46b6e3085e341a
sourceafis,train,genuine,103,103_1,103_2,41,42,,,114,320.39,566ae74a6b35100d60ede7b3085ab14074ed44877c0232299631fc3e04da7b04,1d947686137f106cee0ac1011385fd157bbbeb9c464c01c906b6906b881c396d
sourceafis,train,genuine,103,103_1,103_3,41,43,,,215,309.66,566ae74a6b35100d60ede7b3085ab14074ed44877c0232299631fc3e04da7b04,5c06d70acec013379418aa97442c6602a2895576a078c34d0583105b727e8b83
sourceafis,train,genuine,103,103_1,103_4,41,29,,,21,265.99,566ae74a6b35100d60ede7b3085ab14074ed44877c0232299631fc3e04da7b04,ad443beaa4f963930bd2e864c703cbcd8c46bda62f5cff79ef4ee06c320d8ab8
sourceafis,train,genuine,103,103_1,103_5,41,41,,,69,278.58,566ae74a6b35100d60ede7b3085ab14074ed44877c0232299631fc3e04da7b04,3153139a4a42b1b9fc5b078bbc4fa0526627bdf32fe4e8a6080e0091937d9eaf
sourceafis,train,genuine,103,103_1,103_6,41,38,,,90,287.35,566ae74a6b35100d60ede7b3085ab14074ed44877c0232299631fc3e04da7b04,c2cca0189cd16ccb746ca3203ebba157e66f340863ae6e75109ec5b6d8963935
sourceafis,train,genuine,103,103_1,103_7,41,40,,,88,269.41,566ae74a6b35100d60ede7b3085ab14074ed44877c0232299631fc3e04da7b04,69a4063993354e94c9b4093eb022d3512e7fc88e021089805953b54ca1c1ea35
sourceafis,train,genuine,103,103_1,103_8,41,46,,,106,260.47,566ae74a6b35100d60ede7b3085ab14074ed44877c0232299631fc3e04da7b04,4116d840237cdeb226adcc89cbe2780ec72907576bf0d55f6230eef3d20985d8
sourceafis,train,genuine,103,103_2,103_3,42,43,,,309,429.68,1d947686137f106cee0ac1011385fd157bbbeb9c464c01c906b6906b881c396d,5c06d70acec013379418aa97442c6602a2895576a078c34d0583105b727e8b83
sourceafis,train,genuine,103,103_2,103_4,42,29,,,29,282.47,1d947686137f106cee0ac1011385fd157bbbeb9c464c01c906b6906b881c396d,ad443beaa4f963930bd2e864c703cbcd8c46bda62f5cff79ef4ee06c320d8ab8
sourceafis,train,genuine,103,103_2,103_5,42,41,,,145,270.87,1d947686137f106cee0ac1011385fd157bbbeb9c464c01c906b6906b881c396d,3153139a4a42b1b9fc5b078bbc4fa0526627bdf32fe4e8a6080e0091937d9eaf
sourceafis,train,genuine,103,103_2,103_6,42,38,,,280,304.99,1d947686137f106cee0ac1011385fd157bbbeb9c464c01c906b6906b881c396d,c2cca0189cd16ccb746ca3203ebba157e66f340863ae6e75109ec5b6d8963935
sourceafis,train,genuine,103,103_2,103_7,42,40,,,196,316.21,1d947686137f106cee0ac1011385fd157bbbeb9c464c01c906b6906b881c396d,69a4063993354e94c9b4093eb022d3512e7fc88e021089805953b54ca1c1ea35
sourceafis,train,genuine,103,103_2,103_8,42,46,,,134,289.13,1d947686137f106cee0ac1011385fd157bbbeb9c464c01c906b6906b881c396d,4116d840237cdeb226adcc89cbe2780ec72907576bf0d55f6230eef3d20985d8
sourceafis,train,genuine,103,103_3,103_4,43,29,,,55,276.75,5c06d70acec013379418aa97442c6602a2895576a078c34d0583105b727e8b83,ad443beaa4f963930bd2e864c703cbcd8c46bda62f5cff79ef4ee06c320d8ab8
sourceafis,train,genuine,103,103_3,103_5,43,41,,,136,287.85,5c06d70acec013379418aa97442c6602a2895576a078c34d0583105b727e8b83,3153139a4a42b1b9fc5b078bbc4fa0526627bdf32fe4e8a6080e0091937d9eaf
sourceafis,train,genuine,103,103_3,103_6,43,38,,,250,330.89,5c06d70acec013379418aa97442c6602a2895576a078c34d0583105b727e8b83,c2cca0189cd16ccb746ca3203ebba157e66f340863ae6e75109ec5b6d8963935
sourceafis,train,genuine,103,103_3,103_7,43,40,,,184,265.38,5c06d70acec013379418aa97442c6602a2895576a078c34d0583105b727e8b83,69a4063993354e94c9b4093eb022d3512e7fc88e021089805953b54ca1c1ea35
sourceafis,train,genuine,103,103_3,103_8,43,46,,,174,286.85,5c06d70acec013379418aa97442c6602a2895576a078c34d0583105b727e8b83,4116d840237cdeb226adcc89cbe2780ec72907576bf0d55f6230eef3d20985d8
sourceafis,train,genuine,103,103_4,103_5,29,41,,,139,284.11,ad443beaa4f963930bd2e864c703cbcd8c46bda62f5cff79ef4ee06c320d8ab8,3153139a4a42b1b9fc5b078bbc4fa0526627bdf32fe4e8a6080e0091937d9eaf
sourceafis,train,genuine,103,103_4,103_6,29,38,,,23,247.8,ad443beaa4f963930bd2e864c703cbcd8c46bda62f5cff79ef4ee06c320d8ab8,c2cca0189cd16ccb746ca3203ebba157e66f340863ae6e75109ec5b6d8963935
sourceafis,train,genuine,103,103_4,103_7,29,40,,,65,268.83,ad443beaa4f963930bd2e864c703cbcd8c46bda62f5cff79ef4ee06c320d8ab8,69a4063993354e94c9b4093eb022d3512e7fc88e021089805953b54ca1c1ea35
sourceafis,train,genuine,103,103_4,103_8,29,46,,,26,324.88,ad443beaa4f963930bd2e864c703cbcd8c46bda62f5cff79ef4ee06c320d8ab8,4116d840237cdeb226adcc89cbe2780ec72907576bf0d55f6230eef3d20985d8
sourceafis,train,genuine,103,103_5,103_6,41,38,,,81,272.22,3153139a4a42b1b9fc5b078bbc4fa0526627bdf32fe4e8a6080e0091937d9eaf,c2cca0189cd16ccb746ca3203ebba157e66f340863ae6e75109ec5b6d8963935
sourceafis,train,genuine,103,103_5,103_7,41,40,,,173,293.07,3153139a4a42b1b9fc5b078bbc4fa0526627bdf32fe4e8a6080e0091937d9eaf,69a4063993354e94c9b4093eb022d3512e7fc88e021089805953b54ca1c1ea35
sourceafis,train,genuine,103,103_5,103_8,41,46,,,103,255.8,3153139a4a42b1b9fc5b078bbc4fa0526627bdf32fe4e8a6080e0091937d9eaf,4116d840237cdeb226adcc89cbe2780ec72907576bf0d55f6230eef3d20985d8
sourceafis,train,genuine,103,103_6,103_7,38,40,,,152,427.56,c2cca0189cd16ccb746ca3203ebba157e66f340863ae6e75109ec5b6d8963935,69a4063993354e94c9b4093eb022d3512e7fc88e021089805953b54ca1c1ea35
sourceafis,train,genuine,103,103_6,103_8,38,46,,,106,273.77,c2cca0189cd16ccb746ca3203ebba157e66f340863ae6e75109ec5b6d8963935,4116d840237cdeb226adcc89cbe2780ec72907576bf0d55f6230eef3d20985d8
sourceafis,train,genuine,103,103_7,103_8,40,46,,,141,256.24,69a4063993354e94c9b4093eb022d3512e7fc88e021089805953b54ca1c1ea35,4116d840237cdeb226adcc89cbe2780ec72907576bf0d55f6230eef3d20985d8
sourceafis,train,genuine,104,104_1,104_2,33,30,,,56,299.53,42f7fccf3d5f1499100ca2f92c0f820d25e15b24a18fb7aac907f30e95c58e18,10412c2cef76d6368536f7dd898f22cba30101f074c403c53e5581318c5e6975
sourceafis,train,genuine,104,104_1,104_3,33,25,,,49,272.95,42f7fccf3d5f1499100ca2f92c0f820d25e15b24a18fb7aac907f30e95c58e18,c7ee31ce4502dd7490e7d2354fddadfd259c92dc58babf40ad9200af534a41d4
sourceafis,train,genuine,104,104_1,104_4,33,28,,,46,265.45,42f7fccf3d5f1499100ca2f92c0f820d25e15b24a18fb7aac907f30e95c58e18,a0171fb7904f795f018dbb7654be474c78bffc6181ae21b2f5d264640c8cd907
sourceafis,train,genuine,104,104_1,104_5,33,14,,,46,264.05,42f7fccf3d5f1499100ca2f92c0f820d25e15b24a18fb7aac907f30e95c58e18,1ae4cc4d0f2b128902b1d165a137e8434aa63f06e388add97f05e6e9ba02ab53
sourceafis,train,genuine,104,104_1,104_6,33,25,,,72,282.76,42f7fccf3d5f1499100ca2f92c0f820d25e15b24a18fb7aac907f30e95c58e18,668b4271a39416080caf8afaeb5939e5936775efa0465f2abda402fdfdae35ea
sourceafis,train,genuine,104,104_1,104_7,33,30,,,77,252.93,42f7fccf3d5f1499100ca2f92c0f820d25e15b24a18fb7aac907f30e95c58e18,bfb9ca8c011c429e194931b09cc30080548d4edc7785ed5b944fa081ff2fa49d
sourceafis,train,genuine,104,104_1,104_8,33,29,,,58,277.43,42f7fccf3d5f1499100ca2f92c0f820d25e15b24a18fb7aac907f30e95c58e18,87b7eeea51a3b1fbc90b4abc9f4812834736e9624cdd16c600b7c6693cfcaad6
sourceafis,train,genuine,104,104_2,104_3,30,25,,,31,254.26,10412c2cef76d6368536f7dd898f22cba30101f074c403c53e5581318c5e6975,c7ee31ce4502dd7490e7d2354fddadfd259c92dc58babf40ad9200af534a41d4
sourceafis,train,genuine,104,104_2,104_4,30,28,,,39,289.03,10412c2cef76d6368536f7dd898f22cba30101f074c403c53e5581318c5e6975,a0171fb7904f795f018dbb7654be474c78bffc6181ae21b2f5d264640c8cd907
sourceafis,train,genuine,104,104_2,104_5,30,14,,,19,279.39,10412c2cef76d6368536f7dd898f22cba30101f074c403c53e5581318c5e6975,1ae4cc4d0f2b128902b1d165a137e8434aa63f06e388add97f05e6e9ba02ab53
sourceafis,train,genuine,104,104_2,104_6,30,25,,,27,309.82,10412c2cef76d6368536f7dd898f22cba30101f074c403c53e5581318c5e6975,668b4271a39416080caf8afaeb5939e5936775efa0465f2abda402fdfdae35ea
sourceafis,train,genuine,104,104_2,104_7,30,30,,,38,320.46,10412c2cef76d6368536f7dd898f22cba30101f074c403c53e5581318c5e6975,bfb9ca8c011c429e194931b09cc30080548d4edc7785ed5b944fa081ff2fa49d
sourceafis,train,genuine,104,104_2,104_8,30,29,,,22,264.94,10412c2cef76d6368536f7dd898f22cba30101f074c403c53e5581318c5e6975,87b7eeea51a3b1fbc90b4abc9f4812834736e9624cdd16c600b7c6693cfcaad6
sourceafis,train,genuine,104,104_3,104_4,25,28,,,67,250.43,c7ee31ce4502dd7490e7d2354fddadfd259c92dc58babf40ad9200af534a41d4,a0171fb7904f795f018dbb7654be474c78bffc6181ae21b2f5d264640c8cd907
sourceafis,train,genuine,104,104_3,104_5,25,14,,,41,264.48,c7ee31ce4502dd7490e7d2354fddadfd259c92dc58babf40ad9200af534a41d4,1ae4cc4d0f2b128902b1d165a137e8434aa63f06e388add97f05e6e9ba02ab53
sourceafis,train,genuine,104,104_3,104_6,25,25,,,54,358.35,c7ee31ce4502dd7490e7d2354fddadfd259c92dc58babf40ad9200af534a41d4,668b4271a39416080caf8afaeb5939e5936775efa0465f2abda402fdfdae35ea
sourceafis,train,genuine,104,104_3,104_7,25,30,,,63,343.43,c7ee31ce4502dd7490e7d2354fddadfd259c92dc58babf40ad9200af534a41d4,bfb9ca8c011c429e194931b09cc30080548d4edc7785ed5b944fa081ff2fa49d
sourceafis,train,genuine,104,104_3,104_8,25,29,,,61,270.72,c7ee31ce4502dd7490e7d2354fddadfd259c92dc58babf40ad9200af534a41d4,87b7eeea51a3b1fbc90b4abc9f4812834736e9624cdd16c600b7c6693cfcaad6
sourceafis,train,genuine,104,104_4,104_5,28,14,,,49,257.71,a0171fb7904f795f018dbb7654be474c78bffc6181ae21b2f5d264640c8cd907,1ae4cc4d0f2b128902b1d165a137e8434aa63f06e388add97f05e6e9ba02ab53
sourceafis,train,genuine,104,104_4,104_6,28,25,,,51,268.99,a0171fb7904f795f018dbb7654be474c78bffc6181ae21b2f5d264640c8cd907,668b4271a39416080caf8afaeb5939e5936775efa0465f2abda402fdfdae35ea
sourceafis,train,genuine,104,104_4,104_7,28,30,,,47,287.03,a0171fb7904f795f018dbb7654be474c78bffc6181ae21b2f5d264640c8cd907,bfb9ca8c011c429e194931b09cc30080548d4edc7785ed5b944fa081ff2fa49d
sourceafis,train,genuine,104,104_4,104_8,28,29,,,68,256.21,a0171fb7904f795f018dbb7654be474c78bffc6181ae21b2f5d264640c8cd907,87b7eeea51a3b1fbc90b4abc9f4812834736e9624cdd16c600b7c6693cfcaad6
sourceafis,train,genuine,104,104_5,104_6,14,25,,,55,345.07,1ae4cc4d0f2b128902b1d165a137e8434aa63f06e388add97f05e6e9ba02ab53,668b4271a39416080caf8afaeb5939e5936775efa0465f2abda402fdfdae35ea
sourceafis,train,genuine,104,104_5,104_7,14,30,,,40,274.3,1ae4cc4d0f2b128902b1d165a137e8434aa63f06e388add97f05e6e9ba02ab53,bfb9ca8c011c429e194931b09cc30080548d4edc7785ed5b944fa081ff2fa49d
sourceafis,train,genuine,104,104_5,104_8,14,29,,,39,307.74,1ae4cc4d0f2b128902b1d165a137e8434aa63f06e388add97f05e6e9ba02ab53,87b7eeea51a3b1fbc90b4abc9f4812834736e9624cdd16c600b7c6693cfcaad6
sourceafis,train,genuine,104,104_6,104_7,25,30,,,62,276.34,668b4271a39416080caf8afaeb5939e5936775efa0465f2abda402fdfdae35ea,bfb9ca8c011c429e194931b09cc30080548d4edc7785ed5b944fa081ff2fa49d
sourceafis,train,genuine,104,104_6,104_8,25,29,,,36,245.35,668b4271a39416080caf8afaeb5939e5936775efa0465f2abda402fdfdae35ea,87b7eeea51a3b1fbc90b4abc9f4812834736e9624cdd16c600b7c6693cfcaad6
sourceafis,train,genuine,104,104_7,104_8,30,29,,,51,270.25,bfb9ca8c011c429e194931b09cc30080548d4edc7785ed5b944fa081ff2fa49d,87b7eeea51a3b1fbc90b4abc9f4812834736e9624cdd16c600b7c6693cfcaad6
sourceafis,train,genuine,105,105_1,105_2,46,34,,,173,305.14,3a8eabffb24282bdfa242ccac550bd6e44e70ec80874d5f6cf078848266706ca,7fb9482fa59f6997ca57a7fb4327cf031c40805c7ea45790cc6d186aeed06eeb
sourceafis,train,genuine,105,105_1,105_3,46,24,,,28,289.25,3a8eabffb24282bdfa242ccac550bd6e44e70ec80874d5f6cf078848266706ca,af5a0686c2809d3c0df93566022e876f86f755f22378bf1be2d34d78554e139c
sourceafis,train,genuine,105,105_1,105_4,46,42,,,99,470.8,3a8eabffb24282bdfa242ccac550bd6e44e70ec80874d5f6cf078848266706ca,3e3b7d534f4bb3cb312e2e2ae0425dba75da10644076a6fe7cd689273b20c8ca
sourceafis,train,genuine,105,105_1,105_5,46,31,,,113,294.01,3a8eabffb24282bdfa242ccac550bd6e44e70ec80874d5f6cf078848266706ca,adc533901286a1e601c466392af027f141dd89dde1ef79d93ce1a58bb12192ec
sourceafis,train,genuine,105,105_1,105_6,46,35,,,90,313.39,3a8eabffb24282bdfa242ccac550bd6e44e70ec80874d5f6cf078848266706ca,237bdd1e19377181d31db84e7a40d3dfcbafb48ea2d79591c0f28cc9530bb6e0
sourceafis,train,genuine,105,105_1,105_7,46,29,,,90,435.35,3a8eabffb24282bdfa242ccac550bd6e44e70ec80874d5f6cf078848266706ca,21d5b98ab8e1fbd92dd1b66f552c5608aed19f0119672c78818570cd342f750f
sourceafis,train,genuine,105,105_1,105_8,46,33,,,151,315.6,3a8eabffb24282bdfa242ccac550bd6e44e70ec80874d5f6cf078848266706ca,1782251d1ab405d854d9bd7620677ab28af1d8c995ee6cffc941d4ded1315ecb
sourceafis,train,genuine,105,105_2,105_3,34,24,,,38,248.04,7fb9482fa59f6997ca57a7fb4327cf031c40805c7ea45790cc6d186aeed06eeb,af5a0686c2809d3c0df93566022e876f86f755f22378bf1be2d34d78554e139c
sourceafis,train,genuine,105,105_2,105_4,34,42,,,98,294.67,7fb9482fa59f6997ca57a7fb4327cf031c40805c7ea45790cc6d186aeed06eeb,3e3b7d534f4bb3cb312e2e2ae0425dba75da10644076a6fe7cd689273b20c8ca
sourceafis,train,genuine,105,105_2,105_5,34,31,,,124,298.32,7fb9482fa59f6997ca57a7fb4327cf031c40805c7ea45790cc6d186aeed06eeb,adc533901286a1e601c466392af027f141dd89dde1ef79d93ce1a58bb12192ec
sourceafis,train,genuine,105,105_2,105_6,34,35,,,85,283.08,7fb9482fa59f6997ca57a7fb4327cf031c40805c7ea45790cc6d186aeed06eeb,237bdd1e19377181d31db84e7a40d3dfcbafb48ea2d79591c0f28cc9530bb6e0
sourceafis,train,genuine,105,105_2,105_7,34,29,,,90,257.01,7fb9482fa59f6997ca57a7fb4327cf031c40805c7ea45790cc6d186aeed06eeb,21d5b98ab8e1fbd92dd1b66f552c5608aed19f0119672c78818570cd342f750f
sourceafis,train,genuine,105,105_2,105_8,34,33,,,143,309.38,7fb9482fa59f6997ca57a7fb4327cf031c40805c7ea45790cc6d186aeed06eeb,1782251d1ab405d854d9bd7620677ab28af1d8c995ee6cffc941d4ded1315ecb
sourceafis,train,genuine,105,105_3,105_4,24,42,,,70,261.29,af5a0686c2809d3c0df93566022e876f86f755f22378bf1be2d34d78554e139c,3e3b7d534f4bb3cb312e2e2ae0425dba75da10644076a6fe7cd689273b20c8ca
sourceafis,train,genuine,105,105_3,105_5,24,31,,,98,259.91,af5a0686c2809d3c0df93566022e876f86f755f22378bf1be2d34d78554e139c,adc533901286a1e601c466392af027f141dd89dde1ef79d93ce1a58bb12192ec
sourceafis,train,genuine,105,105_3,105_6,24,35,,,52,251.52,af5a0686c2809d3c0df93566022e876f86f755f22378bf1be2d34d78554e139c,237bdd1e19377181d31db84e7a40d3dfcbafb48ea2d79591c0f28cc9530bb6e0
sourceafis,train,genuine,105,105_3,105_7,24,29,,,83,267.65,af5a0686c2809d3c0df93566022e876f86f755f22378bf1be2d34d78554e139c,21d5b98ab8e1fbd92dd1b66f552c5608aed19f0119672c78818570cd342f750f
sourceafis,train,genuine,105,105_3,105_8,24,33,,,58,261.01,af5a0686c2809d3c0df93566022e876f86f755f22378bf1be2d34d78554e139c,1782251d1ab405d854d9bd7620677ab28af1d8c995ee6cffc941d4ded1315ecb
sourceafis,train,genuine,105,105_4,105_5,42,31,,,153,281.28,3e3b7d534f4bb3cb312e2e2ae0425dba75da10644076a6fe7cd689273b20c8ca,adc533901286a1e601c466392af027f141dd89dde1ef79d93ce1a58bb12192ec
sourceafis,train,genuine,105,105_4,105_6,42,35,,,93,268.37,3e3b7d534f4bb3cb312e2e2ae0425dba75da10644076a6fe7cd689273b20c8ca,237bdd1e19377181d31db84e7a40d3dfcbafb48ea2d79591c0f28cc9530bb6e0
sourceafis,train,genuine,105,105_4,105_7,42,29,,,133,278.38,3e3b7d534f4bb3cb312e2e2ae0425dba75da10644076a6fe7cd689273b20c8ca,21d5b98ab8e1fbd92dd1b66f552c5608aed19f0119672c78818570cd342f750f
sourceafis,train,genuine,105,105_4,105_8,42,33,,,96,265.46,3e3b7d534f4bb3cb312e2e2ae0425dba75da10644076a6fe7cd689273b20c8ca,1782251d1ab405d854d9bd7620677ab28af1d8c995ee6cffc941d4ded1315ecb
sourceafis,train,genuine,105,105_5,105_6,31,35,,,132,264.5,adc533901286a1e601c466392af027f141dd89dde1ef79d93ce1a58bb12192ec,237bdd1e19377181d31db84e7a40d3dfcbafb48ea2d79591c0f28cc9530bb6e0
sourceafis,train,genuine,105,105_5,105_7,31,29,,,139,418.09,adc533901286a1e601c466392af027f141dd89dde1ef79d93ce1a58bb12192ec,21d5b98ab8e1fbd92dd1b66f552c5608aed19f0119672c78818570cd342f750f
sourceafis,train,genuine,105,105_5,105_8,31,33,,,148,276.35,adc533901286a1e601c466392af027f141dd89dde1ef79d93ce1a58bb12192ec,1782251d1ab405d854d9bd7620677ab28af1d8c995ee6cffc941d4ded1315ecb
sourceafis,train,genuine,105,105_6,105_7,35,29,,,93,269.06,237bdd1e19377181d31db84e7a40d3dfcbafb48ea2d79591c0f28cc9530bb6e0,21d5b98ab8e1fbd92dd1b66f552c5608aed19f0119672c78818570cd342f750f
sourceafis,train,genuine,105,105_6,105_8,35,33,,,117,266.57,237bdd1e19377181d31db84e7a40d3dfcbafb48ea2d79591c0f28cc9530bb6e0,1782251d1ab405d854d9bd7620677ab28af1d8c995ee6cffc941d4ded1315ecb
sourceafis,train,genuine,105,105_7,105_8,29,33,,,115,319.91,21d5b98ab8e1fbd92dd1b66f552c5608aed19f0119672c78818570cd342f750f,1782251d1ab405d854d9bd7620677ab28af1d8c995ee6cffc941d4ded1315ecb
sourceafis,validation,genuine,106,106_1,106_2,25,24,,,42,282.52,c98ea1765f20a8ed47a86479920ab7cec6b0462b0d9ad0b9800f65fa448438c8,29ddcd4a741f9c24c0d96ce5ae233f65a2ef129b9ffbfd1581fd4468df4fa6f0
sourceafis,validation,genuine,106,106_1,106_3,25,25,,,34,254.39,c98ea1765f20a8ed47a86479920ab7cec6b0462b0d9ad0b9800f65fa448438c8,a3374c7b5fc5337d4b997e0fa76b1e2372d30469ffb6901e64fe14db778aa3d6
sourceafis,validation,genuine,106,106_1,106_4,25,34,,,6,277.98,c98ea1765f20a8ed47a86479920ab7cec6b0462b0d9ad0b9800f65fa448438c8,57725d6dc50f9eefad304e362be42e978127de34d7ebb089a8e1f3b2b4518139
sourceafis,validation,genuine,106,106_1,106_5,25,42,,,9,261.87,c98ea1765f20a8ed47a86479920ab7cec6b0462b0d9ad0b9800f65fa448438c8,1830636c7ccb428c0798c570545ade30a83494895cdfe9a3431968a87731f1e8
sourceafis,validation,genuine,106,106_1,106_6,25,27,,,24,279.07,c98ea1765f20a8ed47a86479920ab7cec6b0462b0d9ad0b9800f65fa448438c8,d786db559a4a525850b45f0e9ae1b57fdcbd1d0db652ad36417b7d9aaf509a51
sourceafis,validation,genuine,106,106_1,106_7,25,37,,,25,269.77,c98ea1765f20a8ed47a86479920ab7cec6b0462b0d9ad0b9800f65fa448438c8,12690c4f5bf4767d65bcac752fdab38c287c83e41bed5aff5831e627bf2919da
sourceafis,validation,genuine,106,106_1,106_8,25,32,,,10,266.66,c98ea1765f20a8ed47a86479920ab7cec6b0462b0d9ad0b9800f65fa448438c8,c2e1df414ece615e0fd13edc950d706cc872b7b1f0efb893e406804ba6d12258
sourceafis,validation,genuine,106,106_2,106_3,24,25,,,56,283.05,29ddcd4a741f9c24c0d96ce5ae233f65a2ef129b9ffbfd1581fd4468df4fa6f0,a3374c7b5fc5337d4b997e0fa76b1e2372d30469ffb6901e64fe14db778aa3d6
sourceafis,validation,genuine,106,106_2,106_4,24,34,,,12,252.2,29ddcd4a741f9c24c0d96ce5ae233f65a2ef129b9ffbfd1581fd4468df4fa6f0,57725d6dc50f9eefad304e362be42e978127de34d7ebb089a8e1f3b2b4518139
sourceafis,validation,genuine,106,106_2,106_5,24,42,,,17,249.82,29ddcd4a741f9c24c0d96ce5ae233f65a2ef129b9ffbfd1581fd4468df4fa6f0,1830636c7ccb428c0798c570545ade30a83494895cdfe9a3431968a87731f1e8
sourceafis,validation,genuine,106,106_2,106_6,24,27,,,45,271.03,29ddcd4a741f9c24c0d96ce5ae233f65a2ef129b9ffbfd1581fd4468df4fa6f0,d786db559a4a525850b45f0e9ae1b57fdcbd1d0db652ad36417b7d9aaf509a51
sourceafis,validation,genuine,106,106_2,106_7,24,37,,,64,267.56,29ddcd4a741f9c24c0d96ce5ae233f65a2ef129b9ffbfd1581fd4468df4fa6f0,12690c4f5bf4767d65bcac752fdab38c287c83e41bed5aff5831e627bf2919da
sourceafis,validation,genuine,106,106_2,106_8,24,32,,,21,256.76,29ddcd4a741f9c24c0d96ce5ae233f65a2ef129b9ffbfd1581fd4468df4fa6f0,c2e1df414ece615e0fd13edc950d706cc872b7b1f0efb893e406804ba6d12258
sourceafis,validation,genuine,106,106_3,106_4,25,34,,,44,260.87,a3374c7b5fc5337d4b997e0fa76b1e2372d30469ffb6901e64fe14db778aa3d6,57725d6dc50f9eefad304e362be42e978127de34d7ebb089a8e1f3b2b4518139
sourceafis,validation,genuine,106,106_3,106_5,25,42,,,31,468.75,a3374c7b5fc5337d4b997e0fa76b1e2372d30469ffb6901e64fe14db778aa3d6,1830636c7ccb428c0798c570545ade30a83494895cdfe9a3431968a87731f1e8
sourceafis,validation,genuine,106,106_3,106_6,25,27,,,60,269.17,a3374c7b5fc5337d4b997e0fa76b1e2372d30469ffb6901e64fe14db778aa3d6,d786db559a4a525850b45f0e9ae1b57fdcbd1d0db652ad36417b7d9aaf509a51
sourceafis,validation,genuine,106,106_3,106_7,25,37,,,94,272.17,a3374c7b5fc5337d4b997e0fa76b1e2372d30469ffb6901e64fe14db778aa3d6,12690c4f5bf4767d65bcac752fdab38c287c83e41bed5aff5831e627bf2919da
sourceafis,validation,genuine,106,106_3,106_8,25,32,,,49,251.77,a3374c7b5fc5337d4b997e0fa76b1e2372d30469ffb6901e64fe14db778aa3d6,c2e1df414ece615e0fd13edc950d706cc872b7b1f0efb893e406804ba6d12258
sourceafis,validation,genuine,106,106_4,106_5,34,42,,,59,274.5,57725d6dc50f9eefad304e362be42e978127de34d7ebb089a8e1f3b2b4518139,1830636c7ccb428c0798c570545ade30a83494895cdfe9a3431968a87731f1e8
sourceafis,validation,genuine,106,106_4,106_6,34,27,,,47,251.36,57725d6dc50f9eefad304e362be42e978127de34d7ebb089a8e1f3b2b4518139,d786db559a4a525850b45f0e9ae1b57fdcbd1d0db652ad36417b7d9aaf509a51
sourceafis,validation,genuine,106,106_4,106_7,34,37,,,99,277.61,57725d6dc50f9eefad304e362be42e978127de34d7ebb089a8e1f3b2b4518139,12690c4f5bf4767d65bcac752fdab38c287c83e41bed5aff5831e627bf2919da
sourceafis,validation,genuine,106,106_4,106_8,34,32,,,51,260.2,57725d6dc50f9eefad304e362be42e978127de34d7ebb089a8e1f3b2b4518139,c2e1df414ece615e0fd13edc950d706cc872b7b1f0efb893e406804ba6d12258
sourceafis,validation,genuine,106,106_5,106_6,42,27,,,67,267.52,1830636c7ccb428c0798c570545ade30a83494895cdfe9a3431968a87731f1e8,d786db559a4a525850b45f0e9ae1b57fdcbd1d0db652ad36417b7d9aaf509a51
sourceafis,validation,genuine,106,106_5,106_7,42,37,,,54,264.23,1830636c7ccb428c0798c570545ade30a83494895cdfe9a3431968a87731f1e8,12690c4f5bf4767d65bcac752fdab38c287c83e41bed5aff5831e627bf2919da
sourceafis,validation,genuine,106,106_5,106_8,42,32,,,55,268.5,1830636c7ccb428c0798c570545ade30a83494895cdfe9a3431968a87731f1e8,c2e1df414ece615e0fd13edc950d706cc872b7b1f0efb893e406804ba6d12258
sourceafis,validation,genuine,106,106_6,106_7,27,37,,,81,269.17,d786db559a4a525850b45f0e9ae1b57fdcbd1d0db652ad36417b7d9aaf509a51,12690c4f5bf4767d65bcac752fdab38c287c83e41bed5aff5831e627bf2919da
sourceafis,validation,genuine,106,106_6,106_8,27,32,,,63,258.37,d786db559a4a525850b45f0e9ae1b57fdcbd1d0db652ad36417b7d9aaf509a51,c2e1df414ece615e0fd13edc950d706cc872b7b1f0efb893e406804ba6d12258
sourceafis,validation,genuine,106,106_7,106_8,37,32,,,83,246.55,12690c4f5bf4767d65bcac752fdab38c287c83e41bed5aff5831e627bf2919da,c2e1df414ece615e0fd13edc950d706cc872b7b1f0efb893e406804ba6d12258
sourceafis,validation,genuine,107,107_1,107_2,29,25,,,113,310.18,abce1aed66a852165dcfe6baf114025f04d419bac1c5ce613dfabfd4f9b12307,3846c23148ec1582419a7ea6570b7f50176454255d594d8b6f930d5538f5bb9a
sourceafis,validation,genuine,107,107_1,107_3,29,26,,,98,289.74,abce1aed66a852165dcfe6baf114025f04d419bac1c5ce613dfabfd4f9b12307,d4cfc9f779d4d69c8b4c3ccc372823a0b8f3754ea48ac0f8e53fac26909d54cd
sourceafis,validation,genuine,107,107_1,107_4,29,25,,,97,275.56,abce1aed66a852165dcfe6baf114025f04d419bac1c5ce613dfabfd4f9b12307,8929b90a7ee61136a5e73f8fddd9e52edc9ac2a1ad7792be237979a2cfbf0412
sourceafis,validation,genuine,107,107_1,107_5,29,25,,,81,267.64,abce1aed66a852165dcfe6baf114025f04d419bac1c5ce613dfabfd4f9b12307,62ce8e710648581226f47f374be8eca3be2dccddd70e4c9c84f98cd300c48a77
sourceafis,validation,genuine,107,107_1,107_6,29,25,,,55,253.82,abce1aed66a852165dcfe6baf114025f04d419bac1c5ce613dfabfd4f9b12307,b5984232cc873e143ab6ab206fb77532ef73fd58cde8d04bf073a5f3daf45cdc
sourceafis,validation,genuine,107,107_1,107_7,29,22,,,102,437.16,abce1aed66a852165dcfe6baf114025f04d419bac1c5ce613dfabfd4f9b12307,8fc46426c7a8ddb3b88c051d15c70425bce9c6c6fa2c079401ea8ef90ea03634
sourceafis,validation,genuine,107,107_1,107_8,29,18,,,64,261.2,abce1aed66a852165dcfe6baf114025f04d419bac1c5ce613dfabfd4f9b12307,98d34e6219eeef1dbe39273f3a3b337e6bc83b369c6fc57a898367ce89fcc651
sourceafis,validation,genuine,107,107_2,107_3,25,26,,,122,253,3846c23148ec1582419a7ea6570b7f50176454255d594d8b6f930d5538f5bb9a,d4cfc9f779d4d69c8b4c3ccc372823a0b8f3754ea48ac0f8e53fac26909d54cd
sourceafis,validation,genuine,107,107_2,107_4,25,25,,,106,267.63,3846c23148ec1582419a7ea6570b7f50176454255d594d8b6f930d5538f5bb9a,8929b90a7ee61136a5e73f8fddd9e52edc9ac2a1ad7792be237979a2cfbf0412
sourceafis,validation,genuine,107,107_2,107_5,25,25,,,96,280.76,3846c23148ec1582419a7ea6570b7f50176454255d594d8b6f930d5538f5bb9a,62ce8e710648581226f47f374be8eca3be2dccddd70e4c9c84f98cd300c48a77
sourceafis,validation,genuine,107,107_2,107_6,25,25,,,28,263.51,3846c23148ec1582419a7ea6570b7f50176454255d594d8b6f930d5538f5bb9a,b5984232cc873e143ab6ab206fb77532ef73fd58cde8d04bf073a5f3daf45cdc
sourceafis,validation,genuine,107,107_2,107_7,25,22,,,71,264.54,3846c23148ec1582419a7ea6570b7f50176454255d594d8b6f930d5538f5bb9a,8fc46426c7a8ddb3b88c051d15c70425bce9c6c6fa2c079401ea8ef90ea03634
sourceafis,validation,genuine,107,107_2,107_8,25,18,,,66,272.34,3846c23148ec1582419a7ea6570b7f50176454255d594d8b6f930d5538f5bb9a,98d34e6219eeef1dbe39273f3a3b337e6bc83b369c6fc57a898367ce89fcc651
sourceafis,validation,genuine,107,107_3,107_4,26,25,,,114,267.59,d4cfc9f779d4d69c8b4c3ccc372823a0b8f3754ea48ac0f8e53fac26909d54cd,8929b90a7ee61136a5e73f8fddd9e52edc9ac2a1ad7792be237979a2cfbf0412
sourceafis,validation,genuine,107,107_3,107_5,26,25,,,85,274.75,d4cfc9f779d4d69c8b4c3ccc372823a0b8f3754ea48ac0f8e53fac26909d54cd,62ce8e710648581226f47f374be8eca3be2dccddd70e4c9c84f98cd300c48a77
sourceafis,validation,genuine,107,107_3,107_6,26,25,,,18,257.98,d4cfc9f779d4d69c8b4c3ccc372823a0b8f3754ea48ac0f8e53fac26909d54cd,b5984232cc873e143ab6ab206fb77532ef73fd58cde8d04bf073a5f3daf45cdc
sourceafis,validation,genuine,107,107_3,107_7,26,22,,,61,268.11,d4cfc9f779d4d69c8b4c3ccc372823a0b8f3754ea48ac0f8e53fac26909d54cd,8fc46426c7a8ddb3b88c051d15c70425bce9c6c6fa2c079401ea8ef90ea03634
sourceafis,validation,genuine,107,107_3,107_8,26,18,,,48,256.48,d4cfc9f779d4d69c8b4c3ccc372823a0b8f3754ea48ac0f8e53fac26909d54cd,98d34e6219eeef1dbe39273f3a3b337e6bc83b369c6fc57a898367ce89fcc651
sourceafis,validation,genuine,107,107_4,107_5,25,25,,,78,282.56,8929b90a7ee61136a5e73f8fddd9e52edc9ac2a1ad7792be237979a2cfbf0412,62ce8e710648581226f47f374be8eca3be2dccddd70e4c9c84f98cd300c48a77
sourceafis,validation,genuine,107,107_4,107_6,25,25,,,17,253.57,8929b90a7ee61136a5e73f8fddd9e52edc9ac2a1ad7792be237979a2cfbf0412,b5984232cc873e143ab6ab206fb77532ef73fd58cde8d04bf073a5f3daf45cdc
sourceafis,validation,genuine,107,107_4,107_7,25,22,,,69,279.95,8929b90a7ee61136a5e73f8fddd9e52edc9ac2a1ad7792be237979a2cfbf0412,8fc46426c7a8ddb3b88c051d15c70425bce9c6c6fa2c079401ea8ef90ea03634
sourceafis,validation,genuine,107,107_4,107_8,25,18,,,58,267.58,8929b90a7ee61136a5e73f8fddd9e52edc9ac2a1ad7792be237979a2cfbf0412,98d34e6219eeef1dbe39273f3a3b337e6bc83b369c6fc57a898367ce89fcc651
sourceafis,validation,genuine,107,107_5,107_6,25,25,,,24,265.86,62ce8e710648581226f47f374be8eca3be2dccddd70e4c9c84f98cd300c48a77,b5984232cc873e143ab6ab206fb77532ef73fd58cde8d04bf073a5f3daf45cdc
sourceafis,validation,genuine,107,107_5,107_7,25,22,,,75,313.26,62ce8e710648581226f47f374be8eca3be2dccddd70e4c9c84f98cd300c48a77,8fc46426c7a8ddb3b88c051d15c70425bce9c6c6fa2c079401ea8ef90ea03634
sourceafis,validation,genuine,107,107_5,107_8,25,18,,,48,399.26,62ce8e710648581226f47f374be8eca3be2dccddd70e4c9c84f98cd300c48a77,98d34e6219eeef1dbe39273f3a3b337e6bc83b369c6fc57a898367ce89fcc651
sourceafis,validation,genuine,107,107_6,107_7,25,22,,,26,258.96,b5984232cc873e143ab6ab206fb77532ef73fd58cde8d04bf073a5f3daf45cdc,8fc46426c7a8ddb3b88c051d15c70425bce9c6c6fa2c079401ea8ef90ea03634
sourceafis,validation,genuine,107,107_6,107_8,25,18,,,27,271.63,b5984232cc873e143ab6ab206fb77532ef73fd58cde8d04bf073a5f3daf45cdc,98d34e6219eeef1dbe39273f3a3b337e6bc83b369c6fc57a898367ce89fcc651
sourceafis,validation,genuine,107,107_7,107_8,22,18,,,24,276.38,8fc46426c7a8ddb3b88c051d15c70425bce9c6c6fa2c079401ea8ef90ea03634,98d34e6219eeef1dbe39273f3a3b337e6bc83b369c6fc57a898367ce89fcc651
sourceafis,validation,genuine,108,108_1,108_2,33,31,,,84,260.61,1d9c30ee93b1d901c47b19f23cfe10088bbbdcb8e4a0a0249e605e4479152f98,42d58b06338c666e0d11b0897517260cb2905f497ef634b5463fe1d771055ac8
sourceafis,validation,genuine,108,108_1,108_3,33,33,,,71,262.34,1d9c30ee93b1d901c47b19f23cfe10088bbbdcb8e4a0a0249e605e4479152f98,938ced3b7d265e1daaf1b05a01557b957c9ae8c55af3d4d9d7f48b7e94f9351b
sourceafis,validation,genuine,108,108_1,108_4,33,33,,,64,299.09,1d9c30ee93b1d901c47b19f23cfe10088bbbdcb8e4a0a0249e605e4479152f98,78bad014c8403ea7a32a877a9b687912155c85d4497695d5487bca6ac3c2f5a3
sourceafis,validation,genuine,108,108_1,108_5,33,40,,,57,272.96,1d9c30ee93b1d901c47b19f23cfe10088bbbdcb8e4a0a0249e605e4479152f98,ece2849c6d5fc5d82fef475fe53da13dc3a0aa92b9ea2032490774dae5fcb869
sourceafis,validation,genuine,108,108_1,108_6,33,45,,,83,264.32,1d9c30ee93b1d901c47b19f23cfe10088bbbdcb8e4a0a0249e605e4479152f98,e00dbe4e95c42ca670add1685e53864c097be23f5e9f7d8a9db973abc97b944d
sourceafis,validation,genuine,108,108_1,108_7,33,38,,,78,254.34,1d9c30ee93b1d901c47b19f23cfe10088bbbdcb8e4a0a0249e605e4479152f98,7a8a6d833e2b760755b435e0742be704103d570a1bb10760ba1e4572dc961bcd
sourceafis,validation,genuine,108,108_1,108_8,33,38,,,57,290.78,1d9c30ee93b1d901c47b19f23cfe10088bbbdcb8e4a0a0249e605e4479152f98,7820b5a5796fa637dea1eef57c5d2b8ac3c0ea55c508452e7796a7e6159f4644
sourceafis,validation,genuine,108,108_2,108_3,31,33,,,114,267.78,42d58b06338c666e0d11b0897517260cb2905f497ef634b5463fe1d771055ac8,938ced3b7d265e1daaf1b05a01557b957c9ae8c55af3d4d9d7f48b7e94f9351b
sourceafis,validation,genuine,108,108_2,108_4,31,33,,,106,262.42,42d58b06338c666e0d11b0897517260cb2905f497ef634b5463fe1d771055ac8,78bad014c8403ea7a32a877a9b687912155c85d4497695d5487bca6ac3c2f5a3
sourceafis,validation,genuine,108,108_2,108_5,31,40,,,105,252.87,42d58b06338c666e0d11b0897517260cb2905f497ef634b5463fe1d771055ac8,ece2849c6d5fc5d82fef475fe53da13dc3a0aa92b9ea2032490774dae5fcb869
sourceafis,validation,genuine,108,108_2,108_6,31,45,,,100,263.83,42d58b06338c666e0d11b0897517260cb2905f497ef634b5463fe1d771055ac8,e00dbe4e95c42ca670add1685e53864c097be23f5e9f7d8a9db973abc97b944d
sourceafis,validation,genuine,108,108_2,108_7,31,38,,,139,271.4,42d58b06338c666e0d11b0897517260cb2905f497ef634b5463fe1d771055ac8,7a8a6d833e2b760755b435e0742be704103d570a1bb10760ba1e4572dc961bcd
sourceafis,validation,genuine,108,108_2,108_8,31,38,,,106,262.5,42d58b06338c666e0d11b0897517260cb2905f497ef634b5463fe1d771055ac8,7820b5a5796fa637dea1eef57c5d2b8ac3c0ea55c508452e7796a7e6159f4644
sourceafis,validation,genuine,108,108_3,108_4,33,33,,,164,253.86,938ced3b7d265e1daaf1b05a01557b957c9ae8c55af3d4d9d7f48b7e94f9351b,78bad014c8403ea7a32a877a9b687912155c85d4497695d5487bca6ac3c2f5a3
sourceafis,validation,genuine,108,108_3,108_5,33,40,,,177,369.38,938ced3b7d265e1daaf1b05a01557b957c9ae8c55af3d4d9d7f48b7e94f9351b,ece2849c6d5fc5d82fef475fe53da13dc3a0aa92b9ea2032490774dae5fcb869
sourceafis,validation,genuine,108,108_3,108_6,33,45,,,129,354.44,938ced3b7d265e1daaf1b05a01557b957c9ae8c55af3d4d9d7f48b7e94f9351b,e00dbe4e95c42ca670add1685e53864c097be23f5e9f7d8a9db973abc97b944d
sourceafis,validation,genuine,108,108_3,108_7,33,38,,,136,285.68,938ced3b7d265e1daaf1b05a01557b957c9ae8c55af3d4d9d7f48b7e94f9351b,7a8a6d833e2b760755b435e0742be704103d570a1bb10760ba1e4572dc961bcd
sourceafis,validation,genuine,108,108_3,108_8,33,38,,,167,289.31,938ced3b7d265e1daaf1b05a01557b957c9ae8c55af3d4d9d7f48b7e94f9351b,7820b5a5796fa637dea1eef57c5d2b8ac3c0ea55c508452e7796a7e6159f4644
sourceafis,validation,genuine,108,108_4,108_5,33,40,,,200,283.88,78bad014c8403ea7a32a877a9b687912155c85d4497695d5487bca6ac3c2f5a3,ece2849c6d5fc5d82fef475fe53da13dc3a0aa92b9ea2032490774dae5fcb869
sourceafis,validation,genuine,108,108_4,108_6,33,45,,,85,259.55,78bad014c8403ea7a32a877a9b687912155c85d4497695d5487bca6ac3c2f5a3,e00dbe4e95c42ca670add1685e53864c097be23f5e9f7d8a9db973abc97b944d
sourceafis,validation,genuine,108,108_4,108_7,33,38,,,84,276.49,78bad014c8403ea7a32a877a9b687912155c85d4497695d5487bca6ac3c2f5a3,7a8a6d833e2b760755b435e0742be704103d570a1bb10760ba1e4572dc961bcd
sourceafis,validation,genuine,108,108_4,108_8,33,38,,,139,275.03,78bad014c8403ea7a32a877a9b687912155c85d4497695d5487bca6ac3c2f5a3,7820b5a5796fa637dea1eef57c5d2b8ac3c0ea55c508452e7796a7e6159f4644
sourceafis,validation,genuine,108,108_5,108_6,40,45,,,97,264.6,ece2849c6d5fc5d82fef475fe53da13dc3a0aa92b9ea2032490774dae5fcb869,e00dbe4e95c42ca670add1685e53864c097be23f5e9f7d8a9db973abc97b944d
sourceafis,validation,genuine,108,108_5,108_7,40,38,,,124,276.98,ece2849c6d5fc5d82fef475fe53da13dc3a0aa92b9ea2032490774dae5fcb869,7a8a6d833e2b760755b435e0742be704103d570a1bb10760ba1e4572dc961bcd
sourceafis,validation,genuine,108,108_5,108_8,40,38,,,178,281.9,ece2849c6d5fc5d82fef475fe53da13dc3a0aa92b9ea2032490774dae5fcb869,7820b5a5796fa637dea1eef57c5d2b8ac3c0ea55c508452e7796a7e6159f4644
sourceafis,validation,genuine,108,108_6,108_7,45,38,,,178,260.38,e00dbe4e95c42ca670add1685e53864c097be23f5e9f7d8a9db973abc97b944d,7a8a6d833e2b760755b435e0742be704103d570a1bb10760ba1e4572dc961bcd
sourceafis,validation,genuine,108,108_6,108_8,45,38,,,114,279.35,e00dbe4e95c42ca670add1685e53864c097be23f5e9f7d8a9db973abc97b944d,7820b5a5796fa637dea1eef57c5d2b8ac3c0ea55c508452e7796a7e6159f4644
sourceafis,validation,genuine,108,108_7,108_8,38,38,,,144,278.91,7a8a6d833e2b760755b435e0742be704103d570a1bb10760ba1e4572dc961bcd,7820b5a5796fa637dea1eef57c5d2b8ac3c0ea55c508452e7796a7e6159f4644
sourceafis,validation,genuine,109,109_1,109_2,40,18,,,43,281.34,84dd7cd1f29345a1aa719d93db15cb57a88c47daa022e41bc34cf4cc0fb99efa,16bf1025db90f678f4bb8655f9238bfe0ce6b954574f813ca2c330bfccb97020
sourceafis,validation,genuine,109,109_1,109_3,40,29,,,86,311.76,84dd7cd1f29345a1aa719d93db15cb57a88c47daa022e41bc34cf4cc0fb99efa,21ac91a18c52fdb5a56ee79ef088a36cdaa81f5c2340731950f6a273524fcd1d
sourceafis,validation,genuine,109,109_1,109_4,40,25,,,117,277.67,84dd7cd1f29345a1aa719d93db15cb57a88c47daa022e41bc34cf4cc0fb99efa,d281cb724c31395bad82b285174f878e2ec2039c14b340d70b34f100f0a7f521
sourceafis,validation,genuine,109,109_1,109_5,40,32,,,100,282.65,84dd7cd1f29345a1aa719d93db15cb57a88c47daa022e41bc34cf4cc0fb99efa,1190adeb9c61dcb07022589cc4afef325266cbccebce38dd2a23dc0b482bb081
sourceafis,validation,genuine,109,109_1,109_6,40,26,,,24,275.8,84dd7cd1f29345a1aa719d93db15cb57a88c47daa022e41bc34cf4cc0fb99efa,fd2fa9adc0851cc5531fd138f2c89142bc0a39eb591923a575392f9c4a414d24
sourceafis,validation,genuine,109,109_1,109_7,40,28,,,89,445.14,84dd7cd1f29345a1aa719d93db15cb57a88c47daa022e41bc34cf4cc0fb99efa,05831fd331ba585db2f8c0d34a913d64c236ec1b8fa298b11f2024982df9579a
sourceafis,validation,genuine,109,109_1,109_8,40,29,,,84,253.09,84dd7cd1f29345a1aa719d93db15cb57a88c47daa022e41bc34cf4cc0fb99efa,1a4df7fe5be180cc33c2e6fae324846ab1a3701cc1ca5b74a6c4b9b1afccb848
sourceafis,validation,genuine,109,109_2,109_3,18,29,,,52,249.11,16bf1025db90f678f4bb8655f9238bfe0ce6b954574f813ca2c330bfccb97020,21ac91a18c52fdb5a56ee79ef088a36cdaa81f5c2340731950f6a273524fcd1d
sourceafis,validation,genuine,109,109_2,109_4,18,25,,,42,279.51,16bf1025db90f678f4bb8655f9238bfe0ce6b954574f813ca2c330bfccb97020,d281cb724c31395bad82b285174f878e2ec2039c14b340d70b34f100f0a7f521
sourceafis,validation,genuine,109,109_2,109_5,18,32,,,47,266.72,16bf1025db90f678f4bb8655f9238bfe0ce6b954574f813ca2c330bfccb97020,1190adeb9c61dcb07022589cc4afef325266cbccebce38dd2a23dc0b482bb081
sourceafis,validation,genuine,109,109_2,109_6,18,26,,,51,277.58,16bf1025db90f678f4bb8655f9238bfe0ce6b954574f813ca2c330bfccb97020,fd2fa9adc0851cc5531fd138f2c89142bc0a39eb591923a575392f9c4a414d24
sourceafis,validation,genuine,109,109_2,109_7,18,28,,,59,258.33,16bf1025db90f678f4bb8655f9238bfe0ce6b954574f813ca2c330bfccb97020,05831fd331ba585db2f8c0d34a913d64c236ec1b8fa298b11f2024982df9579a
sourceafis,validation,genuine,109,109_2,109_8,18,29,,,21,271.79,16bf1025db90f678f4bb8655f9238bfe0ce6b954574f813ca2c330bfccb97020,1a4df7fe5be180cc33c2e6fae324846ab1a3701cc1ca5b74a6c4b9b1afccb848
sourceafis,validation,genuine,109,109_3,109_4,29,25,,,73,264.78,21ac91a18c52fdb5a56ee79ef088a36cdaa81f5c2340731950f6a273524fcd1d,d281cb724c31395bad82b285174f878e2ec2039c14b340d70b34f100f0a7f521
sourceafis,validation,genuine,109,109_3,109_5,29,32,,,57,261.03,21ac91a18c52fdb5a56ee79ef088a36cdaa81f5c2340731950f6a273524fcd1d,1190adeb9c61dcb07022589cc4afef325266cbccebce38dd2a23dc0b482bb081
sourceafis,validation,genuine,109,109_3,109_6,29,26,,,56,270.35,21ac91a18c52fdb5a56ee79ef088a36cdaa81f5c2340731950f6a273524fcd1d,fd2fa9adc0851cc5531fd138f2c89142bc0a39eb591923a575392f9c4a414d24
sourceafis,validation,genuine,109,109_3,109_7,29,28,,,85,292.17,21ac91a18c52fdb5a56ee79ef088a36cdaa81f5c2340731950f6a273524fcd1d,05831fd331ba585db2f8c0d34a913d64c236ec1b8fa298b11f2024982df9579a
sourceafis,validation,genuine,109,109_3,109_8,29,29,,,55,301.56,21ac91a18c52fdb5a56ee79ef088a36cdaa81f5c2340731950f6a273524fcd1d,1a4df7fe5be180cc33c2e6fae324846ab1a3701cc1ca5b74a6c4b9b1afccb848
sourceafis,validation,genuine,109,109_4,109_5,25,32,,,73,252.37,d281cb724c31395bad82b285174f878e2ec2039c14b340d70b34f100f0a7f521,1190adeb9c61dcb07022589cc4afef325266cbccebce38dd2a23dc0b482bb081
sourceafis,validation,genuine,109,109_4,109_6,25,26,,,35,267.83,d281cb724c31395bad82b285174f878e2ec2039c14b340d70b34f100f0a7f521,fd2fa9adc0851cc5531fd138f2c89142bc0a39eb591923a575392f9c4a414d24
sourceafis,validation,genuine,109,109_4,109_7,25,28,,,60,259.94,d281cb724c31395bad82b285174f878e2ec2039c14b340d70b34f100f0a7f521,05831fd331ba585db2f8c0d34a913d64c236ec1b8fa298b11f2024982df9579a
sourceafis,validation,genuine,109,109_4,109_8,25,29,,,37,294.5,d281cb724c31395bad82b285174f878e2ec2039c14b340d70b34f100f0a7f521,1a4df7fe5be180cc33c2e6fae324846ab1a3701cc1ca5b74a6c4b9b1afccb848
sourceafis,validation,genuine,109,109_5,109_6,32,26,,,33,414.96,1190adeb9c61dcb07022589cc4afef325266cbccebce38dd2a23dc0b482bb081,fd2fa9adc0851cc5531fd138f2c89142bc0a39eb591923a575392f9c4a414d24
sourceafis,validation,genuine,109,109_5,109_7,32,28,,,55,576.99,1190adeb9c61dcb07022589cc4afef325266cbccebce38dd2a23dc0b482bb081,05831fd331ba585db2f8c0d34a913d64c236ec1b8fa298b11f2024982df9579a
sourceafis,validation,genuine,109,109_5,109_8,32,29,,,40,303.64,1190adeb9c61dcb07022589cc4afef325266cbccebce38dd2a23dc0b482bb081,1a4df7fe5be180cc33c2e6fae324846ab1a3701cc1ca5b74a6c4b9b1afccb848
sourceafis,validation,genuine,109,109_6,109_7,26,28,,,57,272.75,fd2fa9adc0851cc5531fd138f2c89142bc0a39eb591923a575392f9c4a414d24,05831fd331ba585db2f8c0d34a913d64c236ec1b8fa298b11f2024982df9579a
sourceafis,validation,genuine,109,109_6,109_8,26,29,,,16,263.71,fd2fa9adc0851cc5531fd138f2c89142bc0a39eb591923a575392f9c4a414d24,1a4df7fe5be180cc33c2e6fae324846ab1a3701cc1ca5b74a6c4b9b1afccb848
sourceafis,validation,genuine,109,109_7,109_8,28,29,,,45,253.77,05831fd331ba585db2f8c0d34a913d64c236ec1b8fa298b11f2024982df9579a,1a4df7fe5be180cc33c2e6fae324846ab1a3701cc1ca5b74a6c4b9b1afccb848
sourceafis,validation,genuine,110,110_1,110_2,29,20,,,38,292.89,68bca56d6d35f6f0a8c1489564ea97d5738362e266f5670a69d14b23934a2dbb,85e99879ffa224c246208c6cbaa7bb0595f6981410adb3cd3d700d3f90520898
sourceafis,validation,genuine,110,110_1,110_3,29,30,,,90,272.98,68bca56d6d35f6f0a8c1489564ea97d5738362e266f5670a69d14b23934a2dbb,d4d7fcc322a0b5e82547fe1cd89a81fc2e91b2da2e52b2a6a18995fef2278836
sourceafis,validation,genuine,110,110_1,110_4,29,30,,,42,271.86,68bca56d6d35f6f0a8c1489564ea97d5738362e266f5670a69d14b23934a2dbb,1e8ba61136079b60004bad15a24b314cf6764ad910c03952da26fd159abde07c
sourceafis,validation,genuine,110,110_1,110_5,29,30,,,28,285.64,68bca56d6d35f6f0a8c1489564ea97d5738362e266f5670a69d14b23934a2dbb,8a69365ececf38f1653f998ac4fa006e0c3596a0fb07227a52bba66d7ff51b12
sourceafis,validation,genuine,110,110_1,110_6,29,32,,,133,260.14,68bca56d6d35f6f0a8c1489564ea97d5738362e266f5670a69d14b23934a2dbb,0afe05f6864c0f5331e3b0b9f94f63a4a3dc103ac82f54e3f222f08bf97dadf0
sourceafis,validation,genuine,110,110_1,110_7,29,29,,,51,264.22,68bca56d6d35f6f0a8c1489564ea97d5738362e266f5670a69d14b23934a2dbb,362e15c94facd04df3ec657e41bc9ee893addbf656e7930d0db67d3b96fada0c
sourceafis,validation,genuine,110,110_1,110_8,29,33,,,78,264.33,68bca56d6d35f6f0a8c1489564ea97d5738362e266f5670a69d14b23934a2dbb,a421c60d8d578675d887632396435e4af70b2bc95b83fb8d970a06ef9b15eca1
sourceafis,validation,genuine,110,110_2,110_3,20,30,,,36,245.85,85e99879ffa224c246208c6cbaa7bb0595f6981410adb3cd3d700d3f90520898,d4d7fcc322a0b5e82547fe1cd89a81fc2e91b2da2e52b2a6a18995fef2278836
sourceafis,validation,genuine,110,110_2,110_4,20,30,,,13,261.62,85e99879ffa224c246208c6cbaa7bb0595f6981410adb3cd3d700d3f90520898,1e8ba61136079b60004bad15a24b314cf6764ad910c03952da26fd159abde07c
sourceafis,validation,genuine,110,110_2,110_5,20,30,,,4,272.27,85e99879ffa224c246208c6cbaa7bb0595f6981410adb3cd3d700d3f90520898,8a69365ececf38f1653f998ac4fa006e0c3596a0fb07227a52bba66d7ff51b12
sourceafis,validation,genuine,110,110_2,110_6,20,32,,,42,281.38,85e99879ffa224c246208c6cbaa7bb0595f6981410adb3cd3d700d3f90520898,0afe05f6864c0f5331e3b0b9f94f63a4a3dc103ac82f54e3f222f08bf97dadf0
sourceafis,validation,genuine,110,110_2,110_7,20,29,,,14,270.2,85e99879ffa224c246208c6cbaa7bb0595f6981410adb3cd3d700d3f90520898,362e15c94facd04df3ec657e41bc9ee893addbf656e7930d0db67d3b96fada0c
sourceafis,validation,genuine,110,110_2,110_8,20,33,,,14,285.5,85e99879ffa224c246208c6cbaa7bb0595f6981410adb3cd3d700d3f90520898,a421c60d8d578675d887632396435e4af70b2bc95b83fb8d970a06ef9b15eca1
sourceafis,validation,genuine,110,110_3,110_4,30,30,,,69,406.98,d4d7fcc322a0b5e82547fe1cd89a81fc2e91b2da2e52b2a6a18995fef2278836,1e8ba61136079b60004bad15a24b314cf6764ad910c03952da26fd159abde07c
sourceafis,validation,genuine,110,110_3,110_5,30,30,,,29,254.12,d4d7fcc322a0b5e82547fe1cd89a81fc2e91b2da2e52b2a6a18995fef2278836,8a69365ececf38f1653f998ac4fa006e0c3596a0fb07227a52bba66d7ff51b12
sourceafis,validation,genuine,110,110_3,110_6,30,32,,,136,264.44,d4d7fcc322a0b5e82547fe1cd89a81fc2e91b2da2e52b2a6a18995fef2278836,0afe05f6864c0f5331e3b0b9f94f63a4a3dc103ac82f54e3f222f08bf97dadf0
sourceafis,validation,genuine,110,110_3,110_7,30,29,,,62,274.31,d4d7fcc322a0b5e82547fe1cd89a81fc2e91b2da2e52b2a6a18995fef2278836,362e15c94facd04df3ec657e41bc9ee893addbf656e7930d0db67d3b96fada0c
sourceafis,validation,genuine,110,110_3,110_8,30,33,,,66,298.33,d4d7fcc322a0b5e82547fe1cd89a81fc2e91b2da2e52b2a6a18995fef2278836,a421c60d8d578675d887632396435e4af70b2bc95b83fb8d970a06ef9b15eca1
sourceafis,validation,genuine,110,110_4,110_5,30,30,,,103,269.29,1e8ba61136079b60004bad15a24b314cf6764ad910c03952da26fd159abde07c,8a69365ececf38f1653f998ac4fa006e0c3596a0fb07227a52bba66d7ff51b12
sourceafis,validation,genuine,110,110_4,110_6,30,32,,,64,269.84,1e8ba61136079b60004bad15a24b314cf6764ad910c03952da26fd159abde07c,0afe05f6864c0f5331e3b0b9f94f63a4a3dc103ac82f54e3f222f08bf97dadf0
sourceafis,validation,genuine,110,110_4,110_7,30,29,,,50,252.68,1e8ba61136079b60004bad15a24b314cf6764ad910c03952da26fd159abde07c,362e15c94facd04df3ec657e41bc9ee893addbf656e7930d0db67d3b96fada0c
sourceafis,validation,genuine,110,110_4,110_8,30,33,,,56,266.75,1e8ba61136079b60004bad15a24b314cf6764ad910c03952da26fd159abde07c,a421c60d8d578675d887632396435e4af70b2bc95b83fb8d970a06ef9b15eca1
sourceafis,validation,genuine,110,110_5,110_6,30,32,,,49,245.23,8a69365ececf38f1653f998ac4fa006e0c3596a0fb07227a52bba66d7ff51b12,0afe05f6864c0f5331e3b0b9f94f63a4a3dc103ac82f54e3f222f08bf97dadf0
sourceafis,validation,genuine,110,110_5,110_7,30,29,,,55,269.44,8a69365ececf38f1653f998ac4fa006e0c3596a0fb07227a52bba66d7ff51b12,362e15c94facd04df3ec657e41bc9ee893addbf656e7930d0db67d3b96fada0c
sourceafis,validation,genuine,110,110_5,110_8,30,33,,,40,311.88,8a69365ececf38f1653f998ac4fa006e0c3596a0fb07227a52bba66d7ff51b12,a421c60d8d578675d887632396435e4af70b2bc95b83fb8d970a06ef9b15eca1
sourceafis,validation,genuine,110,110_6,110_7,32,29,,,98,251.73,0afe05f6864c0f5331e3b0b9f94f63a4a3dc103ac82f54e3f222f08bf97dadf0,362e15c94facd04df3ec657e41bc9ee893addbf656e7930d0db67d3b96fada0c
sourceafis,validation,genuine,110,110_6,110_8,32,33,,,110,264.01,0afe05f6864c0f5331e3b0b9f94f63a4a3dc103ac82f54e3f222f08bf97dadf0,a421c60d8d578675d887632396435e4af70b2bc95b83fb8d970a06ef9b15eca1
sourceafis,validation,genuine,110,110_7,110_8,29,33,,,143,270.57,362e15c94facd04df3ec657e41bc9ee893addbf656e7930d0db67d3b96fada0c,a421c60d8d578675d887632396435e4af70b2bc95b83fb8d970a06ef9b15eca1
sourceafis,train,impostor,101,101_1,102_2,29,59,,,6,288.05,5e6ab7051504d7261bc8c93d92c096a9dff916b92bd2fdecf8a26871a79a4376,dee5bc5c95217b5c1577b66043057fcecc5035ff257ee22f961e3355c6225ece
sourceafis,train,impostor,101,101_1,102_3,29,46,,,7,266.29,5e6ab7051504d7261bc8c93d92c096a9dff916b92bd2fdecf8a26871a79a4376,6d0f026f47a34eb537db49623f3f849e7cd386b2549594afedabb3f23b521c59
sourceafis,train,impostor,101,101_1,102_4,29,53,,,9,280.93,5e6ab7051504d7261bc8c93d92c096a9dff916b92bd2fdecf8a26871a79a4376,abc37af4fe0eebb1efb9463ba6aafd8b6a70cc38ccb07a0fc72a2af5f6499ef4
sourceafis,train,impostor,101,101_1,102_5,29,55,,,7,278.45,5e6ab7051504d7261bc8c93d92c096a9dff916b92bd2fdecf8a26871a79a4376,912a1dcdffc1738ec3ee239991793b37490ad53f406fe49844dd44e5055981cd
sourceafis,train,impostor,101,101_1,102_6,29,47,,,9,438.21,5e6ab7051504d7261bc8c93d92c096a9dff916b92bd2fdecf8a26871a79a4376,0689a46cd0c5e0d6d2c6838d3958ef5d4c059b36cff4eef3930649b832b34b98
sourceafis,train,impostor,101,101_1,102_7,29,58,,,6,266.22,5e6ab7051504d7261bc8c93d92c096a9dff916b92bd2fdecf8a26871a79a4376,8007c9e8e5fdc7e3dd1e8ecfaad4f23c498ddacd12a296be6b23fa12ba0ece56
sourceafis,train,impostor,101,101_1,102_8,29,54,,,7,281.18,5e6ab7051504d7261bc8c93d92c096a9dff916b92bd2fdecf8a26871a79a4376,d7fe4448f54ba2f822da02da19896daac06d42f8f5fb4720bf46b6e3085e341a
sourceafis,train,impostor,101,101_2,102_3,42,46,,,17,260.85,4aabb4d65a28b56e0972aade044b70ececeef26d6760c0c27f12b40f0012556f,6d0f026f47a34eb537db49623f3f849e7cd386b2549594afedabb3f23b521c59
sourceafis,train,impostor,101,101_2,102_4,42,53,,,9,249,4aabb4d65a28b56e0972aade044b70ececeef26d6760c0c27f12b40f0012556f,abc37af4fe0eebb1efb9463ba6aafd8b6a70cc38ccb07a0fc72a2af5f6499ef4
sourceafis,train,impostor,101,101_2,102_5,42,55,,,8,280.92,4aabb4d65a28b56e0972aade044b70ececeef26d6760c0c27f12b40f0012556f,912a1dcdffc1738ec3ee239991793b37490ad53f406fe49844dd44e5055981cd
sourceafis,train,impostor,101,101_2,102_6,42,47,,,12,311.91,4aabb4d65a28b56e0972aade044b70ececeef26d6760c0c27f12b40f0012556f,0689a46cd0c5e0d6d2c6838d3958ef5d4c059b36cff4eef3930649b832b34b98
sourceafis,train,impostor,101,101_2,102_7,42,58,,,8,583.03,4aabb4d65a28b56e0972aade044b70ececeef26d6760c0c27f12b40f0012556f,8007c9e8e5fdc7e3dd1e8ecfaad4f23c498ddacd12a296be6b23fa12ba0ece56
sourceafis,train,impostor,101,101_2,102_8,42,54,,,7,379.69,4aabb4d65a28b56e0972aade044b70ececeef26d6760c0c27f12b40f0012556f,d7fe4448f54ba2f822da02da19896daac06d42f8f5fb4720bf46b6e3085e341a
sourceafis,train,impostor,101,101_3,102_4,24,53,,,7,322.41,4c22f3a04a590ae26532f23d3485ec3f52739731e7dfec071fbf352cc43c4810,abc37af4fe0eebb1efb9463ba6aafd8b6a70cc38ccb07a0fc72a2af5f6499ef4
sourceafis,train,impostor,101,101_3,102_5,24,55,,,6,340.2,4c22f3a04a590ae26532f23d3485ec3f52739731e7dfec071fbf352cc43c4810,912a1dcdffc1738ec3ee239991793b37490ad53f406fe49844dd44e5055981cd
sourceafis,train,impostor,101,101_3,102_6,24,47,,,7,306.69,4c22f3a04a590ae26532f23d3485ec3f52739731e7dfec071fbf352cc43c4810,0689a46cd0c5e0d6d2c6838d3958ef5d4c059b36cff4eef3930649b832b34b98
sourceafis,train,impostor,101,101_3,102_7,24,58,,,4,296.54,4c22f3a04a590ae26532f23d3485ec3f52739731e7dfec071fbf352cc43c4810,8007c9e8e5fdc7e3dd1e8ecfaad4f23c498ddacd12a296be6b23fa12ba0ece56
sourceafis,train,impostor,101,101_3,102_8,24,54,,,6,279.24,4c22f3a04a590ae26532f23d3485ec3f52739731e7dfec071fbf352cc43c4810,d7fe4448f54ba2f822da02da19896daac06d42f8f5fb4720bf46b6e3085e341a
sourceafis,train,impostor,101,101_4,102_5,71,55,,,11,286.08,122dbb9a32571a35e6d55e2a6ccc882b61337b3a9b755c63c28f3324aca77151,912a1dcdffc1738ec3ee239991793b37490ad53f406fe49844dd44e5055981cd
sourceafis,train,impostor,101,101_4,102_6,71,47,,,16,281.16,122dbb9a32571a35e6d55e2a6ccc882b61337b3a9b755c63c28f3324aca77151,0689a46cd0c5e0d6d2c6838d3958ef5d4c059b36cff4eef3930649b832b34b98
sourceafis,train,impostor,101,101_4,102_7,71,58,,,14,405.81,122dbb9a32571a35e6d55e2a6ccc882b61337b3a9b755c63c28f3324aca77151,8007c9e8e5fdc7e3dd1e8ecfaad4f23c498ddacd12a296be6b23fa12ba0ece56
sourceafis,train,impostor,101,101_4,102_8,71,54,,,13,279.96,122dbb9a32571a35e6d55e2a6ccc882b61337b3a9b755c63c28f3324aca77151,d7fe4448f54ba2f822da02da19896daac06d42f8f5fb4720bf46b6e3085e341a
sourceafis,train,impostor,101,101_5,102_6,47,47,,,10,250.21,97af114bc7552cf3774a25d6b1889c503d0954a5933cf5c100431a3d4d0321d3,0689a46cd0c5e0d6d2c6838d3958ef5d4c059b36cff4eef3930649b832b34b98
sourceafis,train,impostor,101,101_5,102_7,47,58,,,6,263.81,97af114bc7552cf3774a25d6b1889c503d0954a5933cf5c100431a3d4d0321d3,8007c9e8e5fdc7e3dd1e8ecfaad4f23c498ddacd12a296be6b23fa12ba0ece56
sourceafis,train,impostor,101,101_5,102_8,47,54,,,6,282.64,97af114bc7552cf3774a25d6b1889c503d0954a5933cf5c100431a3d4d0321d3,d7fe4448f54ba2f822da02da19896daac06d42f8f5fb4720bf46b6e3085e341a
sourceafis,train,impostor,101,101_6,102_7,44,58,,,8,263.22,9345470dade59f65098836d8a512d4a3492e3f8bbd0c7b30f8b15d9bc95fba52,8007c9e8e5fdc7e3dd1e8ecfaad4f23c498ddacd12a296be6b23fa12ba0ece56
sourceafis,train,impostor,101,101_6,102_8,44,54,,,7,273.74,9345470dade59f65098836d8a512d4a3492e3f8bbd0c7b30f8b15d9bc95fba52,d7fe4448f54ba2f822da02da19896daac06d42f8f5fb4720bf46b6e3085e341a
sourceafis,train,impostor,101,101_7,102_8,29,54,,,7,269.35,82663dd77ab163c462b820fc3c3087d5cf5e8011554daadcd6df412609c8f708,d7fe4448f54ba2f822da02da19896daac06d42f8f5fb4720bf46b6e3085e341a
sourceafis,train,impostor,102,102_1,103_2,63,42,,,7,281.66,cef232da98a710c36805119f1dbcf7e166abe368c30a51dd08fac5a018bec564,1d947686137f106cee0ac1011385fd157bbbeb9c464c01c906b6906b881c396d
sourceafis,train,impostor,102,102_1,103_3,63,43,,,6,270.13,cef232da98a710c36805119f1dbcf7e166abe368c30a51dd08fac5a018bec564,5c06d70acec013379418aa97442c6602a2895576a078c34d0583105b727e8b83
sourceafis,train,impostor,102,102_1,103_4,63,29,,,4,277.46,cef232da98a710c36805119f1dbcf7e166abe368c30a51dd08fac5a018bec564,ad443beaa4f963930bd2e864c703cbcd8c46bda62f5cff79ef4ee06c320d8ab8
sourceafis,train,impostor,102,102_1,103_5,63,41,,,7,248.92,cef232da98a710c36805119f1dbcf7e166abe368c30a51dd08fac5a018bec564,3153139a4a42b1b9fc5b078bbc4fa0526627bdf32fe4e8a6080e0091937d9eaf
sourceafis,train,impostor,102,102_1,103_6,63,38,,,7,306.01,cef232da98a710c36805119f1dbcf7e166abe368c30a51dd08fac5a018bec564,c2cca0189cd16ccb746ca3203ebba157e66f340863ae6e75109ec5b6d8963935
sourceafis,train,impostor,102,102_1,103_7,63,40,,,10,258.73,cef232da98a710c36805119f1dbcf7e166abe368c30a51dd08fac5a018bec564,69a4063993354e94c9b4093eb022d3512e7fc88e021089805953b54ca1c1ea35
sourceafis,train,impostor,102,102_1,103_8,63,46,,,8,269.17,cef232da98a710c36805119f1dbcf7e166abe368c30a51dd08fac5a018bec564,4116d840237cdeb226adcc89cbe2780ec72907576bf0d55f6230eef3d20985d8
sourceafis,train,impostor,102,102_2,103_3,59,43,,,9,286.82,dee5bc5c95217b5c1577b66043057fcecc5035ff257ee22f961e3355c6225ece,5c06d70acec013379418aa97442c6602a2895576a078c34d0583105b727e8b83
sourceafis,train,impostor,102,102_2,103_4,59,29,,,5,265.82,dee5bc5c95217b5c1577b66043057fcecc5035ff257ee22f961e3355c6225ece,ad443beaa4f963930bd2e864c703cbcd8c46bda62f5cff79ef4ee06c320d8ab8
sourceafis,train,impostor,102,102_2,103_5,59,41,,,7,279.26,dee5bc5c95217b5c1577b66043057fcecc5035ff257ee22f961e3355c6225ece,3153139a4a42b1b9fc5b078bbc4fa0526627bdf32fe4e8a6080e0091937d9eaf
sourceafis,train,impostor,102,102_2,103_6,59,38,,,5,259.43,dee5bc5c95217b5c1577b66043057fcecc5035ff257ee22f961e3355c6225ece,c2cca0189cd16ccb746ca3203ebba157e66f340863ae6e75109ec5b6d8963935
sourceafis,train,impostor,102,102_2,103_7,59,40,,,9,401.06,dee5bc5c95217b5c1577b66043057fcecc5035ff257ee22f961e3355c6225ece,69a4063993354e94c9b4093eb022d3512e7fc88e021089805953b54ca1c1ea35
sourceafis,train,impostor,102,102_2,103_8,59,46,,,8,276,dee5bc5c95217b5c1577b66043057fcecc5035ff257ee22f961e3355c6225ece,4116d840237cdeb226adcc89cbe2780ec72907576bf0d55f6230eef3d20985d8
sourceafis,train,impostor,102,102_3,103_4,46,29,,,9,258.8,6d0f026f47a34eb537db49623f3f849e7cd386b2549594afedabb3f23b521c59,ad443beaa4f963930bd2e864c703cbcd8c46bda62f5cff79ef4ee06c320d8ab8
sourceafis,train,impostor,102,102_3,103_5,46,41,,,10,264.36,6d0f026f47a34eb537db49623f3f849e7cd386b2549594afedabb3f23b521c59,3153139a4a42b1b9fc5b078bbc4fa0526627bdf32fe4e8a6080e0091937d9eaf
sourceafis,train,impostor,102,102_3,103_6,46,38,,,12,289.38,6d0f026f47a34eb537db49623f3f849e7cd386b2549594afedabb3f23b521c59,c2cca0189cd16ccb746ca3203ebba157e66f340863ae6e75109ec5b6d8963935
sourceafis,train,impostor,102,102_3,103_7,46,40,,,16,288.25,6d0f026f47a34eb537db49623f3f849e7cd386b2549594afedabb3f23b521c59,69a4063993354e94c9b4093eb022d3512e7fc88e021089805953b54ca1c1ea35
sourceafis,train,impostor,102,102_3,103_8,46,46,,,11,249.42,6d0f026f47a34eb537db49623f3f849e7cd386b2549594afedabb3f23b521c59,4116d840237cdeb226adcc89cbe2780ec72907576bf0d55f6230eef3d20985d8
sourceafis,train,impostor,102,102_4,103_5,53,41,,,8,253.87,abc37af4fe0eebb1efb9463ba6aafd8b6a70cc38ccb07a0fc72a2af5f6499ef4,3153139a4a42b1b9fc5b078bbc4fa0526627bdf32fe4e8a6080e0091937d9eaf
sourceafis,train,impostor,102,102_4,103_6,53,38,,,7,279.52,abc37af4fe0eebb1efb9463ba6aafd8b6a70cc38ccb07a0fc72a2af5f6499ef4,c2cca0189cd16ccb746ca3203ebba157e66f340863ae6e75109ec5b6d8963935
sourceafis,train,impostor,102,102_4,103_7,53,40,,,12,248.47,abc37af4fe0eebb1efb9463ba6aafd8b6a70cc38ccb07a0fc72a2af5f6499ef4,69a4063993354e94c9b4093eb022d3512e7fc88e021089805953b54ca1c1ea35
sourceafis,train,impostor,102,102_4,103_8,53,46,,,11,247.79,abc37af4fe0eebb1efb9463ba6aafd8b6a70cc38ccb07a0fc72a2af5f6499ef4,4116d840237cdeb226adcc89cbe2780ec72907576bf0d55f6230eef3d20985d8
sourceafis,train,impostor,102,102_5,103_6,55,38,,,13,261.09,912a1dcdffc1738ec3ee239991793b37490ad53f406fe49844dd44e5055981cd,c2cca0189cd16ccb746ca3203ebba157e66f340863ae6e75109ec5b6d8963935
sourceafis,train,impostor,102,102_5,103_7,55,40,,,11,273.73,912a1dcdffc1738ec3ee239991793b37490ad53f406fe49844dd44e5055981cd,69a4063993354e94c9b4093eb022d3512e7fc88e021089805953b54ca1c1ea35
sourceafis,train,impostor,102,102_5,103_8,55,46,,,9,269.28,912a1dcdffc1738ec3ee239991793b37490ad53f406fe49844dd44e5055981cd,4116d840237cdeb226adcc89cbe2780ec72907576bf0d55f6230eef3d20985d8
sourceafis,train,impostor,102,102_6,103_7,47,40,,,14,251.62,0689a46cd0c5e0d6d2c6838d3958ef5d4c059b36cff4eef3930649b832b34b98,69a4063993354e94c9b4093eb022d3512e7fc88e021089805953b54ca1c1ea35
sourceafis,train,impostor,102,102_6,103_8,47,46,,,11,286.89,0689a46cd0c5e0d6d2c6838d3958ef5d4c059b36cff4eef3930649b832b34b98,4116d840237cdeb226adcc89cbe2780ec72907576bf0d55f6230eef3d20985d8
sourceafis,train,impostor,102,102_7,103_8,58,46,,,8,268.96,8007c9e8e5fdc7e3dd1e8ecfaad4f23c498ddacd12a296be6b23fa12ba0ece56,4116d840237cdeb226adcc89cbe2780ec72907576bf0d55f6230eef3d20985d8
sourceafis,train,impostor,103,103_1,104_2,41,30,,,6,253.29,566ae74a6b35100d60ede7b3085ab14074ed44877c0232299631fc3e04da7b04,10412c2cef76d6368536f7dd898f22cba30101f074c403c53e5581318c5e6975
sourceafis,train,impostor,103,103_1,104_3,41,25,,,9,280.64,566ae74a6b35100d60ede7b3085ab14074ed44877c0232299631fc3e04da7b04,c7ee31ce4502dd7490e7d2354fddadfd259c92dc58babf40ad9200af534a41d4
sourceafis,train,impostor,103,103_1,104_4,41,28,,,11,423.62,566ae74a6b35100d60ede7b3085ab14074ed44877c0232299631fc3e04da7b04,a0171fb7904f795f018dbb7654be474c78bffc6181ae21b2f5d264640c8cd907
sourceafis,train,impostor,103,103_1,104_5,41,14,,,4,259.01,566ae74a6b35100d60ede7b3085ab14074ed44877c0232299631fc3e04da7b04,1ae4cc4d0f2b128902b1d165a137e8434aa63f06e388add97f05e6e9ba02ab53
sourceafis,train,impostor,103,103_1,104_6,41,25,,,5,269.48,566ae74a6b35100d60ede7b3085ab14074ed44877c0232299631fc3e04da7b04,668b4271a39416080caf8afaeb5939e5936775efa0465f2abda402fdfdae35ea
sourceafis,train,impostor,103,103_1,104_7,41,30,,,10,248.71,566ae74a6b35100d60ede7b3085ab14074ed44877c0232299631fc3e04da7b04,bfb9ca8c011c429e194931b09cc30080548d4edc7785ed5b944fa081ff2fa49d
sourceafis,train,impostor,103,103_1,104_8,41,29,,,7,284.11,566ae74a6b35100d60ede7b3085ab14074ed44877c0232299631fc3e04da7b04,87b7eeea51a3b1fbc90b4abc9f4812834736e9624cdd16c600b7c6693cfcaad6
sourceafis,train,impostor,103,103_2,104_3,42,25,,,10,272.54,1d947686137f106cee0ac1011385fd157bbbeb9c464c01c906b6906b881c396d,c7ee31ce4502dd7490e7d2354fddadfd259c92dc58babf40ad9200af534a41d4
sourceafis,train,impostor,103,103_2,104_4,42,28,,,12,238.47,1d947686137f106cee0ac1011385fd157bbbeb9c464c01c906b6906b881c396d,a0171fb7904f795f018dbb7654be474c78bffc6181ae21b2f5d264640c8cd907
sourceafis,train,impostor,103,103_2,104_5,42,14,,,7,263.22,1d947686137f106cee0ac1011385fd157bbbeb9c464c01c906b6906b881c396d,1ae4cc4d0f2b128902b1d165a137e8434aa63f06e388add97f05e6e9ba02ab53
sourceafis,train,impostor,103,103_2,104_6,42,25,,,10,269.92,1d947686137f106cee0ac1011385fd157bbbeb9c464c01c906b6906b881c396d,668b4271a39416080caf8afaeb5939e5936775efa0465f2abda402fdfdae35ea
sourceafis,train,impostor,103,103_2,104_7,42,30,,,7,266.82,1d947686137f106cee0ac1011385fd157bbbeb9c464c01c906b6906b881c396d,bfb9ca8c011c429e194931b09cc30080548d4edc7785ed5b944fa081ff2fa49d
sourceafis,train,impostor,103,103_2,104_8,42,29,,,7,269.16,1d947686137f106cee0ac1011385fd157bbbeb9c464c01c906b6906b881c396d,87b7eeea51a3b1fbc90b4abc9f4812834736e9624cdd16c600b7c6693cfcaad6
sourceafis,train,impostor,103,103_3,104_4,43,28,,,13,444.85,5c06d70acec013379418aa97442c6602a2895576a078c34d0583105b727e8b83,a0171fb7904f795f018dbb7654be474c78bffc6181ae21b2f5d264640c8cd907
sourceafis,train,impostor,103,103_3,104_5,43,14,,,6,360.65,5c06d70acec013379418aa97442c6602a2895576a078c34d0583105b727e8b83,1ae4cc4d0f2b128902b1d165a137e8434aa63f06e388add97f05e6e9ba02ab53
sourceafis,train,impostor,103,103_3,104_6,43,25,,,5,326.21,5c06d70acec013379418aa97442c6602a2895576a078c34d0583105b727e8b83,668b4271a39416080caf8afaeb5939e5936775efa0465f2abda402fdfdae35ea
sourceafis,train,impostor,103,103_3,104_7,43,30,,,9,313.63,5c06d70acec013379418aa97442c6602a2895576a078c34d0583105b727e8b83,bfb9ca8c011c429e194931b09cc30080548d4edc7785ed5b944fa081ff2fa49d
sourceafis,train,impostor,103,103_3,104_8,43,29,,,8,272.87,5c06d70acec013379418aa97442c6602a2895576a078c34d0583105b727e8b83,87b7eeea51a3b1fbc90b4abc9f4812834736e9624cdd16c600b7c6693cfcaad6
sourceafis,train,impostor,103,103_4,104_5,29,14,,,3,263.01,ad443beaa4f963930bd2e864c703cbcd8c46bda62f5cff79ef4ee06c320d8ab8,1ae4cc4d0f2b128902b1d165a137e8434aa63f06e388add97f05e6e9ba02ab53
sourceafis,train,impostor,103,103_4,104_6,29,25,,,4,423.09,ad443beaa4f963930bd2e864c703cbcd8c46bda62f5cff79ef4ee06c320d8ab8,668b4271a39416080caf8afaeb5939e5936775efa0465f2abda402fdfdae35ea
sourceafis,train,impostor,103,103_4,104_7,29,30,,,7,285.83,ad443beaa4f963930bd2e864c703cbcd8c46bda62f5cff79ef4ee06c320d8ab8,bfb9ca8c011c429e194931b09cc30080548d4edc7785ed5b944fa081ff2fa49d
sourceafis,train,impostor,103,103_4,104_8,29,29,,,9,251.77,ad443beaa4f963930bd2e864c703cbcd8c46bda62f5cff79ef4ee06c320d8ab8,87b7eeea51a3b1fbc90b4abc9f4812834736e9624cdd16c600b7c6693cfcaad6
sourceafis,train,impostor,103,103_5,104_6,41,25,,,6,251.98,3153139a4a42b1b9fc5b078bbc4fa0526627bdf32fe4e8a6080e0091937d9eaf,668b4271a39416080caf8afaeb5939e5936775efa0465f2abda402fdfdae35ea
sourceafis,train,impostor,103,103_5,104_7,41,30,,,6,282.65,3153139a4a42b1b9fc5b078bbc4fa0526627bdf32fe4e8a6080e0091937d9eaf,bfb9ca8c011c429e194931b09cc30080548d4edc7785ed5b944fa081ff2fa49d
sourceafis,train,impostor,103,103_5,104_8,41,29,,,5,247.55,3153139a4a42b1b9fc5b078bbc4fa0526627bdf32fe4e8a6080e0091937d9eaf,87b7eeea51a3b1fbc90b4abc9f4812834736e9624cdd16c600b7c6693cfcaad6
sourceafis,train,impostor,103,103_6,104_7,38,30,,,9,276.56,c2cca0189cd16ccb746ca3203ebba157e66f340863ae6e75109ec5b6d8963935,bfb9ca8c011c429e194931b09cc30080548d4edc7785ed5b944fa081ff2fa49d
sourceafis,train,impostor,103,103_6,104_8,38,29,,,10,277.26,c2cca0189cd16ccb746ca3203ebba157e66f340863ae6e75109ec5b6d8963935,87b7eeea51a3b1fbc90b4abc9f4812834736e9624cdd16c600b7c6693cfcaad6
sourceafis,train,impostor,103,103_7,104_8,40,29,,,9,296.39,69a4063993354e94c9b4093eb022d3512e7fc88e021089805953b54ca1c1ea35,87b7eeea51a3b1fbc90b4abc9f4812834736e9624cdd16c600b7c6693cfcaad6
sourceafis,train,impostor,104,104_1,105_2,33,34,,,13,265.29,42f7fccf3d5f1499100ca2f92c0f820d25e15b24a18fb7aac907f30e95c58e18,7fb9482fa59f6997ca57a7fb4327cf031c40805c7ea45790cc6d186aeed06eeb
sourceafis,train,impostor,104,104_1,105_3,33,24,,,5,261.31,42f7fccf3d5f1499100ca2f92c0f820d25e15b24a18fb7aac907f30e95c58e18,af5a0686c2809d3c0df93566022e876f86f755f22378bf1be2d34d78554e139c
sourceafis,train,impostor,104,104_1,105_4,33,42,,,7,270.99,42f7fccf3d5f1499100ca2f92c0f820d25e15b24a18fb7aac907f30e95c58e18,3e3b7d534f4bb3cb312e2e2ae0425dba75da10644076a6fe7cd689273b20c8ca
sourceafis,train,impostor,104,104_1,105_5,33,31,,,9,259.09,42f7fccf3d5f1499100ca2f92c0f820d25e15b24a18fb7aac907f30e95c58e18,adc533901286a1e601c466392af027f141dd89dde1ef79d93ce1a58bb12192ec
sourceafis,train,impostor,104,104_1,105_6,33,35,,,9,252.12,42f7fccf3d5f1499100ca2f92c0f820d25e15b24a18fb7aac907f30e95c58e18,237bdd1e19377181d31db84e7a40d3dfcbafb48ea2d79591c0f28cc9530bb6e0
sourceafis,train,impostor,104,104_1,105_7,33,29,,,14,266.84,42f7fccf3d5f1499100ca2f92c0f820d25e15b24a18fb7aac907f30e95c58e18,21d5b98ab8e1fbd92dd1b66f552c5608aed19f0119672c78818570cd342f750f
sourceafis,train,impostor,104,104_1,105_8,33,33,,,7,278.85,42f7fccf3d5f1499100ca2f92c0f820d25e15b24a18fb7aac907f30e95c58e18,1782251d1ab405d854d9bd7620677ab28af1d8c995ee6cffc941d4ded1315ecb
sourceafis,train,impostor,104,104_2,105_3,30,24,,,3,258.58,10412c2cef76d6368536f7dd898f22cba30101f074c403c53e5581318c5e6975,af5a0686c2809d3c0df93566022e876f86f755f22378bf1be2d34d78554e139c
sourceafis,train,impostor,104,104_2,105_4,30,42,,,5,278.16,10412c2cef76d6368536f7dd898f22cba30101f074c403c53e5581318c5e6975,3e3b7d534f4bb3cb312e2e2ae0425dba75da10644076a6fe7cd689273b20c8ca
sourceafis,train,impostor,104,104_2,105_5,30,31,,,7,277.28,10412c2cef76d6368536f7dd898f22cba30101f074c403c53e5581318c5e6975,adc533901286a1e601c466392af027f141dd89dde1ef79d93ce1a58bb12192ec
sourceafis,train,impostor,104,104_2,105_6,30,35,,,6,381.23,10412c2cef76d6368536f7dd898f22cba30101f074c403c53e5581318c5e6975,237bdd1e19377181d31db84e7a40d3dfcbafb48ea2d79591c0f28cc9530bb6e0
sourceafis,train,impostor,104,104_2,105_7,30,29,,,5,258.8,10412c2cef76d6368536f7dd898f22cba30101f074c403c53e5581318c5e6975,21d5b98ab8e1fbd92dd1b66f552c5608aed19f0119672c78818570cd342f750f
sourceafis,train,impostor,104,104_2,105_8,30,33,,,3,267.43,10412c2cef76d6368536f7dd898f22cba30101f074c403c53e5581318c5e6975,1782251d1ab405d854d9bd7620677ab28af1d8c995ee6cffc941d4ded1315ecb
sourceafis,train,impostor,104,104_3,105_4,25,42,,,9,284.65,c7ee31ce4502dd7490e7d2354fddadfd259c92dc58babf40ad9200af534a41d4,3e3b7d534f4bb3cb312e2e2ae0425dba75da10644076a6fe7cd689273b20c8ca
sourceafis,train,impostor,104,104_3,105_5,25,31,,,9,336.33,c7ee31ce4502dd7490e7d2354fddadfd259c92dc58babf40ad9200af534a41d4,adc533901286a1e601c466392af027f141dd89dde1ef79d93ce1a58bb12192ec
sourceafis,train,impostor,104,104_3,105_6,25,35,,,8,254.33,c7ee31ce4502dd7490e7d2354fddadfd259c92dc58babf40ad9200af534a41d4,237bdd1e19377181d31db84e7a40d3dfcbafb48ea2d79591c0f28cc9530bb6e0
sourceafis,train,impostor,104,104_3,105_7,25,29,,,10,276.69,c7ee31ce4502dd7490e7d2354fddadfd259c92dc58babf40ad9200af534a41d4,21d5b98ab8e1fbd92dd1b66f552c5608aed19f0119672c78818570cd342f750f
sourceafis,train,impostor,104,104_3,105_8,25,33,,,16,349.4,c7ee31ce4502dd7490e7d2354fddadfd259c92dc58babf40ad9200af534a41d4,1782251d1ab405d854d9bd7620677ab28af1d8c995ee6cffc941d4ded1315ecb
sourceafis,train,impostor,104,104_4,105_5,28,31,,,8,259.72,a0171fb7904f795f018dbb7654be474c78bffc6181ae21b2f5d264640c8cd907,adc533901286a1e601c466392af027f141dd89dde1ef79d93ce1a58bb12192ec
sourceafis,train,impostor,104,104_4,105_6,28,35,,,7,255.91,a0171fb7904f795f018dbb7654be474c78bffc6181ae21b2f5d264640c8cd907,237bdd1e19377181d31db84e7a40d3dfcbafb48ea2d79591c0f28cc9530bb6e0
sourceafis,train,impostor,104,104_4,105_7,28,29,,,6,271.18,a0171fb7904f795f018dbb7654be474c78bffc6181ae21b2f5d264640c8cd907,21d5b98ab8e1fbd92dd1b66f552c5608aed19f0119672c78818570cd342f750f
sourceafis,train,impostor,104,104_4,105_8,28,33,,,13,270.3,a0171fb7904f795f018dbb7654be474c78bffc6181ae21b2f5d264640c8cd907,1782251d1ab405d854d9bd7620677ab28af1d8c995ee6cffc941d4ded1315ecb
sourceafis,train,impostor,104,104_5,105_6,14,35,,,6,265.66,1ae4cc4d0f2b128902b1d165a137e8434aa63f06e388add97f05e6e9ba02ab53,237bdd1e19377181d31db84e7a40d3dfcbafb48ea2d79591c0f28cc9530bb6e0
sourceafis,train,impostor,104,104_5,105_7,14,29,,,4,246.96,1ae4cc4d0f2b128902b1d165a137e8434aa63f06e388add97f05e6e9ba02ab53,21d5b98ab8e1fbd92dd1b66f552c5608aed19f0119672c78818570cd342f750f
sourceafis,train,impostor,104,104_5,105_8,14,33,,,4,272.6,1ae4cc4d0f2b128902b1d165a137e8434aa63f06e388add97f05e6e9ba02ab53,1782251d1ab405d854d9bd7620677ab28af1d8c995ee6cffc941d4ded1315ecb
sourceafis,train,impostor,104,104_6,105_7,25,29,,,6,270.84,668b4271a39416080caf8afaeb5939e5936775efa0465f2abda402fdfdae35ea,21d5b98ab8e1fbd92dd1b66f552c5608aed19f0119672c78818570cd342f750f
sourceafis,train,impostor,104,104_6,105_8,25,33,,,7,258.13,668b4271a39416080caf8afaeb5939e5936775efa0465f2abda402fdfdae35ea,1782251d1ab405d854d9bd7620677ab28af1d8c995ee6cffc941d4ded1315ecb
sourceafis,train,impostor,104,104_7,105_8,30,33,,,9,273.28,bfb9ca8c011c429e194931b09cc30080548d4edc7785ed5b944fa081ff2fa49d,1782251d1ab405d854d9bd7620677ab28af1d8c995ee6cffc941d4ded1315ecb
sourceafis,train,impostor,105,105_1,106_2,46,24,,,5,281.45,3a8eabffb24282bdfa242ccac550bd6e44e70ec80874d5f6cf078848266706ca,29ddcd4a741f9c24c0d96ce5ae233f65a2ef129b9ffbfd1581fd4468df4fa6f0
sourceafis,train,impostor,105,105_1,106_3,46,25,,,10,423.45,3a8eabffb24282bdfa242ccac550bd6e44e70ec80874d5f6cf078848266706ca,a3374c7b5fc5337d4b997e0fa76b1e2372d30469ffb6901e64fe14db778aa3d6
sourceafis,train,impostor,105,105_1,106_4,46,34,,,19,273.48,3a8eabffb24282bdfa242ccac550bd6e44e70ec80874d5f6cf078848266706ca,57725d6dc50f9eefad304e362be42e978127de34d7ebb089a8e1f3b2b4518139
sourceafis,train,impostor,105,105_1,106_5,46,42,,,18,282.76,3a8eabffb24282bdfa242ccac550bd6e44e70ec80874d5f6cf078848266706ca,1830636c7ccb428c0798c570545ade30a83494895cdfe9a3431968a87731f1e8
sourceafis,train,impostor,105,105_1,106_6,46,27,,,9,277.86,3a8eabffb24282bdfa242ccac550bd6e44e70ec80874d5f6cf078848266706ca,d786db559a4a525850b45f0e9ae1b57fdcbd1d0db652ad36417b7d9aaf509a51
sourceafis,train,impostor,105,105_1,106_7,46,37,,,18,260.28,3a8eabffb24282bdfa242ccac550bd6e44e70ec80874d5f6cf078848266706ca,12690c4f5bf4767d65bcac752fdab38c287c83e41bed5aff5831e627bf2919da
sourceafis,train,impostor,105,105_1,106_8,46,32,,,12,258.98,3a8eabffb24282bdfa242ccac550bd6e44e70ec80874d5f6cf078848266706ca,c2e1df414ece615e0fd13edc950d706cc872b7b1f0efb893e406804ba6d12258
sourceafis,train,impostor,105,105_2,106_3,34,25,,,8,258.52,7fb9482fa59f6997ca57a7fb4327cf031c40805c7ea45790cc6d186aeed06eeb,a3374c7b5fc5337d4b997e0fa76b1e2372d30469ffb6901e64fe14db778aa3d6
sourceafis,train,impostor,105,105_2,106_4,34,34,,,9,264.24,7fb9482fa59f6997ca57a7fb4327cf031c40805c7ea45790cc6d186aeed06eeb,57725d6dc50f9eefad304e362be42e978127de34d7ebb089a8e1f3b2b4518139
sourceafis,train,impostor,105,105_2,106_5,34,42,,,18,279.59,7fb9482fa59f6997ca57a7fb4327cf031c40805c7ea45790cc6d186aeed06eeb,1830636c7ccb428c0798c570545ade30a83494895cdfe9a3431968a87731f1e8
sourceafis,train,impostor,105,105_2,106_6,34,27,,,17,428.72,7fb9482fa59f6997ca57a7fb4327cf031c40805c7ea45790cc6d186aeed06eeb,d786db559a4a525850b45f0e9ae1b57fdcbd1d0db652ad36417b7d9aaf509a51
sourceafis,train,impostor,105,105_2,106_7,34,37,,,12,274.41,7fb9482fa59f6997ca57a7fb4327cf031c40805c7ea45790cc6d186aeed06eeb,12690c4f5bf4767d65bcac752fdab38c287c83e41bed5aff5831e627bf2919da
sourceafis,train,impostor,105,105_2,106_8,34,32,,,11,272.95,7fb9482fa59f6997ca57a7fb4327cf031c40805c7ea45790cc6d186aeed06eeb,c2e1df414ece615e0fd13edc950d706cc872b7b1f0efb893e406804ba6d12258
sourceafis,train,impostor,105,105_3,106_4,24,34,,,7,285.97,af5a0686c2809d3c0df93566022e876f86f755f22378bf1be2d34d78554e139c,57725d6dc50f9eefad304e362be42e978127de34d7ebb089a8e1f3b2b4518139
sourceafis,train,impostor,105,105_3,106_5,24,42,,,6,278.98,af5a0686c2809d3c0df93566022e876f86f755f22378bf1be2d34d78554e139c,1830636c7ccb428c0798c570545ade30a83494895cdfe9a3431968a87731f1e8
sourceafis,train,impostor,105,105_3,106_6,24,27,,,7,258.58,af5a0686c2809d3c0df93566022e876f86f755f22378bf1be2d34d78554e139c,d786db559a4a525850b45f0e9ae1b57fdcbd1d0db652ad36417b7d9aaf509a51
sourceafis,train,impostor,105,105_3,106_7,24,37,,,6,265.44,af5a0686c2809d3c0df93566022e876f86f755f22378bf1be2d34d78554e139c,12690c4f5bf4767d65bcac752fdab38c287c83e41bed5aff5831e627bf2919da
sourceafis,train,impostor,105,105_3,106_8,24,32,,,10,271.26,af5a0686c2809d3c0df93566022e876f86f755f22378bf1be2d34d78554e139c,c2e1df414ece615e0fd13edc950d706cc872b7b1f0efb893e406804ba6d12258
sourceafis,train,impostor,105,105_4,106_5,42,42,,,12,266.6,3e3b7d534f4bb3cb312e2e2ae0425dba75da10644076a6fe7cd689273b20c8ca,1830636c7ccb428c0798c570545ade30a83494895cdfe9a3431968a87731f1e8
sourceafis,train,impostor,105,105_4,106_6,42,27,,,12,441.86,3e3b7d534f4bb3cb312e2e2ae0425dba75da10644076a6fe7cd689273b20c8ca,d786db559a4a525850b45f0e9ae1b57fdcbd1d0db652ad36417b7d9aaf509a51
sourceafis,train,impostor,105,105_4,106_7,42,37,,,12,258.18,3e3b7d534f4bb3cb312e2e2ae0425dba75da10644076a6fe7cd689273b20c8ca,12690c4f5bf4767d65bcac752fdab38c287c83e41bed5aff5831e627bf2919da
sourceafis,train,impostor,105,105_4,106_8,42,32,,,14,246.47,3e3b7d534f4bb3cb312e2e2ae0425dba75da10644076a6fe7cd689273b20c8ca,c2e1df414ece615e0fd13edc950d706cc872b7b1f0efb893e406804ba6d12258
sourceafis,train,impostor,105,105_5,106_6,31,27,,,12,251.29,adc533901286a1e601c466392af027f141dd89dde1ef79d93ce1a58bb12192ec,d786db559a4a525850b45f0e9ae1b57fdcbd1d0db652ad36417b7d9aaf509a51
sourceafis,train,impostor,105,105_5,106_7,31,37,,,14,276.87,adc533901286a1e601c466392af027f141dd89dde1ef79d93ce1a58bb12192ec,12690c4f5bf4767d65bcac752fdab38c287c83e41bed5aff5831e627bf2919da
sourceafis,train,impostor,105,105_5,106_8,31,32,,,15,275,adc533901286a1e601c466392af027f141dd89dde1ef79d93ce1a58bb12192ec,c2e1df414ece615e0fd13edc950d706cc872b7b1f0efb893e406804ba6d12258
sourceafis,train,impostor,105,105_6,106_7,35,37,,,13,264.78,237bdd1e19377181d31db84e7a40d3dfcbafb48ea2d79591c0f28cc9530bb6e0,12690c4f5bf4767d65bcac752fdab38c287c83e41bed5aff5831e627bf2919da
sourceafis,train,impostor,105,105_6,106_8,35,32,,,18,272.81,237bdd1e19377181d31db84e7a40d3dfcbafb48ea2d79591c0f28cc9530bb6e0,c2e1df414ece615e0fd13edc950d706cc872b7b1f0efb893e406804ba6d12258
sourceafis,train,impostor,105,105_7,106_8,29,32,,,13,254.74,21d5b98ab8e1fbd92dd1b66f552c5608aed19f0119672c78818570cd342f750f,c2e1df414ece615e0fd13edc950d706cc872b7b1f0efb893e406804ba6d12258
sourceafis,validation,impostor,106,106_1,107_2,25,25,,,4,322.43,c98ea1765f20a8ed47a86479920ab7cec6b0462b0d9ad0b9800f65fa448438c8,3846c23148ec1582419a7ea6570b7f50176454255d594d8b6f930d5538f5bb9a
sourceafis,validation,impostor,106,106_1,107_3,25,26,,,4,261.4,c98ea1765f20a8ed47a86479920ab7cec6b0462b0d9ad0b9800f65fa448438c8,d4cfc9f779d4d69c8b4c3ccc372823a0b8f3754ea48ac0f8e53fac26909d54cd
sourceafis,validation,impostor,106,106_1,107_4,25,25,,,4,280.39,c98ea1765f20a8ed47a86479920ab7cec6b0462b0d9ad0b9800f65fa448438c8,8929b90a7ee61136a5e73f8fddd9e52edc9ac2a1ad7792be237979a2cfbf0412
sourceafis,validation,impostor,106,106_1,107_5,25,25,,,3,265.2,c98ea1765f20a8ed47a86479920ab7cec6b0462b0d9ad0b9800f65fa448438c8,62ce8e710648581226f47f374be8eca3be2dccddd70e4c9c84f98cd300c48a77
sourceafis,validation,impostor,106,106_1,107_6,25,25,,,6,266.3,c98ea1765f20a8ed47a86479920ab7cec6b0462b0d9ad0b9800f65fa448438c8,b5984232cc873e143ab6ab206fb77532ef73fd58cde8d04bf073a5f3daf45cdc
sourceafis,validation,impostor,106,106_1,107_7,25,22,,,4,249.69,c98ea1765f20a8ed47a86479920ab7cec6b0462b0d9ad0b9800f65fa448438c8,8fc46426c7a8ddb3b88c051d15c70425bce9c6c6fa2c079401ea8ef90ea03634
sourceafis,validation,impostor,106,106_1,107_8,25,18,,,0,259.11,c98ea1765f20a8ed47a86479920ab7cec6b0462b0d9ad0b9800f65fa448438c8,98d34e6219eeef1dbe39273f3a3b337e6bc83b369c6fc57a898367ce89fcc651
sourceafis,validation,impostor,106,106_2,107_3,24,26,,,3,263.14,29ddcd4a741f9c24c0d96ce5ae233f65a2ef129b9ffbfd1581fd4468df4fa6f0,d4cfc9f779d4d69c8b4c3ccc372823a0b8f3754ea48ac0f8e53fac26909d54cd
sourceafis,validation,impostor,106,106_2,107_4,24,25,,,3,261.95,29ddcd4a741f9c24c0d96ce5ae233f65a2ef129b9ffbfd1581fd4468df4fa6f0,8929b90a7ee61136a5e73f8fddd9e52edc9ac2a1ad7792be237979a2cfbf0412
sourceafis,validation,impostor,106,106_2,107_5,24,25,,,3,252.8,29ddcd4a741f9c24c0d96ce5ae233f65a2ef129b9ffbfd1581fd4468df4fa6f0,62ce8e710648581226f47f374be8eca3be2dccddd70e4c9c84f98cd300c48a77
sourceafis,validation,impostor,106,106_2,107_6,24,25,,,5,432.73,29ddcd4a741f9c24c0d96ce5ae233f65a2ef129b9ffbfd1581fd4468df4fa6f0,b5984232cc873e143ab6ab206fb77532ef73fd58cde8d04bf073a5f3daf45cdc
sourceafis,validation,impostor,106,106_2,107_7,24,22,,,0,275.43,29ddcd4a741f9c24c0d96ce5ae233f65a2ef129b9ffbfd1581fd4468df4fa6f0,8fc46426c7a8ddb3b88c051d15c70425bce9c6c6fa2c079401ea8ef90ea03634
sourceafis,validation,impostor,106,106_2,107_8,24,18,,,0,269.92,29ddcd4a741f9c24c0d96ce5ae233f65a2ef129b9ffbfd1581fd4468df4fa6f0,98d34e6219eeef1dbe39273f3a3b337e6bc83b369c6fc57a898367ce89fcc651
sourceafis,validation,impostor,106,106_3,107_4,25,25,,,4,272.72,a3374c7b5fc5337d4b997e0fa76b1e2372d30469ffb6901e64fe14db778aa3d6,8929b90a7ee61136a5e73f8fddd9e52edc9ac2a1ad7792be237979a2cfbf0412
sourceafis,validation,impostor,106,106_3,107_5,25,25,,,3,269.67,a3374c7b5fc5337d4b997e0fa76b1e2372d30469ffb6901e64fe14db778aa3d6,62ce8e710648581226f47f374be8eca3be2dccddd70e4c9c84f98cd300c48a77
sourceafis,validation,impostor,106,106_3,107_6,25,25,,,6,256.39,a3374c7b5fc5337d4b997e0fa76b1e2372d30469ffb6901e64fe14db778aa3d6,b5984232cc873e143ab6ab206fb77532ef73fd58cde8d04bf073a5f3daf45cdc
sourceafis,validation,impostor,106,106_3,107_7,25,22,,,0,261.51,a3374c7b5fc5337d4b997e0fa76b1e2372d30469ffb6901e64fe14db778aa3d6,8fc46426c7a8ddb3b88c051d15c70425bce9c6c6fa2c079401ea8ef90ea03634
sourceafis,validation,impostor,106,106_3,107_8,25,18,,,3,266.88,a3374c7b5fc5337d4b997e0fa76b1e2372d30469ffb6901e64fe14db778aa3d6,98d34e6219eeef1dbe39273f3a3b337e6bc83b369c6fc57a898367ce89fcc651
sourceafis,validation,impostor,106,106_4,107_5,34,25,,,7,245.85,57725d6dc50f9eefad304e362be42e978127de34d7ebb089a8e1f3b2b4518139,62ce8e710648581226f47f374be8eca3be2dccddd70e4c9c84f98cd300c48a77
sourceafis,validation,impostor,106,106_4,107_6,34,25,,,11,271.76,57725d6dc50f9eefad304e362be42e978127de34d7ebb089a8e1f3b2b4518139,b5984232cc873e143ab6ab206fb77532ef73fd58cde8d04bf073a5f3daf45cdc
sourceafis,validation,impostor,106,106_4,107_7,34,22,,,9,250.33,57725d6dc50f9eefad304e362be42e978127de34d7ebb089a8e1f3b2b4518139,8fc46426c7a8ddb3b88c051d15c70425bce9c6c6fa2c079401ea8ef90ea03634
sourceafis,validation,impostor,106,106_4,107_8,34,18,,,6,267.66,57725d6dc50f9eefad304e362be42e978127de34d7ebb089a8e1f3b2b4518139,98d34e6219eeef1dbe39273f3a3b337e6bc83b369c6fc57a898367ce89fcc651
sourceafis,validation,impostor,106,106_5,107_6,42,25,,,8,262.04,1830636c7ccb428c0798c570545ade30a83494895cdfe9a3431968a87731f1e8,b5984232cc873e143ab6ab206fb77532ef73fd58cde8d04bf073a5f3daf45cdc
sourceafis,validation,impostor,106,106_5,107_7,42,22,,,6,269.25,1830636c7ccb428c0798c570545ade30a83494895cdfe9a3431968a87731f1e8,8fc46426c7a8ddb3b88c051d15c70425bce9c6c6fa2c079401ea8ef90ea03634
sourceafis,validation,impostor,106,106_5,107_8,42,18,,,3,266.85,1830636c7ccb428c0798c570545ade30a83494895cdfe9a3431968a87731f1e8,98d34e6219eeef1dbe39273f3a3b337e6bc83b369c6fc57a898367ce89fcc651
sourceafis,validation,impostor,106,106_6,107_7,27,22,,,7,263.39,d786db559a4a525850b45f0e9ae1b57fdcbd1d0db652ad36417b7d9aaf509a51,8fc46426c7a8ddb3b88c051d15c70425bce9c6c6fa2c079401ea8ef90ea03634
sourceafis,validation,impostor,106,106_6,107_8,27,18,,,3,264.4,d786db559a4a525850b45f0e9ae1b57fdcbd1d0db652ad36417b7d9aaf509a51,98d34e6219eeef1dbe39273f3a3b337e6bc83b369c6fc57a898367ce89fcc651
sourceafis,validation,impostor,106,106_7,107_8,37,18,,,3,273.09,12690c4f5bf4767d65bcac752fdab38c287c83e41bed5aff5831e627bf2919da,98d34e6219eeef1dbe39273f3a3b337e6bc83b369c6fc57a898367ce89fcc651
sourceafis,validation,impostor,107,107_1,108_2,29,31,,,4,287.44,abce1aed66a852165dcfe6baf114025f04d419bac1c5ce613dfabfd4f9b12307,42d58b06338c666e0d11b0897517260cb2905f497ef634b5463fe1d771055ac8
sourceafis,validation,impostor,107,107_1,108_3,29,33,,,7,480.32,abce1aed66a852165dcfe6baf114025f04d419bac1c5ce613dfabfd4f9b12307,938ced3b7d265e1daaf1b05a01557b957c9ae8c55af3d4d9d7f48b7e94f9351b
sourceafis,validation,impostor,107,107_1,108_4,29,33,,,4,277.94,abce1aed66a852165dcfe6baf114025f04d419bac1c5ce613dfabfd4f9b12307,78bad014c8403ea7a32a877a9b687912155c85d4497695d5487bca6ac3c2f5a3
sourceafis,validation,impostor,107,107_1,108_5,29,40,,,6,260.36,abce1aed66a852165dcfe6baf114025f04d419bac1c5ce613dfabfd4f9b12307,ece2849c6d5fc5d82fef475fe53da13dc3a0aa92b9ea2032490774dae5fcb869
sourceafis,validation,impostor,107,107_1,108_6,29,45,,,6,292.33,abce1aed66a852165dcfe6baf114025f04d419bac1c5ce613dfabfd4f9b12307,e00dbe4e95c42ca670add1685e53864c097be23f5e9f7d8a9db973abc97b944d
sourceafis,validation,impostor,107,107_1,108_7,29,38,,,8,262.07,abce1aed66a852165dcfe6baf114025f04d419bac1c5ce613dfabfd4f9b12307,7a8a6d833e2b760755b435e0742be704103d570a1bb10760ba1e4572dc961bcd
sourceafis,validation,impostor,107,107_1,108_8,29,38,,,5,250.07,abce1aed66a852165dcfe6baf114025f04d419bac1c5ce613dfabfd4f9b12307,7820b5a5796fa637dea1eef57c5d2b8ac3c0ea55c508452e7796a7e6159f4644
sourceafis,validation,impostor,107,107_2,108_3,25,33,,,9,259.02,3846c23148ec1582419a7ea6570b7f50176454255d594d8b6f930d5538f5bb9a,938ced3b7d265e1daaf1b05a01557b957c9ae8c55af3d4d9d7f48b7e94f9351b
sourceafis,validation,impostor,107,107_2,108_4,25,33,,,8,273.58,3846c23148ec1582419a7ea6570b7f50176454255d594d8b6f930d5538f5bb9a,78bad014c8403ea7a32a877a9b687912155c85d4497695d5487bca6ac3c2f5a3
sourceafis,validation,impostor,107,107_2,108_5,25,40,,,8,241.36,3846c23148ec1582419a7ea6570b7f50176454255d594d8b6f930d5538f5bb9a,ece2849c6d5fc5d82fef475fe53da13dc3a0aa92b9ea2032490774dae5fcb869
sourceafis,validation,impostor,107,107_2,108_6,25,45,,,7,251.25,3846c23148ec1582419a7ea6570b7f50176454255d594d8b6f930d5538f5bb9a,e00dbe4e95c42ca670add1685e53864c097be23f5e9f7d8a9db973abc97b944d
sourceafis,validation,impostor,107,107_2,108_7,25,38,,,5,248.8,3846c23148ec1582419a7ea6570b7f50176454255d594d8b6f930d5538f5bb9a,7a8a6d833e2b760755b435e0742be704103d570a1bb10760ba1e4572dc961bcd
sourceafis,validation,impostor,107,107_2,108_8,25,38,,,5,268.9,3846c23148ec1582419a7ea6570b7f50176454255d594d8b6f930d5538f5bb9a,7820b5a5796fa637dea1eef57c5d2b8ac3c0ea55c508452e7796a7e6159f4644
sourceafis,validation,impostor,107,107_3,108_4,26,33,,,4,262.35,d4cfc9f779d4d69c8b4c3ccc372823a0b8f3754ea48ac0f8e53fac26909d54cd,78bad014c8403ea7a32a877a9b687912155c85d4497695d5487bca6ac3c2f5a3
sourceafis,validation,impostor,107,107_3,108_5,26,40,,,5,270.95,d4cfc9f779d4d69c8b4c3ccc372823a0b8f3754ea48ac0f8e53fac26909d54cd,ece2849c6d5fc5d82fef475fe53da13dc3a0aa92b9ea2032490774dae5fcb869
sourceafis,validation,impostor,107,107_3,108_6,26,45,,,5,288.68,d4cfc9f779d4d69c8b4c3ccc372823a0b8f3754ea48ac0f8e53fac26909d54cd,e00dbe4e95c42ca670add1685e53864c097be23f5e9f7d8a9db973abc97b944d
sourceafis,validation,impostor,107,107_3,108_7,26,38,,,7,272.43,d4cfc9f779d4d69c8b4c3ccc372823a0b8f3754ea48ac0f8e53fac26909d54cd,7a8a6d833e2b760755b435e0742be704103d570a1bb10760ba1e4572dc961bcd
sourceafis,validation,impostor,107,107_3,108_8,26,38,,,5,265.31,d4cfc9f779d4d69c8b4c3ccc372823a0b8f3754ea48ac0f8e53fac26909d54cd,7820b5a5796fa637dea1eef57c5d2b8ac3c0ea55c508452e7796a7e6159f4644
sourceafis,validation,impostor,107,107_4,108_5,25,40,,,7,266.82,8929b90a7ee61136a5e73f8fddd9e52edc9ac2a1ad7792be237979a2cfbf0412,ece2849c6d5fc5d82fef475fe53da13dc3a0aa92b9ea2032490774dae5fcb869
sourceafis,validation,impostor,107,107_4,108_6,25,45,,,7,250.7,8929b90a7ee61136a5e73f8fddd9e52edc9ac2a1ad7792be237979a2cfbf0412,e00dbe4e95c42ca670add1685e53864c097be23f5e9f7d8a9db973abc97b944d
sourceafis,validation,impostor,107,107_4,108_7,25,38,,,6,414.33,8929b90a7ee61136a5e73f8fddd9e52edc9ac2a1ad7792be237979a2cfbf0412,7a8a6d833e2b760755b435e0742be704103d570a1bb10760ba1e4572dc961bcd
sourceafis,validation,impostor,107,107_4,108_8,25,38,,,6,254.59,8929b90a7ee61136a5e73f8fddd9e52edc9ac2a1ad7792be237979a2cfbf0412,7820b5a5796fa637dea1eef57c5d2b8ac3c0ea55c508452e7796a7e6159f4644
sourceafis,validation,impostor,107,107_5,108_6,25,45,,,4,397.31,62ce8e710648581226f47f374be8eca3be2dccddd70e4c9c84f98cd300c48a77,e00dbe4e95c42ca670add1685e53864c097be23f5e9f7d8a9db973abc97b944d
sourceafis,validation,impostor,107,107_5,108_7,25,38,,,6,395.99,62ce8e710648581226f47f374be8eca3be2dccddd70e4c9c84f98cd300c48a77,7a8a6d833e2b760755b435e0742be704103d570a1bb10760ba1e4572dc961bcd
sourceafis,validation,impostor,107,107_5,108_8,25,38,,,5,249.07,62ce8e710648581226f47f374be8eca3be2dccddd70e4c9c84f98cd300c48a77,7820b5a5796fa637dea1eef57c5d2b8ac3c0ea55c508452e7796a7e6159f4644
sourceafis,validation,impostor,107,107_6,108_7,25,38,,,5,266.34,b5984232cc873e143ab6ab206fb77532ef73fd58cde8d04bf073a5f3daf45cdc,7a8a6d833e2b760755b435e0742be704103d570a1bb10760ba1e4572dc961bcd
sourceafis,validation,impostor,107,107_6,108_8,25,38,,,6,282.83,b5984232cc873e143ab6ab206fb77532ef73fd58cde8d04bf073a5f3daf45cdc,7820b5a5796fa637dea1eef57c5d2b8ac3c0ea55c508452e7796a7e6159f4644
sourceafis,validation,impostor,107,107_7,108_8,22,38,,,4,250.77,8fc46426c7a8ddb3b88c051d15c70425bce9c6c6fa2c079401ea8ef90ea03634,7820b5a5796fa637dea1eef57c5d2b8ac3c0ea55c508452e7796a7e6159f4644
sourceafis,validation,impostor,108,108_1,109_2,33,18,,,6,282.79,1d9c30ee93b1d901c47b19f23cfe10088bbbdcb8e4a0a0249e605e4479152f98,16bf1025db90f678f4bb8655f9238bfe0ce6b954574f813ca2c330bfccb97020
sourceafis,validation,impostor,108,108_1,109_3,33,29,,,8,253.59,1d9c30ee93b1d901c47b19f23cfe10088bbbdcb8e4a0a0249e605e4479152f98,21ac91a18c52fdb5a56ee79ef088a36cdaa81f5c2340731950f6a273524fcd1d
sourceafis,validation,impostor,108,108_1,109_4,33,25,,,6,292.94,1d9c30ee93b1d901c47b19f23cfe10088bbbdcb8e4a0a0249e605e4479152f98,d281cb724c31395bad82b285174f878e2ec2039c14b340d70b34f100f0a7f521
sourceafis,validation,impostor,108,108_1,109_5,33,32,,,6,255.25,1d9c30ee93b1d901c47b19f23cfe10088bbbdcb8e4a0a0249e605e4479152f98,1190adeb9c61dcb07022589cc4afef325266cbccebce38dd2a23dc0b482bb081
sourceafis,validation,impostor,108,108_1,109_6,33,26,,,4,265.2,1d9c30ee93b1d901c47b19f23cfe10088bbbdcb8e4a0a0249e605e4479152f98,fd2fa9adc0851cc5531fd138f2c89142bc0a39eb591923a575392f9c4a414d24
sourceafis,validation,impostor,108,108_1,109_7,33,28,,,4,270.07,1d9c30ee93b1d901c47b19f23cfe10088bbbdcb8e4a0a0249e605e4479152f98,05831fd331ba585db2f8c0d34a913d64c236ec1b8fa298b11f2024982df9579a
sourceafis,validation,impostor,108,108_1,109_8,33,29,,,7,265.84,1d9c30ee93b1d901c47b19f23cfe10088bbbdcb8e4a0a0249e605e4479152f98,1a4df7fe5be180cc33c2e6fae324846ab1a3701cc1ca5b74a6c4b9b1afccb848
sourceafis,validation,impostor,108,108_2,109_3,31,29,,,5,261.79,42d58b06338c666e0d11b0897517260cb2905f497ef634b5463fe1d771055ac8,21ac91a18c52fdb5a56ee79ef088a36cdaa81f5c2340731950f6a273524fcd1d
sourceafis,validation,impostor,108,108_2,109_4,31,25,,,4,264.94,42d58b06338c666e0d11b0897517260cb2905f497ef634b5463fe1d771055ac8,d281cb724c31395bad82b285174f878e2ec2039c14b340d70b34f100f0a7f521
sourceafis,validation,impostor,108,108_2,109_5,31,32,,,4,280.87,42d58b06338c666e0d11b0897517260cb2905f497ef634b5463fe1d771055ac8,1190adeb9c61dcb07022589cc4afef325266cbccebce38dd2a23dc0b482bb081
sourceafis,validation,impostor,108,108_2,109_6,31,26,,,5,436.77,42d58b06338c666e0d11b0897517260cb2905f497ef634b5463fe1d771055ac8,fd2fa9adc0851cc5531fd138f2c89142bc0a39eb591923a575392f9c4a414d24
sourceafis,validation,impostor,108,108_2,109_7,31,28,,,5,262.36,42d58b06338c666e0d11b0897517260cb2905f497ef634b5463fe1d771055ac8,05831fd331ba585db2f8c0d34a913d64c236ec1b8fa298b11f2024982df9579a
sourceafis,validation,impostor,108,108_2,109_8,31,29,,,9,250.78,42d58b06338c666e0d11b0897517260cb2905f497ef634b5463fe1d771055ac8,1a4df7fe5be180cc33c2e6fae324846ab1a3701cc1ca5b74a6c4b9b1afccb848
sourceafis,validation,impostor,108,108_3,109_4,33,25,,,5,246.04,938ced3b7d265e1daaf1b05a01557b957c9ae8c55af3d4d9d7f48b7e94f9351b,d281cb724c31395bad82b285174f878e2ec2039c14b340d70b34f100f0a7f521
sourceafis,validation,impostor,108,108_3,109_5,33,32,,,4,270.63,938ced3b7d265e1daaf1b05a01557b957c9ae8c55af3d4d9d7f48b7e94f9351b,1190adeb9c61dcb07022589cc4afef325266cbccebce38dd2a23dc0b482bb081
sourceafis,validation,impostor,108,108_3,109_6,33,26,,,7,262.88,938ced3b7d265e1daaf1b05a01557b957c9ae8c55af3d4d9d7f48b7e94f9351b,fd2fa9adc0851cc5531fd138f2c89142bc0a39eb591923a575392f9c4a414d24
sourceafis,validation,impostor,108,108_3,109_7,33,28,,,4,276,938ced3b7d265e1daaf1b05a01557b957c9ae8c55af3d4d9d7f48b7e94f9351b,05831fd331ba585db2f8c0d34a913d64c236ec1b8fa298b11f2024982df9579a
sourceafis,validation,impostor,108,108_3,109_8,33,29,,,6,275.38,938ced3b7d265e1daaf1b05a01557b957c9ae8c55af3d4d9d7f48b7e94f9351b,1a4df7fe5be180cc33c2e6fae324846ab1a3701cc1ca5b74a6c4b9b1afccb848
sourceafis,validation,impostor,108,108_4,109_5,33,32,,,9,268.84,78bad014c8403ea7a32a877a9b687912155c85d4497695d5487bca6ac3c2f5a3,1190adeb9c61dcb07022589cc4afef325266cbccebce38dd2a23dc0b482bb081
sourceafis,validation,impostor,108,108_4,109_6,33,26,,,6,241.95,78bad014c8403ea7a32a877a9b687912155c85d4497695d5487bca6ac3c2f5a3,fd2fa9adc0851cc5531fd138f2c89142bc0a39eb591923a575392f9c4a414d24
sourceafis,validation,impostor,108,108_4,109_7,33,28,,,4,250.94,78bad014c8403ea7a32a877a9b687912155c85d4497695d5487bca6ac3c2f5a3,05831fd331ba585db2f8c0d34a913d64c236ec1b8fa298b11f2024982df9579a
sourceafis,validation,impostor,108,108_4,109_8,33,29,,,4,251.6,78bad014c8403ea7a32a877a9b687912155c85d4497695d5487bca6ac3c2f5a3,1a4df7fe5be180cc33c2e6fae324846ab1a3701cc1ca5b74a6c4b9b1afccb848
sourceafis,validation,impostor,108,108_5,109_6,40,26,,,8,261.81,ece2849c6d5fc5d82fef475fe53da13dc3a0aa92b9ea2032490774dae5fcb869,fd2fa9adc0851cc5531fd138f2c89142bc0a39eb591923a575392f9c4a414d24
sourceafis,validation,impostor,108,108_5,109_7,40,28,,,5,250.8,ece2849c6d5fc5d82fef475fe53da13dc3a0aa92b9ea2032490774dae5fcb869,05831fd331ba585db2f8c0d34a913d64c236ec1b8fa298b11f2024982df9579a
sourceafis,validation,impostor,108,108_5,109_8,40,29,,,8,268.64,ece2849c6d5fc5d82fef475fe53da13dc3a0aa92b9ea2032490774dae5fcb869,1a4df7fe5be180cc33c2e6fae324846ab1a3701cc1ca5b74a6c4b9b1afccb848
sourceafis,validation,impostor,108,108_6,109_7,45,28,,,9,253.13,e00dbe4e95c42ca670add1685e53864c097be23f5e9f7d8a9db973abc97b944d,05831fd331ba585db2f8c0d34a913d64c236ec1b8fa298b11f2024982df9579a
sourceafis,validation,impostor,108,108_6,109_8,45,29,,,11,262.31,e00dbe4e95c42ca670add1685e53864c097be23f5e9f7d8a9db973abc97b944d,1a4df7fe5be180cc33c2e6fae324846ab1a3701cc1ca5b74a6c4b9b1afccb848
sourceafis,validation,impostor,108,108_7,109_8,38,29,,,9,250.02,7a8a6d833e2b760755b435e0742be704103d570a1bb10760ba1e4572dc961bcd,1a4df7fe5be180cc33c2e6fae324846ab1a3701cc1ca5b74a6c4b9b1afccb848
sourceafis,validation,impostor,109,109_1,110_2,40,20,,,3,268.72,84dd7cd1f29345a1aa719d93db15cb57a88c47daa022e41bc34cf4cc0fb99efa,85e99879ffa224c246208c6cbaa7bb0595f6981410adb3cd3d700d3f90520898
sourceafis,validation,impostor,109,109_1,110_3,40,30,,,8,416.35,84dd7cd1f29345a1aa719d93db15cb57a88c47daa022e41bc34cf4cc0fb99efa,d4d7fcc322a0b5e82547fe1cd89a81fc2e91b2da2e52b2a6a18995fef2278836
sourceafis,validation,impostor,109,109_1,110_4,40,30,,,9,267.38,84dd7cd1f29345a1aa719d93db15cb57a88c47daa022e41bc34cf4cc0fb99efa,1e8ba61136079b60004bad15a24b314cf6764ad910c03952da26fd159abde07c
sourceafis,validation,impostor,109,109_1,110_5,40,30,,,6,275.05,84dd7cd1f29345a1aa719d93db15cb57a88c47daa022e41bc34cf4cc0fb99efa,8a69365ececf38f1653f998ac4fa006e0c3596a0fb07227a52bba66d7ff51b12
sourceafis,validation,impostor,109,109_1,110_6,40,32,,,5,250.96,84dd7cd1f29345a1aa719d93db15cb57a88c47daa022e41bc34cf4cc0fb99efa,0afe05f6864c0f5331e3b0b9f94f63a4a3dc103ac82f54e3f222f08bf97dadf0
sourceafis,validation,impostor,109,109_1,110_7,40,29,,,7,262.77,84dd7cd1f29345a1aa719d93db15cb57a88c47daa022e41bc34cf4cc0fb99efa,362e15c94facd04df3ec657e41bc9ee893addbf656e7930d0db67d3b96fada0c
sourceafis,validation,impostor,109,109_1,110_8,40,33,,,7,269.33,84dd7cd1f29345a1aa719d93db15cb57a88c47daa022e41bc34cf4cc0fb99efa,a421c60d8d578675d887632396435e4af70b2bc95b83fb8d970a06ef9b15eca1
sourceafis,validation,impostor,109,109_2,110_3,18,30,,,4,269.4,16bf1025db90f678f4bb8655f9238bfe0ce6b954574f813ca2c330bfccb97020,d4d7fcc322a0b5e82547fe1cd89a81fc2e91b2da2e52b2a6a18995fef2278836
sourceafis,validation,impostor,109,109_2,110_4,18,30,,,7,248.82,16bf1025db90f678f4bb8655f9238bfe0ce6b954574f813ca2c330bfccb97020,1e8ba61136079b60004bad15a24b314cf6764ad910c03952da26fd159abde07c
sourceafis,validation,impostor,109,109_2,110_5,18,30,,,3,285.03,16bf1025db90f678f4bb8655f9238bfe0ce6b954574f813ca2c330bfccb97020,8a69365ececf38f1653f998ac4fa006e0c3596a0fb07227a52bba66d7ff51b12
sourceafis,validation,impostor,109,109_2,110_6,18,32,,,4,279.94,16bf1025db90f678f4bb8655f9238bfe0ce6b954574f813ca2c330bfccb97020,0afe05f6864c0f5331e3b0b9f94f63a4a3dc103ac82f54e3f222f08bf97dadf0
sourceafis,validation,impostor,109,109_2,110_7,18,29,,,4,266.59,16bf1025db90f678f4bb8655f9238bfe0ce6b954574f813ca2c330bfccb97020,362e15c94facd04df3ec657e41bc9ee893addbf656e7930d0db67d3b96fada0c
sourceafis,validation,impostor,109,109_2,110_8,18,33,,,4,247.11,16bf1025db90f678f4bb8655f9238bfe0ce6b954574f813ca2c330bfccb97020,a421c60d8d578675d887632396435e4af70b2bc95b83fb8d970a06ef9b15eca1
sourceafis,validation,impostor,109,109_3,110_4,29,30,,,10,284.69,21ac91a18c52fdb5a56ee79ef088a36cdaa81f5c2340731950f6a273524fcd1d,1e8ba61136079b60004bad15a24b314cf6764ad910c03952da26fd159abde07c
sourceafis,validation,impostor,109,109_3,110_5,29,30,,,4,360.21,21ac91a18c52fdb5a56ee79ef088a36cdaa81f5c2340731950f6a273524fcd1d,8a69365ececf38f1653f998ac4fa006e0c3596a0fb07227a52bba66d7ff51b12
sourceafis,validation,impostor,109,109_3,110_6,29,32,,,7,254.51,21ac91a18c52fdb5a56ee79ef088a36cdaa81f5c2340731950f6a273524fcd1d,0afe05f6864c0f5331e3b0b9f94f63a4a3dc103ac82f54e3f222f08bf97dadf0
sourceafis,validation,impostor,109,109_3,110_7,29,29,,,6,293.07,21ac91a18c52fdb5a56ee79ef088a36cdaa81f5c2340731950f6a273524fcd1d,362e15c94facd04df3ec657e41bc9ee893addbf656e7930d0db67d3b96fada0c
sourceafis,validation,impostor,109,109_3,110_8,29,33,,,6,260.08,21ac91a18c52fdb5a56ee79ef088a36cdaa81f5c2340731950f6a273524fcd1d,a421c60d8d578675d887632396435e4af70b2bc95b83fb8d970a06ef9b15eca1
sourceafis,validation,impostor,109,109_4,110_5,25,30,,,3,256.39,d281cb724c31395bad82b285174f878e2ec2039c14b340d70b34f100f0a7f521,8a69365ececf38f1653f998ac4fa006e0c3596a0fb07227a52bba66d7ff51b12
sourceafis,validation,impostor,109,109_4,110_6,25,32,,,4,259.25,d281cb724c31395bad82b285174f878e2ec2039c14b340d70b34f100f0a7f521,0afe05f6864c0f5331e3b0b9f94f63a4a3dc103ac82f54e3f222f08bf97dadf0
sourceafis,validation,impostor,109,109_4,110_7,25,29,,,3,447.32,d281cb724c31395bad82b285174f878e2ec2039c14b340d70b34f100f0a7f521,362e15c94facd04df3ec657e41bc9ee893addbf656e7930d0db67d3b96fada0c
sourceafis,validation,impostor,109,109_4,110_8,25,33,,,6,321.17,d281cb724c31395bad82b285174f878e2ec2039c14b340d70b34f100f0a7f521,a421c60d8d578675d887632396435e4af70b2bc95b83fb8d970a06ef9b15eca1
sourceafis,validation,impostor,109,109_5,110_6,32,32,,,5,268.4,1190adeb9c61dcb07022589cc4afef325266cbccebce38dd2a23dc0b482bb081,0afe05f6864c0f5331e3b0b9f94f63a4a3dc103ac82f54e3f222f08bf97dadf0
sourceafis,validation,impostor,109,109_5,110_7,32,29,,,3,272.61,1190adeb9c61dcb07022589cc4afef325266cbccebce38dd2a23dc0b482bb081,362e15c94facd04df3ec657e41bc9ee893addbf656e7930d0db67d3b96fada0c
sourceafis,validation,impostor,109,109_5,110_8,32,33,,,6,267.72,1190adeb9c61dcb07022589cc4afef325266cbccebce38dd2a23dc0b482bb081,a421c60d8d578675d887632396435e4af70b2bc95b83fb8d970a06ef9b15eca1
sourceafis,validation,impostor,109,109_6,110_7,26,29,,,5,244.55,fd2fa9adc0851cc5531fd138f2c89142bc0a39eb591923a575392f9c4a414d24,362e15c94facd04df3ec657e41bc9ee893addbf656e7930d0db67d3b96fada0c
sourceafis,validation,impostor,109,109_6,110_8,26,33,,,9,250.91,fd2fa9adc0851cc5531fd138f2c89142bc0a39eb591923a575392f9c4a414d24,a421c60d8d578675d887632396435e4af70b2bc95b83fb8d970a06ef9b15eca1
sourceafis,validation,impostor,109,109_7,110_8,28,33,,,4,304.06,05831fd331ba585db2f8c0d34a913d64c236ec1b8fa298b11f2024982df9579a,a421c60d8d578675d887632396435e4af70b2bc95b83fb8d970a06ef9b15eca1
sourceafis,validation,impostor,110,110_1,101_2,29,42,,,4,275.97,68bca56d6d35f6f0a8c1489564ea97d5738362e266f5670a69d14b23934a2dbb,4aabb4d65a28b56e0972aade044b70ececeef26d6760c0c27f12b40f0012556f
sourceafis,validation,impostor,110,110_1,101_3,29,24,,,3,250.5,68bca56d6d35f6f0a8c1489564ea97d5738362e266f5670a69d14b23934a2dbb,4c22f3a04a590ae26532f23d3485ec3f52739731e7dfec071fbf352cc43c4810
sourceafis,validation,impostor,110,110_1,101_4,29,71,,,4,301.89,68bca56d6d35f6f0a8c1489564ea97d5738362e266f5670a69d14b23934a2dbb,122dbb9a32571a35e6d55e2a6ccc882b61337b3a9b755c63c28f3324aca77151
sourceafis,validation,impostor,110,110_1,101_5,29,47,,,8,282.96,68bca56d6d35f6f0a8c1489564ea97d5738362e266f5670a69d14b23934a2dbb,97af114bc7552cf3774a25d6b1889c503d0954a5933cf5c100431a3d4d0321d3
sourceafis,validation,impostor,110,110_1,101_6,29,44,,,8,265.78,68bca56d6d35f6f0a8c1489564ea97d5738362e266f5670a69d14b23934a2dbb,9345470dade59f65098836d8a512d4a3492e3f8bbd0c7b30f8b15d9bc95fba52
sourceafis,validation,impostor,110,110_1,101_7,29,29,,,5,249.25,68bca56d6d35f6f0a8c1489564ea97d5738362e266f5670a69d14b23934a2dbb,82663dd77ab163c462b820fc3c3087d5cf5e8011554daadcd6df412609c8f708
sourceafis,validation,impostor,110,110_1,101_8,29,41,,,6,281.45,68bca56d6d35f6f0a8c1489564ea97d5738362e266f5670a69d14b23934a2dbb,c89e6612e315373aedde6197549741f1a627d88d51e029c9103104eee2f00961
sourceafis,validation,impostor,110,110_2,101_3,20,24,,,3,326.27,85e99879ffa224c246208c6cbaa7bb0595f6981410adb3cd3d700d3f90520898,4c22f3a04a590ae26532f23d3485ec3f52739731e7dfec071fbf352cc43c4810
sourceafis,validation,impostor,110,110_2,101_4,20,71,,,4,255.39,85e99879ffa224c246208c6cbaa7bb0595f6981410adb3cd3d700d3f90520898,122dbb9a32571a35e6d55e2a6ccc882b61337b3a9b755c63c28f3324aca77151
sourceafis,validation,impostor,110,110_2,101_5,20,47,,,5,262.27,85e99879ffa224c246208c6cbaa7bb0595f6981410adb3cd3d700d3f90520898,97af114bc7552cf3774a25d6b1889c503d0954a5933cf5c100431a3d4d0321d3
sourceafis,validation,impostor,110,110_2,101_6,20,44,,,7,413.17,85e99879ffa224c246208c6cbaa7bb0595f6981410adb3cd3d700d3f90520898,9345470dade59f65098836d8a512d4a3492e3f8bbd0c7b30f8b15d9bc95fba52
sourceafis,validation,impostor,110,110_2,101_7,20,29,,,3,279.76,85e99879ffa224c246208c6cbaa7bb0595f6981410adb3cd3d700d3f90520898,82663dd77ab163c462b820fc3c3087d5cf5e8011554daadcd6df412609c8f708
sourceafis,validation,impostor,110,110_2,101_8,20,41,,,3,262.63,85e99879ffa224c246208c6cbaa7bb0595f6981410adb3cd3d700d3f90520898,c89e6612e315373aedde6197549741f1a627d88d51e029c9103104eee2f00961
sourceafis,validation,impostor,110,110_3,101_4,30,71,,,4,267.19,d4d7fcc322a0b5e82547fe1cd89a81fc2e91b2da2e52b2a6a18995fef2278836,122dbb9a32571a35e6d55e2a6ccc882b61337b3a9b755c63c28f3324aca77151
sourceafis,validation,impostor,110,110_3,101_5,30,47,,,8,305.71,d4d7fcc322a0b5e82547fe1cd89a81fc2e91b2da2e52b2a6a18995fef2278836,97af114bc7552cf3774a25d6b1889c503d0954a5933cf5c100431a3d4d0321d3
sourceafis,validation,impostor,110,110_3,101_6,30,44,,,8,254.92,d4d7fcc322a0b5e82547fe1cd89a81fc2e91b2da2e52b2a6a18995fef2278836,9345470dade59f65098836d8a512d4a3492e3f8bbd0c7b30f8b15d9bc95fba52
sourceafis,validation,impostor,110,110_3,101_7,30,29,,,4,304.2,d4d7fcc322a0b5e82547fe1cd89a81fc2e91b2da2e52b2a6a18995fef2278836,82663dd77ab163c462b820fc3c3087d5cf5e8011554daadcd6df412609c8f708
sourceafis,validation,impostor,110,110_3,101_8,30,41,,,5,295.38,d4d7fcc322a0b5e82547fe1cd89a81fc2e91b2da2e52b2a6a18995fef2278836,c89e6612e315373aedde6197549741f1a627d88d51e029c9103104eee2f00961
sourceafis,validation,impostor,110,110_4,101_5,30,47,,,8,280.92,1e8ba61136079b60004bad15a24b314cf6764ad910c03952da26fd159abde07c,97af114bc7552cf3774a25d6b1889c503d0954a5933cf5c100431a3d4d0321d3
sourceafis,validation,impostor,110,110_4,101_6,30,44,,,17,254.06,1e8ba61136079b60004bad15a24b314cf6764ad910c03952da26fd159abde07c,9345470dade59f65098836d8a512d4a3492e3f8bbd0c7b30f8b15d9bc95fba52
sourceafis,validation,impostor,110,110_4,101_7,30,29,,,12,265.27,1e8ba61136079b60004bad15a24b314cf6764ad910c03952da26fd159abde07c,82663dd77ab163c462b820fc3c3087d5cf5e8011554daadcd6df412609c8f708
sourceafis,validation,impostor,110,110_4,101_8,30,41,,,9,265.91,1e8ba61136079b60004bad15a24b314cf6764ad910c03952da26fd159abde07c,c89e6612e315373aedde6197549741f1a627d88d51e029c9103104eee2f00961
sourceafis,validation,impostor,110,110_5,101_6,30,44,,,7,279.28,8a69365ececf38f1653f998ac4fa006e0c3596a0fb07227a52bba66d7ff51b12,9345470dade59f65098836d8a512d4a3492e3f8bbd0c7b30f8b15d9bc95fba52
sourceafis,validation,impostor,110,110_5,101_7,30,29,,,8,248.18,8a69365ececf38f1653f998ac4fa006e0c3596a0fb07227a52bba66d7ff51b12,82663dd77ab163c462b820fc3c3087d5cf5e8011554daadcd6df412609c8f708
sourceafis,validation,impostor,110,110_5,101_8,30,41,,,8,267.56,8a69365ececf38f1653f998ac4fa006e0c3596a0fb07227a52bba66d7ff51b12,c89e6612e315373aedde6197549741f1a627d88d51e029c9103104eee2f00961
sourceafis,validation,impostor,110,110_6,101_7,32,29,,,5,298.2,0afe05f6864c0f5331e3b0b9f94f63a4a3dc103ac82f54e3f222f08bf97dadf0,82663dd77ab163c462b820fc3c3087d5cf5e8011554daadcd6df412609c8f708
sourceafis,validation,impostor,110,110_6,101_8,32,41,,,4,258.45,0afe05f6864c0f5331e3b0b9f94f63a4a3dc103ac82f54e3f222f08bf97dadf0,c89e6612e315373aedde6197549741f1a627d88d51e029c9103104eee2f00961
sourceafis,validation,impostor,110,110_7,101_8,29,41,,,5,291.29,362e15c94facd04df3ec657e41bc9ee893addbf656e7930d0db67d3b96fada0c,c89e6612e315373aedde6197549741f1a627d88d51e029c9103104eee2f00961
