feed,split,label,subject,probe,reference,probeMinutiae,referenceMinutiae,probeQuality,referenceQuality,score,durationMs,probeTemplateHash,referenceTemplateHash
modified,train,genuine,101,101_1,101_2,140,140,70,76,295,399.42,c6f429d92e48f30f5716e8c7cc199a1f7f6623c9514705d661acf8b0e364a45a,7fe2df44ffd7e70310b78e590388cb9ad69567d004f36a7ca6d183137e981dd3
modified,train,genuine,101,101_1,101_3,140,140,70,71,18,392.62,c6f429d92e48f30f5716e8c7cc199a1f7f6623c9514705d661acf8b0e364a45a,868ba2378c8c3b528d348f71960a20a1669f5b8662527a0dbfb5067b2c7e7e05
modified,train,genuine,101,101_1,101_4,140,140,70,72,271,384.22,c6f429d92e48f30f5716e8c7cc199a1f7f6623c9514705d661acf8b0e364a45a,48aecebf751b608790fc7c0f57ce6c1da4030263b7e6f6cbd47418b026bb4bd7
modified,train,genuine,101,101_1,101_5,140,140,70,73,275,884.92,c6f429d92e48f30f5716e8c7cc199a1f7f6623c9514705d661acf8b0e364a45a,4f8324194b729ad6ec2d08d58a9bbba3d85a1d1d4e16487c1fead278795388fc
modified,train,genuine,101,101_1,101_6,140,140,70,74,85,472.07,c6f429d92e48f30f5716e8c7cc199a1f7f6623c9514705d661acf8b0e364a45a,4b42e59a7336be4817774e9ec0e9c4aaa3e45f556a03b75f190aacc6a4067581
modified,train,genuine,101,101_1,101_7,140,140,70,74,254,794.92,c6f429d92e48f30f5716e8c7cc199a1f7f6623c9514705d661acf8b0e364a45a,22012d41b299c696726703c188e374c1678cce37d06640c083f7f45d48d32c0a
modified,train,genuine,101,101_1,101_8,140,140,70,72,241,375.6,c6f429d92e48f30f5716e8c7cc199a1f7f6623c9514705d661acf8b0e364a45a,2cd89d2aef9c8e0ab5eb14d47574d934101e98aa98f334bb0d48fbd65bb15031
modified,train,genuine,101,101_2,101_3,140,140,76,71,17,415.45,7fe2df44ffd7e70310b78e590388cb9ad69567d004f36a7ca6d183137e981dd3,868ba2378c8c3b528d348f71960a20a1669f5b8662527a0dbfb5067b2c7e7e05
modified,train,genuine,101,101_2,101_4,140,140,76,72,265,350.37,7fe2df44ffd7e70310b78e590388cb9ad69567d004f36a7ca6d183137e981dd3,48aecebf751b608790fc7c0f57ce6c1da4030263b7e6f6cbd47418b026bb4bd7
modified,train,genuine,101,101_2,101_5,140,140,76,73,282,871.35,7fe2df44ffd7e70310b78e590388cb9ad69567d004f36a7ca6d183137e981dd3,4f8324194b729ad6ec2d08d58a9bbba3d85a1d1d4e16487c1fead278795388fc
modified,train,genuine,101,101_2,101_6,140,140,76,74,22,379.3,7fe2df44ffd7e70310b78e590388cb9ad69567d004f36a7ca6d183137e981dd3,4b42e59a7336be4817774e9ec0e9c4aaa3e45f556a03b75f190aacc6a4067581
modified,train,genuine,101,101_2,101_7,140,140,76,74,245,757.48,7fe2df44ffd7e70310b78e590388cb9ad69567d004f36a7ca6d183137e981dd3,22012d41b299c696726703c188e374c1678cce37d06640c083f7f45d48d32c0a
modified,train,genuine,101,101_2,101_8,140,140,76,72,253,374.78,7fe2df44ffd7e70310b78e590388cb9ad69567d004f36a7ca6d183137e981dd3,2cd89d2aef9c8e0ab5eb14d47574d934101e98aa98f334bb0d48fbd65bb15031
modified,train,genuine,101,101_3,101_4,140,140,71,72,24,361.07,868ba2378c8c3b528d348f71960a20a1669f5b8662527a0dbfb5067b2c7e7e05,48aecebf751b608790fc7c0f57ce6c1da4030263b7e6f6cbd47418b026bb4bd7
modified,train,genuine,101,101_3,101_5,140,140,71,73,21,414.6,868ba2378c8c3b528d348f71960a20a1669f5b8662527a0dbfb5067b2c7e7e05,4f8324194b729ad6ec2d08d58a9bbba3d85a1d1d4e16487c1fead278795388fc
modified,train,genuine,101,101_3,101_6,140,140,71,74,44,440.13,868ba2378c8c3b528d348f71960a20a1669f5b8662527a0dbfb5067b2c7e7e05,4b42e59a7336be4817774e9ec0e9c4aaa3e45f556a03b75f190aacc6a4067581
modified,train,genuine,101,101_3,101_7,140,140,71,74,38,473.64,868ba2378c8c3b528d348f71960a20a1669f5b8662527a0dbfb5067b2c7e7e05,22012d41b299c696726703c188e374c1678cce37d06640c083f7f45d48d32c0a
modified,train,genuine,101,101_3,101_8,140,140,71,72,15,358.26,868ba2378c8c3b528d348f71960a20a1669f5b8662527a0dbfb5067b2c7e7e05,2cd89d2aef9c8e0ab5eb14d47574d934101e98aa98f334bb0d48fbd65bb15031
modified,train,genuine,101,101_4,101_5,140,140,72,73,274,955.47,48aecebf751b608790fc7c0f57ce6c1da4030263b7e6f6cbd47418b026bb4bd7,4f8324194b729ad6ec2d08d58a9bbba3d85a1d1d4e16487c1fead278795388fc
modified,train,genuine,101,101_4,101_6,140,140,72,74,93,743.62,48aecebf751b608790fc7c0f57ce6c1da4030263b7e6f6cbd47418b026bb4bd7,4b42e59a7336be4817774e9ec0e9c4aaa3e45f556a03b75f190aacc6a4067581
modified,train,genuine,101,101_4,101_7,140,140,72,74,248,1190.1,48aecebf751b608790fc7c0f57ce6c1da4030263b7e6f6cbd47418b026bb4bd7,22012d41b299c696726703c188e374c1678cce37d06640c083f7f45d48d32c0a
modified,train,genuine,101,101_4,101_8,140,140,72,72,251,377.28,48aecebf751b608790fc7c0f57ce6c1da4030263b7e6f6cbd47418b026bb4bd7,2cd89d2aef9c8e0ab5eb14d47574d934101e98aa98f334bb0d48fbd65bb15031
modified,train,genuine,101,101_5,101_6,140,140,73,74,18,357.17,4f8324194b729ad6ec2d08d58a9bbba3d85a1d1d4e16487c1fead278795388fc,4b42e59a7336be4817774e9ec0e9c4aaa3e45f556a03b75f190aacc6a4067581
modified,train,genuine,101,101_5,101_7,140,140,73,74,166,472.18,4f8324194b729ad6ec2d08d58a9bbba3d85a1d1d4e16487c1fead278795388fc,22012d41b299c696726703c188e374c1678cce37d06640c083f7f45d48d32c0a
modified,train,genuine,101,101_5,101_8,140,140,73,72,246,390.76,4f8324194b729ad6ec2d08d58a9bbba3d85a1d1d4e16487c1fead278795388fc,2cd89d2aef9c8e0ab5eb14d47574d934101e98aa98f334bb0d48fbd65bb15031
modified,train,genuine,101,101_6,101_7,140,140,74,74,22,340.81,4b42e59a7336be4817774e9ec0e9c4aaa3e45f556a03b75f190aacc6a4067581,22012d41b299c696726703c188e374c1678cce37d06640c083f7f45d48d32c0a
modified,train,genuine,101,101_6,101_8,140,140,74,72,22,453.05,4b42e59a7336be4817774e9ec0e9c4aaa3e45f556a03b75f190aacc6a4067581,2cd89d2aef9c8e0ab5eb14d47574d934101e98aa98f334bb0d48fbd65bb15031
modified,train,genuine,101,101_7,101_8,140,140,74,72,231,557.09,22012d41b299c696726703c188e374c1678cce37d06640c083f7f45d48d32c0a,2cd89d2aef9c8e0ab5eb14d47574d934101e98aa98f334bb0d48fbd65bb15031
modified,train,genuine,102,102_1,102_2,140,140,83,80,16,450.43,a8de9190aac62da312388072e34d8ece564e80f89b70321ccc65ec90a5a1792b,7970df3f17c32d19f53f9a1532610d7706261b1d61c68da56133df8196f327f3
modified,train,genuine,102,102_1,102_3,140,140,83,80,322,1928.61,a8de9190aac62da312388072e34d8ece564e80f89b70321ccc65ec90a5a1792b,9f2fe0dd36d0909156e3b8e4fe8e51c05b706cd1589924740bba07dc179ce5ad
modified,train,genuine,102,102_1,102_4,140,140,83,81,294,947.37,a8de9190aac62da312388072e34d8ece564e80f89b70321ccc65ec90a5a1792b,f341b6f74bc4001d7a8a71da2dd85c3d4c13404c739ea1b9e336f7379cfebca3
modified,train,genuine,102,102_1,102_5,140,140,83,80,285,394.13,a8de9190aac62da312388072e34d8ece564e80f89b70321ccc65ec90a5a1792b,5afebcfed489b64ac55fb270b4293445ee1c992e805d7cc9343aa2c39836dd9a
modified,train,genuine,102,102_1,102_6,140,140,83,80,294,1435.5,a8de9190aac62da312388072e34d8ece564e80f89b70321ccc65ec90a5a1792b,6db376e76f40d2e348f09a2ebb2266117e8e3547005620884b026f764a749b7f
modified,train,genuine,102,102_1,102_7,140,140,83,81,325,545.31,a8de9190aac62da312388072e34d8ece564e80f89b70321ccc65ec90a5a1792b,9825d7aa7666a484866ea1a3bc88101756f716f75c50746525220b3e243eae0f
modified,train,genuine,102,102_1,102_8,140,140,83,79,300,850.13,a8de9190aac62da312388072e34d8ece564e80f89b70321ccc65ec90a5a1792b,4bf0a5b670021a0325addff0d90c45d95d75872eae509f6548b305aa8e86ba7d
modified,train,genuine,102,102_2,102_3,140,140,80,80,301,676.44,7970df3f17c32d19f53f9a1532610d7706261b1d61c68da56133df8196f327f3,9f2fe0dd36d0909156e3b8e4fe8e51c05b706cd1589924740bba07dc179ce5ad
modified,train,genuine,102,102_2,102_4,140,140,80,81,14,374.26,7970df3f17c32d19f53f9a1532610d7706261b1d61c68da56133df8196f327f3,f341b6f74bc4001d7a8a71da2dd85c3d4c13404c739ea1b9e336f7379cfebca3
modified,train,genuine,102,102_2,102_5,140,140,80,80,14,411.93,7970df3f17c32d19f53f9a1532610d7706261b1d61c68da56133df8196f327f3,5afebcfed489b64ac55fb270b4293445ee1c992e805d7cc9343aa2c39836dd9a
modified,train,genuine,102,102_2,102_6,140,140,80,80,215,459.86,7970df3f17c32d19f53f9a1532610d7706261b1d61c68da56133df8196f327f3,6db376e76f40d2e348f09a2ebb2266117e8e3547005620884b026f764a749b7f
modified,train,genuine,102,102_2,102_7,140,140,80,81,272,711.54,7970df3f17c32d19f53f9a1532610d7706261b1d61c68da56133df8196f327f3,9825d7aa7666a484866ea1a3bc88101756f716f75c50746525220b3e243eae0f
modified,train,genuine,102,102_2,102_8,140,140,80,79,16,353.31,7970df3f17c32d19f53f9a1532610d7706261b1d61c68da56133df8196f327f3,4bf0a5b670021a0325addff0d90c45d95d75872eae509f6548b305aa8e86ba7d
modified,train,genuine,102,102_3,102_4,140,140,80,81,298,1715.96,9f2fe0dd36d0909156e3b8e4fe8e51c05b706cd1589924740bba07dc179ce5ad,f341b6f74bc4001d7a8a71da2dd85c3d4c13404c739ea1b9e336f7379cfebca3
modified,train,genuine,102,102_3,102_5,140,140,80,80,286,382.37,9f2fe0dd36d0909156e3b8e4fe8e51c05b706cd1589924740bba07dc179ce5ad,5afebcfed489b64ac55fb270b4293445ee1c992e805d7cc9343aa2c39836dd9a
modified,train,genuine,102,102_3,102_6,140,140,80,80,294,2332.75,9f2fe0dd36d0909156e3b8e4fe8e51c05b706cd1589924740bba07dc179ce5ad,6db376e76f40d2e348f09a2ebb2266117e8e3547005620884b026f764a749b7f
modified,train,genuine,102,102_3,102_7,140,140,80,81,316,1912.5,9f2fe0dd36d0909156e3b8e4fe8e51c05b706cd1589924740bba07dc179ce5ad,9825d7aa7666a484866ea1a3bc88101756f716f75c50746525220b3e243eae0f
modified,train,genuine,102,102_3,102_8,140,140,80,79,310,2063.31,9f2fe0dd36d0909156e3b8e4fe8e51c05b706cd1589924740bba07dc179ce5ad,4bf0a5b670021a0325addff0d90c45d95d75872eae509f6548b305aa8e86ba7d
modified,train,genuine,102,102_4,102_5,140,140,81,80,286,377.52,f341b6f74bc4001d7a8a71da2dd85c3d4c13404c739ea1b9e336f7379cfebca3,5afebcfed489b64ac55fb270b4293445ee1c992e805d7cc9343aa2c39836dd9a
modified,train,genuine,102,102_4,102_6,140,140,81,80,308,1523.19,f341b6f74bc4001d7a8a71da2dd85c3d4c13404c739ea1b9e336f7379cfebca3,6db376e76f40d2e348f09a2ebb2266117e8e3547005620884b026f764a749b7f
modified,train,genuine,102,102_4,102_7,140,140,81,81,292,860.99,f341b6f74bc4001d7a8a71da2dd85c3d4c13404c739ea1b9e336f7379cfebca3,9825d7aa7666a484866ea1a3bc88101756f716f75c50746525220b3e243eae0f
modified,train,genuine,102,102_4,102_8,140,140,81,79,315,1052.66,f341b6f74bc4001d7a8a71da2dd85c3d4c13404c739ea1b9e336f7379cfebca3,4bf0a5b670021a0325addff0d90c45d95d75872eae509f6548b305aa8e86ba7d
modified,train,genuine,102,102_5,102_6,140,140,80,80,286,1669.26,5afebcfed489b64ac55fb270b4293445ee1c992e805d7cc9343aa2c39836dd9a,6db376e76f40d2e348f09a2ebb2266117e8e3547005620884b026f764a749b7f
modified,train,genuine,102,102_5,102_7,140,140,80,81,284,388.99,5afebcfed489b64ac55fb270b4293445ee1c992e805d7cc9343aa2c39836dd9a,9825d7aa7666a484866ea1a3bc88101756f716f75c50746525220b3e243eae0f
modified,train,genuine,102,102_5,102_8,140,140,80,79,291,409.11,5afebcfed489b64ac55fb270b4293445ee1c992e805d7cc9343aa2c39836dd9a,4bf0a5b670021a0325addff0d90c45d95d75872eae509f6548b305aa8e86ba7d
modified,train,genuine,102,102_6,102_7,140,140,80,81,313,2515.41,6db376e76f40d2e348f09a2ebb2266117e8e3547005620884b026f764a749b7f,9825d7aa7666a484866ea1a3bc88101756f716f75c50746525220b3e243eae0f
modified,train,genuine,102,102_6,102_8,140,140,80,79,296,1914.89,6db376e76f40d2e348f09a2ebb2266117e8e3547005620884b026f764a749b7f,4bf0a5b670021a0325addff0d90c45d95d75872eae509f6548b305aa8e86ba7d
modified,train,genuine,102,102_7,102_8,140,140,81,79,291,673.97,9825d7aa7666a484866ea1a3bc88101756f716f75c50746525220b3e243eae0f,4bf0a5b670021a0325addff0d90c45d95d75872eae509f6548b305aa8e86ba7d
modified,train,genuine,103,103_1,103_2,140,140,81,81,282,430.03,79972043d38647d0abc677ecefd26925d7bba87b2063d04a028f9bc05b712f08,0be5cb3b70c03e58128819d3b155df812204037bfca6a4495dd67e4185e21d59
modified,train,genuine,103,103_1,103_3,140,140,81,81,300,393.24,79972043d38647d0abc677ecefd26925d7bba87b2063d04a028f9bc05b712f08,65134ba0119ee27b9de159b90ae781c6aba43b6f92ebb283261abc74338942df
modified,train,genuine,103,103_1,103_4,140,140,81,81,293,396.33,79972043d38647d0abc677ecefd26925d7bba87b2063d04a028f9bc05b712f08,851e4b3a55993e6667f5ef230961ad2c3fce3266175dada7ec08e337cf0adba4
modified,train,genuine,103,103_1,103_5,140,140,81,81,279,478.95,79972043d38647d0abc677ecefd26925d7bba87b2063d04a028f9bc05b712f08,4d0de6fd372e4072668a25a1302fe2a12428f65f60b85f2c74230b72810c4624
modified,train,genuine,103,103_1,103_6,140,140,81,81,156,618.91,79972043d38647d0abc677ecefd26925d7bba87b2063d04a028f9bc05b712f08,366dc2e626b5809197663c13b8f9c3cd5110d7f6e35d0dea55708e68991e799e
modified,train,genuine,103,103_1,103_7,140,140,81,79,284,417.62,79972043d38647d0abc677ecefd26925d7bba87b2063d04a028f9bc05b712f08,3b02c9f6cae61d9867bbc9d3ed4fc51e81ce3f3cb2ee9ee48c9590733196999f
modified,train,genuine,103,103_1,103_8,140,140,81,79,37,427.54,79972043d38647d0abc677ecefd26925d7bba87b2063d04a028f9bc05b712f08,34f3612da2110f3f109059a0de9db09b2e6dfae4c9987d058d96d8f77c6c80cc
modified,train,genuine,103,103_2,103_3,140,140,81,81,136,473.99,0be5cb3b70c03e58128819d3b155df812204037bfca6a4495dd67e4185e21d59,65134ba0119ee27b9de159b90ae781c6aba43b6f92ebb283261abc74338942df
modified,train,genuine,103,103_2,103_4,140,140,81,81,18,405.47,0be5cb3b70c03e58128819d3b155df812204037bfca6a4495dd67e4185e21d59,851e4b3a55993e6667f5ef230961ad2c3fce3266175dada7ec08e337cf0adba4
modified,train,genuine,103,103_2,103_5,140,140,81,81,131,676.8,0be5cb3b70c03e58128819d3b155df812204037bfca6a4495dd67e4185e21d59,4d0de6fd372e4072668a25a1302fe2a12428f65f60b85f2c74230b72810c4624
modified,train,genuine,103,103_2,103_6,140,140,81,81,16,361.15,0be5cb3b70c03e58128819d3b155df812204037bfca6a4495dd67e4185e21d59,366dc2e626b5809197663c13b8f9c3cd5110d7f6e35d0dea55708e68991e799e
modified,train,genuine,103,103_2,103_7,140,140,81,79,256,435.13,0be5cb3b70c03e58128819d3b155df812204037bfca6a4495dd67e4185e21d59,3b02c9f6cae61d9867bbc9d3ed4fc51e81ce3f3cb2ee9ee48c9590733196999f
modified,train,genuine,103,103_2,103_8,140,140,81,79,26,363.36,0be5cb3b70c03e58128819d3b155df812204037bfca6a4495dd67e4185e21d59,34f3612da2110f3f109059a0de9db09b2e6dfae4c9987d058d96d8f77c6c80cc
modified,train,genuine,103,103_3,103_4,140,140,81,81,291,387.87,65134ba0119ee27b9de159b90ae781c6aba43b6f92ebb283261abc74338942df,851e4b3a55993e6667f5ef230961ad2c3fce3266175dada7ec08e337cf0adba4
modified,train,genuine,103,103_3,103_5,140,140,81,81,303,811.05,65134ba0119ee27b9de159b90ae781c6aba43b6f92ebb283261abc74338942df,4d0de6fd372e4072668a25a1302fe2a12428f65f60b85f2c74230b72810c4624
modified,train,genuine,103,103_3,103_6,140,140,81,81,27,542.13,65134ba0119ee27b9de159b90ae781c6aba43b6f92ebb283261abc74338942df,366dc2e626b5809197663c13b8f9c3cd5110d7f6e35d0dea55708e68991e799e
modified,train,genuine,103,103_3,103_7,140,140,81,79,284,380.16,65134ba0119ee27b9de159b90ae781c6aba43b6f92ebb283261abc74338942df,3b02c9f6cae61d9867bbc9d3ed4fc51e81ce3f3cb2ee9ee48c9590733196999f
modified,train,genuine,103,103_3,103_8,140,140,81,79,24,368.52,65134ba0119ee27b9de159b90ae781c6aba43b6f92ebb283261abc74338942df,34f3612da2110f3f109059a0de9db09b2e6dfae4c9987d058d96d8f77c6c80cc
modified,train,genuine,103,103_4,103_5,140,140,81,81,264,384.58,851e4b3a55993e6667f5ef230961ad2c3fce3266175dada7ec08e337cf0adba4,4d0de6fd372e4072668a25a1302fe2a12428f65f60b85f2c74230b72810c4624
modified,train,genuine,103,103_4,103_6,140,140,81,81,26,462.07,851e4b3a55993e6667f5ef230961ad2c3fce3266175dada7ec08e337cf0adba4,366dc2e626b5809197663c13b8f9c3cd5110d7f6e35d0dea55708e68991e799e
modified,train,genuine,103,103_4,103_7,140,140,81,79,274,370.44,851e4b3a55993e6667f5ef230961ad2c3fce3266175dada7ec08e337cf0adba4,3b02c9f6cae61d9867bbc9d3ed4fc51e81ce3f3cb2ee9ee48c9590733196999f
modified,train,genuine,103,103_4,103_8,140,140,81,79,37,619.73,851e4b3a55993e6667f5ef230961ad2c3fce3266175dada7ec08e337cf0adba4,34f3612da2110f3f109059a0de9db09b2e6dfae4c9987d058d96d8f77c6c80cc
modified,train,genuine,103,103_5,103_6,140,140,81,81,16,364.15,4d0de6fd372e4072668a25a1302fe2a12428f65f60b85f2c74230b72810c4624,366dc2e626b5809197663c13b8f9c3cd5110d7f6e35d0dea55708e68991e799e
modified,train,genuine,103,103_5,103_7,140,140,81,79,276,386.28,4d0de6fd372e4072668a25a1302fe2a12428f65f60b85f2c74230b72810c4624,3b02c9f6cae61d9867bbc9d3ed4fc51e81ce3f3cb2ee9ee48c9590733196999f
modified,train,genuine,103,103_5,103_8,140,140,81,79,24,397.61,4d0de6fd372e4072668a25a1302fe2a12428f65f60b85f2c74230b72810c4624,34f3612da2110f3f109059a0de9db09b2e6dfae4c9987d058d96d8f77c6c80cc
modified,train,genuine,103,103_6,103_7,140,140,81,79,19,396.83,366dc2e626b5809197663c13b8f9c3cd5110d7f6e35d0dea55708e68991e799e,3b02c9f6cae61d9867bbc9d3ed4fc51e81ce3f3cb2ee9ee48c9590733196999f
modified,train,genuine,103,103_6,103_8,140,140,81,79,18,340.73,366dc2e626b5809197663c13b8f9c3cd5110d7f6e35d0dea55708e68991e799e,34f3612da2110f3f109059a0de9db09b2e6dfae4c9987d058d96d8f77c6c80cc
modified,train,genuine,103,103_7,103_8,140,140,79,79,23,430.84,3b02c9f6cae61d9867bbc9d3ed4fc51e81ce3f3cb2ee9ee48c9590733196999f,34f3612da2110f3f109059a0de9db09b2e6dfae4c9987d058d96d8f77c6c80cc
modified,train,genuine,104,104_1,104_2,140,140,75,73,230,541.55,ce8fd2259be4e7536f0ed960053962b71077032602eb8614b9f7aa47cdc1a980,77b3dbea6ea0a81b57d5bc09b0a92a88a82381e067422cd24c6f94e12862ffbd
modified,train,genuine,104,104_1,104_3,140,140,75,72,265,385.92,ce8fd2259be4e7536f0ed960053962b71077032602eb8614b9f7aa47cdc1a980,d2138ae748e8dadb3e324b7431ab6f056232cecdebf53e99c8658d3414c0d348
modified,train,genuine,104,104_1,104_4,140,140,75,74,276,372.37,ce8fd2259be4e7536f0ed960053962b71077032602eb8614b9f7aa47cdc1a980,11de29ce41afc0da6c5fa305939fabad8774bd926b1fd529e6767d5bf0affc68
modified,train,genuine,104,104_1,104_5,140,140,75,70,237,377.07,ce8fd2259be4e7536f0ed960053962b71077032602eb8614b9f7aa47cdc1a980,0b016844c7cd20763aa2af2d8dfd3be02651a01f1a394b670ba574aa80a078b4
modified,train,genuine,104,104_1,104_6,140,140,75,75,337,438.97,ce8fd2259be4e7536f0ed960053962b71077032602eb8614b9f7aa47cdc1a980,b0706f915a5c71468152eb950b2a86e9a27ab88ee45c0597b2404668d32934a8
modified,train,genuine,104,104_1,104_7,140,140,75,72,180,369.87,ce8fd2259be4e7536f0ed960053962b71077032602eb8614b9f7aa47cdc1a980,75e01f7006fec66bebd11ccf2228d7a5824dc9fc6c208d6fbab87f3f38e3a47b
modified,train,genuine,104,104_1,104_8,140,140,75,71,226,1324.34,ce8fd2259be4e7536f0ed960053962b71077032602eb8614b9f7aa47cdc1a980,933a996c2cb53ea4ff6ec68ef7dc4b96fa8f6b31055db73ace146a4d12d0c7b4
modified,train,genuine,104,104_2,104_3,140,140,73,72,207,336.29,77b3dbea6ea0a81b57d5bc09b0a92a88a82381e067422cd24c6f94e12862ffbd,d2138ae748e8dadb3e324b7431ab6f056232cecdebf53e99c8658d3414c0d348
modified,train,genuine,104,104_2,104_4,140,140,73,74,218,331.42,77b3dbea6ea0a81b57d5bc09b0a92a88a82381e067422cd24c6f94e12862ffbd,11de29ce41afc0da6c5fa305939fabad8774bd926b1fd529e6767d5bf0affc68
modified,train,genuine,104,104_2,104_5,140,140,73,70,210,346.86,77b3dbea6ea0a81b57d5bc09b0a92a88a82381e067422cd24c6f94e12862ffbd,0b016844c7cd20763aa2af2d8dfd3be02651a01f1a394b670ba574aa80a078b4
modified,train,genuine,104,104_2,104_6,140,140,73,75,226,344.79,77b3dbea6ea0a81b57d5bc09b0a92a88a82381e067422cd24c6f94e12862ffbd,b0706f915a5c71468152eb950b2a86e9a27ab88ee45c0597b2404668d32934a8
modified,train,genuine,104,104_2,104_7,140,140,73,72,163,486.08,77b3dbea6ea0a81b57d5bc09b0a92a88a82381e067422cd24c6f94e12862ffbd,75e01f7006fec66bebd11ccf2228d7a5824dc9fc6c208d6fbab87f3f38e3a47b
modified,train,genuine,104,104_2,104_8,140,140,73,71,202,370.15,77b3dbea6ea0a81b57d5bc09b0a92a88a82381e067422cd24c6f94e12862ffbd,933a996c2cb53ea4ff6ec68ef7dc4b96fa8f6b31055db73ace146a4d12d0c7b4
modified,train,genuine,104,104_3,104_4,140,140,72,74,243,367.21,d2138ae748e8dadb3e324b7431ab6f056232cecdebf53e99c8658d3414c0d348,11de29ce41afc0da6c5fa305939fabad8774bd926b1fd529e6767d5bf0affc68
modified,train,genuine,104,104_3,104_5,140,140,72,70,215,358.83,d2138ae748e8dadb3e324b7431ab6f056232cecdebf53e99c8658d3414c0d348,0b016844c7cd20763aa2af2d8dfd3be02651a01f1a394b670ba574aa80a078b4
modified,train,genuine,104,104_3,104_6,140,140,72,75,268,377.01,d2138ae748e8dadb3e324b7431ab6f056232cecdebf53e99c8658d3414c0d348,b0706f915a5c71468152eb950b2a86e9a27ab88ee45c0597b2404668d32934a8
modified,train,genuine,104,104_3,104_7,140,140,72,72,185,344.82,d2138ae748e8dadb3e324b7431ab6f056232cecdebf53e99c8658d3414c0d348,75e01f7006fec66bebd11ccf2228d7a5824dc9fc6c208d6fbab87f3f38e3a47b
modified,train,genuine,104,104_3,104_8,140,140,72,71,209,541.28,d2138ae748e8dadb3e324b7431ab6f056232cecdebf53e99c8658d3414c0d348,933a996c2cb53ea4ff6ec68ef7dc4b96fa8f6b31055db73ace146a4d12d0c7b4
modified,train,genuine,104,104_4,104_5,140,140,74,70,230,375.67,11de29ce41afc0da6c5fa305939fabad8774bd926b1fd529e6767d5bf0affc68,0b016844c7cd20763aa2af2d8dfd3be02651a01f1a394b670ba574aa80a078b4
modified,train,genuine,104,104_4,104_6,140,140,74,75,272,382.03,11de29ce41afc0da6c5fa305939fabad8774bd926b1fd529e6767d5bf0affc68,b0706f915a5c71468152eb950b2a86e9a27ab88ee45c0597b2404668d32934a8
modified,train,genuine,104,104_4,104_7,140,140,74,72,179,355.31,11de29ce41afc0da6c5fa305939fabad8774bd926b1fd529e6767d5bf0affc68,75e01f7006fec66bebd11ccf2228d7a5824dc9fc6c208d6fbab87f3f38e3a47b
modified,train,genuine,104,104_4,104_8,140,140,74,71,209,660.67,11de29ce41afc0da6c5fa305939fabad8774bd926b1fd529e6767d5bf0affc68,933a996c2cb53ea4ff6ec68ef7dc4b96fa8f6b31055db73ace146a4d12d0c7b4
modified,train,genuine,104,104_5,104_6,140,140,70,75,243,366.75,0b016844c7cd20763aa2af2d8dfd3be02651a01f1a394b670ba574aa80a078b4,b0706f915a5c71468152eb950b2a86e9a27ab88ee45c0597b2404668d32934a8
modified,train,genuine,104,104_5,104_7,140,140,70,72,172,431.46,0b016844c7cd20763aa2af2d8dfd3be02651a01f1a394b670ba574aa80a078b4,75e01f7006fec66bebd11ccf2228d7a5824dc9fc6c208d6fbab87f3f38e3a47b
modified,train,genuine,104,104_5,104_8,140,140,70,71,210,381.5,0b016844c7cd20763aa2af2d8dfd3be02651a01f1a394b670ba574aa80a078b4,933a996c2cb53ea4ff6ec68ef7dc4b96fa8f6b31055db73ace146a4d12d0c7b4
modified,train,genuine,104,104_6,104_7,140,140,75,72,187,368.78,b0706f915a5c71468152eb950b2a86e9a27ab88ee45c0597b2404668d32934a8,75e01f7006fec66bebd11ccf2228d7a5824dc9fc6c208d6fbab87f3f38e3a47b
modified,train,genuine,104,104_6,104_8,140,140,75,71,215,909.78,b0706f915a5c71468152eb950b2a86e9a27ab88ee45c0597b2404668d32934a8,933a996c2cb53ea4ff6ec68ef7dc4b96fa8f6b31055db73ace146a4d12d0c7b4
modified,train,genuine,104,104_7,104_8,140,140,72,71,182,393.71,75e01f7006fec66bebd11ccf2228d7a5824dc9fc6c208d6fbab87f3f38e3a47b,933a996c2cb53ea4ff6ec68ef7dc4b96fa8f6b31055db73ace146a4d12d0c7b4
modified,train,genuine,105,105_1,105_2,140,140,78,78,293,691.01,463a757c635cfad1f880e5278f6fa12e597469b94ade79d5472cbfadb8d3483d,4c8bd0e5dbf7bf39f956db2b98ed245bd31f709866c81e32f30c4cec37c2fc73
modified,train,genuine,105,105_1,105_3,140,140,78,76,40,417.31,463a757c635cfad1f880e5278f6fa12e597469b94ade79d5472cbfadb8d3483d,1e71ef843613e18e6ed95f0a6f7be6d4fb84763f5cd2aa06e0d2a1bad9e1a81a
modified,train,genuine,105,105_1,105_4,140,140,78,78,267,1980.2,463a757c635cfad1f880e5278f6fa12e597469b94ade79d5472cbfadb8d3483d,88ecdaa8b90ef03eb16dae13c2706d0076aeae27e9f9de49b9aaf8db7add7e88
modified,train,genuine,105,105_1,105_5,140,140,78,77,294,412.26,463a757c635cfad1f880e5278f6fa12e597469b94ade79d5472cbfadb8d3483d,b74ea9f09f3dc172b894b9419014e848b2659dd29e23c747b3d9d1e1835325d8
modified,train,genuine,105,105_1,105_6,140,140,78,77,331,402.99,463a757c635cfad1f880e5278f6fa12e597469b94ade79d5472cbfadb8d3483d,ab04582671a99209b46a8772263d77f22c7675e247283b2fe0d5078350cff0bc
modified,train,genuine,105,105_1,105_7,140,140,78,77,40,642.11,463a757c635cfad1f880e5278f6fa12e597469b94ade79d5472cbfadb8d3483d,67fda200f8adf578acd1d810a874ce9c626e699087cfd3381eab3d2ed785b107
modified,train,genuine,105,105_1,105_8,140,140,78,77,271,1338.06,463a757c635cfad1f880e5278f6fa12e597469b94ade79d5472cbfadb8d3483d,04c032c96d03a2f5cb110bc01e9cae24b6ec4611acb362dbf8375d8f2c9ca58b
modified,train,genuine,105,105_2,105_3,140,140,78,76,24,481.93,4c8bd0e5dbf7bf39f956db2b98ed245bd31f709866c81e32f30c4cec37c2fc73,1e71ef843613e18e6ed95f0a6f7be6d4fb84763f5cd2aa06e0d2a1bad9e1a81a
modified,train,genuine,105,105_2,105_4,140,140,78,78,269,1438.7,4c8bd0e5dbf7bf39f956db2b98ed245bd31f709866c81e32f30c4cec37c2fc73,88ecdaa8b90ef03eb16dae13c2706d0076aeae27e9f9de49b9aaf8db7add7e88
modified,train,genuine,105,105_2,105_5,140,140,78,77,266,1829.16,4c8bd0e5dbf7bf39f956db2b98ed245bd31f709866c81e32f30c4cec37c2fc73,b74ea9f09f3dc172b894b9419014e848b2659dd29e23c747b3d9d1e1835325d8
modified,train,genuine,105,105_2,105_6,140,140,78,77,277,794.68,4c8bd0e5dbf7bf39f956db2b98ed245bd31f709866c81e32f30c4cec37c2fc73,ab04582671a99209b46a8772263d77f22c7675e247283b2fe0d5078350cff0bc
modified,train,genuine,105,105_2,105_7,140,140,78,77,22,385.4,4c8bd0e5dbf7bf39f956db2b98ed245bd31f709866c81e32f30c4cec37c2fc73,67fda200f8adf578acd1d810a874ce9c626e699087cfd3381eab3d2ed785b107
modified,train,genuine,105,105_2,105_8,140,140,78,77,150,955.55,4c8bd0e5dbf7bf39f956db2b98ed245bd31f709866c81e32f30c4cec37c2fc73,04c032c96d03a2f5cb110bc01e9cae24b6ec4611acb362dbf8375d8f2c9ca58b
modified,train,genuine,105,105_3,105_4,140,140,76,78,59,604.37,1e71ef843613e18e6ed95f0a6f7be6d4fb84763f5cd2aa06e0d2a1bad9e1a81a,88ecdaa8b90ef03eb16dae13c2706d0076aeae27e9f9de49b9aaf8db7add7e88
modified,train,genuine,105,105_3,105_5,140,140,76,77,17,405.18,1e71ef843613e18e6ed95f0a6f7be6d4fb84763f5cd2aa06e0d2a1bad9e1a81a,b74ea9f09f3dc172b894b9419014e848b2659dd29e23c747b3d9d1e1835325d8
modified,train,genuine,105,105_3,105_6,140,140,76,77,45,655.02,1e71ef843613e18e6ed95f0a6f7be6d4fb84763f5cd2aa06e0d2a1bad9e1a81a,ab04582671a99209b46a8772263d77f22c7675e247283b2fe0d5078350cff0bc
modified,train,genuine,105,105_3,105_7,140,140,76,77,53,980.17,1e71ef843613e18e6ed95f0a6f7be6d4fb84763f5cd2aa06e0d2a1bad9e1a81a,67fda200f8adf578acd1d810a874ce9c626e699087cfd3381eab3d2ed785b107
modified,train,genuine,105,105_3,105_8,140,140,76,77,23,374.37,1e71ef843613e18e6ed95f0a6f7be6d4fb84763f5cd2aa06e0d2a1bad9e1a81a,04c032c96d03a2f5cb110bc01e9cae24b6ec4611acb362dbf8375d8f2c9ca58b
modified,train,genuine,105,105_4,105_5,140,140,78,77,263,1635.57,88ecdaa8b90ef03eb16dae13c2706d0076aeae27e9f9de49b9aaf8db7add7e88,b74ea9f09f3dc172b894b9419014e848b2659dd29e23c747b3d9d1e1835325d8
modified,train,genuine,105,105_4,105_6,140,140,78,77,258,1662.51,88ecdaa8b90ef03eb16dae13c2706d0076aeae27e9f9de49b9aaf8db7add7e88,ab04582671a99209b46a8772263d77f22c7675e247283b2fe0d5078350cff0bc
modified,train,genuine,105,105_4,105_7,140,140,78,77,40,593.34,88ecdaa8b90ef03eb16dae13c2706d0076aeae27e9f9de49b9aaf8db7add7e88,67fda200f8adf578acd1d810a874ce9c626e699087cfd3381eab3d2ed785b107
modified,train,genuine,105,105_4,105_8,140,140,78,77,221,1085.76,88ecdaa8b90ef03eb16dae13c2706d0076aeae27e9f9de49b9aaf8db7add7e88,04c032c96d03a2f5cb110bc01e9cae24b6ec4611acb362dbf8375d8f2c9ca58b
modified,train,genuine,105,105_5,105_6,140,140,77,77,295,382.42,b74ea9f09f3dc172b894b9419014e848b2659dd29e23c747b3d9d1e1835325d8,ab04582671a99209b46a8772263d77f22c7675e247283b2fe0d5078350cff0bc
modified,train,genuine,105,105_5,105_7,140,140,77,77,18,376.92,b74ea9f09f3dc172b894b9419014e848b2659dd29e23c747b3d9d1e1835325d8,67fda200f8adf578acd1d810a874ce9c626e699087cfd3381eab3d2ed785b107
modified,train,genuine,105,105_5,105_8,140,140,77,77,259,1583.29,b74ea9f09f3dc172b894b9419014e848b2659dd29e23c747b3d9d1e1835325d8,04c032c96d03a2f5cb110bc01e9cae24b6ec4611acb362dbf8375d8f2c9ca58b
modified,train,genuine,105,105_6,105_7,140,140,77,77,34,553.5,ab04582671a99209b46a8772263d77f22c7675e247283b2fe0d5078350cff0bc,67fda200f8adf578acd1d810a874ce9c626e699087cfd3381eab3d2ed785b107
modified,train,genuine,105,105_6,105_8,140,140,77,77,271,1481.7,ab04582671a99209b46a8772263d77f22c7675e247283b2fe0d5078350cff0bc,04c032c96d03a2f5cb110bc01e9cae24b6ec4611acb362dbf8375d8f2c9ca58b
modified,train,genuine,105,105_7,105_8,140,140,77,77,26,416.17,67fda200f8adf578acd1d810a874ce9c626e699087cfd3381eab3d2ed785b107,04c032c96d03a2f5cb110bc01e9cae24b6ec4611acb362dbf8375d8f2c9ca58b
modified,validation,genuine,106,106_1,106_2,140,140,74,75,231,563.63,f05cd2d7f67aae517a21a0d924b4ca2ab59b92fea4f7f8f38e47f947d1ce686a,d645a4d9e4ed05a4ca2836a8fb71140b8885e24deb94f052c5c8259e08599b5b
modified,validation,genuine,106,106_1,106_3,140,140,74,73,252,1084.59,f05cd2d7f67aae517a21a0d924b4ca2ab59b92fea4f7f8f38e47f947d1ce686a,0f045576ca8d3a586dc121cd753cb37748052ce7aaf6f31a88d91295273347ac
modified,validation,genuine,106,106_1,106_4,140,140,74,75,259,420.48,f05cd2d7f67aae517a21a0d924b4ca2ab59b92fea4f7f8f38e47f947d1ce686a,b1dd8de31c64c180a4218f5d100fc6a06be0ecee89b24ca680830133b7bc0423
modified,validation,genuine,106,106_1,106_5,140,140,74,71,245,452.34,f05cd2d7f67aae517a21a0d924b4ca2ab59b92fea4f7f8f38e47f947d1ce686a,fc65a45d9dc3004678a0fbdcbc6e9540e68d56b0557ec21b44466ad4dca53f99
modified,validation,genuine,106,106_1,106_6,140,140,74,72,240,362.5,f05cd2d7f67aae517a21a0d924b4ca2ab59b92fea4f7f8f38e47f947d1ce686a,68861a351f5f0e7de3594a4573c151f4b7d878b3b5f4931875e42053a149bf00
modified,validation,genuine,106,106_1,106_7,140,140,74,74,244,395.45,f05cd2d7f67aae517a21a0d924b4ca2ab59b92fea4f7f8f38e47f947d1ce686a,0743c35364a148245bdbd1501102c3d02b3b6aa022849d4fce2f59d38230b931
modified,validation,genuine,106,106_1,106_8,140,140,74,73,247,418.93,f05cd2d7f67aae517a21a0d924b4ca2ab59b92fea4f7f8f38e47f947d1ce686a,c48d34bd099e20bc5701fcdf8d4215652d16accdc0caccf8954f38c467104970
modified,validation,genuine,106,106_2,106_3,140,140,75,73,29,420.57,d645a4d9e4ed05a4ca2836a8fb71140b8885e24deb94f052c5c8259e08599b5b,0f045576ca8d3a586dc121cd753cb37748052ce7aaf6f31a88d91295273347ac
modified,validation,genuine,106,106_2,106_4,140,140,75,75,20,511.45,d645a4d9e4ed05a4ca2836a8fb71140b8885e24deb94f052c5c8259e08599b5b,b1dd8de31c64c180a4218f5d100fc6a06be0ecee89b24ca680830133b7bc0423
modified,validation,genuine,106,106_2,106_5,140,140,75,71,15,378.07,d645a4d9e4ed05a4ca2836a8fb71140b8885e24deb94f052c5c8259e08599b5b,fc65a45d9dc3004678a0fbdcbc6e9540e68d56b0557ec21b44466ad4dca53f99
modified,validation,genuine,106,106_2,106_6,140,140,75,72,20,389.16,d645a4d9e4ed05a4ca2836a8fb71140b8885e24deb94f052c5c8259e08599b5b,68861a351f5f0e7de3594a4573c151f4b7d878b3b5f4931875e42053a149bf00
modified,validation,genuine,106,106_2,106_7,140,140,75,74,13,395.07,d645a4d9e4ed05a4ca2836a8fb71140b8885e24deb94f052c5c8259e08599b5b,0743c35364a148245bdbd1501102c3d02b3b6aa022849d4fce2f59d38230b931
modified,validation,genuine,106,106_2,106_8,140,140,75,73,219,610.67,d645a4d9e4ed05a4ca2836a8fb71140b8885e24deb94f052c5c8259e08599b5b,c48d34bd099e20bc5701fcdf8d4215652d16accdc0caccf8954f38c467104970
modified,validation,genuine,106,106_3,106_4,140,140,73,75,282,435.9,0f045576ca8d3a586dc121cd753cb37748052ce7aaf6f31a88d91295273347ac,b1dd8de31c64c180a4218f5d100fc6a06be0ecee89b24ca680830133b7bc0423
modified,validation,genuine,106,106_3,106_5,140,140,73,71,272,434.39,0f045576ca8d3a586dc121cd753cb37748052ce7aaf6f31a88d91295273347ac,fc65a45d9dc3004678a0fbdcbc6e9540e68d56b0557ec21b44466ad4dca53f99
modified,validation,genuine,106,106_3,106_6,140,140,73,72,268,373.13,0f045576ca8d3a586dc121cd753cb37748052ce7aaf6f31a88d91295273347ac,68861a351f5f0e7de3594a4573c151f4b7d878b3b5f4931875e42053a149bf00
modified,validation,genuine,106,106_3,106_7,140,140,73,74,269,434.95,0f045576ca8d3a586dc121cd753cb37748052ce7aaf6f31a88d91295273347ac,0743c35364a148245bdbd1501102c3d02b3b6aa022849d4fce2f59d38230b931
modified,validation,genuine,106,106_3,106_8,140,140,73,73,270,368.07,0f045576ca8d3a586dc121cd753cb37748052ce7aaf6f31a88d91295273347ac,c48d34bd099e20bc5701fcdf8d4215652d16accdc0caccf8954f38c467104970
modified,validation,genuine,106,106_4,106_5,140,140,75,71,271,386.69,b1dd8de31c64c180a4218f5d100fc6a06be0ecee89b24ca680830133b7bc0423,fc65a45d9dc3004678a0fbdcbc6e9540e68d56b0557ec21b44466ad4dca53f99
modified,validation,genuine,106,106_4,106_6,140,140,75,72,263,398.06,b1dd8de31c64c180a4218f5d100fc6a06be0ecee89b24ca680830133b7bc0423,68861a351f5f0e7de3594a4573c151f4b7d878b3b5f4931875e42053a149bf00
modified,validation,genuine,106,106_4,106_7,140,140,75,74,261,456.54,b1dd8de31c64c180a4218f5d100fc6a06be0ecee89b24ca680830133b7bc0423,0743c35364a148245bdbd1501102c3d02b3b6aa022849d4fce2f59d38230b931
modified,validation,genuine,106,106_4,106_8,140,140,75,73,270,380.54,b1dd8de31c64c180a4218f5d100fc6a06be0ecee89b24ca680830133b7bc0423,c48d34bd099e20bc5701fcdf8d4215652d16accdc0caccf8954f38c467104970
modified,validation,genuine,106,106_5,106_6,140,140,71,72,263,377.31,fc65a45d9dc3004678a0fbdcbc6e9540e68d56b0557ec21b44466ad4dca53f99,68861a351f5f0e7de3594a4573c151f4b7d878b3b5f4931875e42053a149bf00
modified,validation,genuine,106,106_5,106_7,140,140,71,74,251,379.75,fc65a45d9dc3004678a0fbdcbc6e9540e68d56b0557ec21b44466ad4dca53f99,0743c35364a148245bdbd1501102c3d02b3b6aa022849d4fce2f59d38230b931
modified,validation,genuine,106,106_5,106_8,140,140,71,73,272,369.52,fc65a45d9dc3004678a0fbdcbc6e9540e68d56b0557ec21b44466ad4dca53f99,c48d34bd099e20bc5701fcdf8d4215652d16accdc0caccf8954f38c467104970
modified,validation,genuine,106,106_6,106_7,140,140,72,74,245,366.95,68861a351f5f0e7de3594a4573c151f4b7d878b3b5f4931875e42053a149bf00,0743c35364a148245bdbd1501102c3d02b3b6aa022849d4fce2f59d38230b931
modified,validation,genuine,106,106_6,106_8,140,140,72,73,269,371.18,68861a351f5f0e7de3594a4573c151f4b7d878b3b5f4931875e42053a149bf00,c48d34bd099e20bc5701fcdf8d4215652d16accdc0caccf8954f38c467104970
modified,validation,genuine,106,106_7,106_8,140,140,74,73,254,414.14,0743c35364a148245bdbd1501102c3d02b3b6aa022849d4fce2f59d38230b931,c48d34bd099e20bc5701fcdf8d4215652d16accdc0caccf8954f38c467104970
modified,validation,genuine,107,107_1,107_2,140,140,76,77,267,372.12,3696de3ebf2f0af7205826744e2762ae00dbc4d135e44cd6790d1947c1f8300b,2b80e139907fe755d00daedcd6a715797960ca41ec83c5b6f57988c7e5cdd889
modified,validation,genuine,107,107_1,107_3,140,140,76,75,239,376.25,3696de3ebf2f0af7205826744e2762ae00dbc4d135e44cd6790d1947c1f8300b,7248e27d86a5d36bbb2fb00010aca5ad2cb32da5ebdd66e7f273d163be2ccd94
modified,validation,genuine,107,107_1,107_4,140,140,76,75,275,361.46,3696de3ebf2f0af7205826744e2762ae00dbc4d135e44cd6790d1947c1f8300b,f556895e399849a346920a32cad7a8e6421e7c816d79513bedfee476f22b3933
modified,validation,genuine,107,107_1,107_5,140,140,76,72,229,365.38,3696de3ebf2f0af7205826744e2762ae00dbc4d135e44cd6790d1947c1f8300b,b8510b9fb5867c20739b11c79915076bae169d8730be6cbf41ff3253e3cee440
modified,validation,genuine,107,107_1,107_6,140,140,76,74,236,353.59,3696de3ebf2f0af7205826744e2762ae00dbc4d135e44cd6790d1947c1f8300b,c7f85ac1e7e6063d333932685d4080d808d52e29a883de1e978c0ea287546c2c
modified,validation,genuine,107,107_1,107_7,140,140,76,71,243,1113.15,3696de3ebf2f0af7205826744e2762ae00dbc4d135e44cd6790d1947c1f8300b,120c0ff19752ea9ceb04942bef82cba4867bb06329272b843dda32e417b34a72
modified,validation,genuine,107,107_1,107_8,140,140,76,72,216,1080.66,3696de3ebf2f0af7205826744e2762ae00dbc4d135e44cd6790d1947c1f8300b,df52c710cc6efb2271494277a4f1669a2e9af9fa0c98f5acb48b187b4e81cae1
modified,validation,genuine,107,107_2,107_3,140,140,77,75,253,372.39,2b80e139907fe755d00daedcd6a715797960ca41ec83c5b6f57988c7e5cdd889,7248e27d86a5d36bbb2fb00010aca5ad2cb32da5ebdd66e7f273d163be2ccd94
modified,validation,genuine,107,107_2,107_4,140,140,77,75,280,367.49,2b80e139907fe755d00daedcd6a715797960ca41ec83c5b6f57988c7e5cdd889,f556895e399849a346920a32cad7a8e6421e7c816d79513bedfee476f22b3933
modified,validation,genuine,107,107_2,107_5,140,140,77,72,232,364.99,2b80e139907fe755d00daedcd6a715797960ca41ec83c5b6f57988c7e5cdd889,b8510b9fb5867c20739b11c79915076bae169d8730be6cbf41ff3253e3cee440
modified,validation,genuine,107,107_2,107_6,140,140,77,74,243,360.12,2b80e139907fe755d00daedcd6a715797960ca41ec83c5b6f57988c7e5cdd889,c7f85ac1e7e6063d333932685d4080d808d52e29a883de1e978c0ea287546c2c
modified,validation,genuine,107,107_2,107_7,140,140,77,71,141,1393.29,2b80e139907fe755d00daedcd6a715797960ca41ec83c5b6f57988c7e5cdd889,120c0ff19752ea9ceb04942bef82cba4867bb06329272b843dda32e417b34a72
modified,validation,genuine,107,107_2,107_8,140,140,77,72,188,1395.43,2b80e139907fe755d00daedcd6a715797960ca41ec83c5b6f57988c7e5cdd889,df52c710cc6efb2271494277a4f1669a2e9af9fa0c98f5acb48b187b4e81cae1
modified,validation,genuine,107,107_3,107_4,140,140,75,75,250,378.87,7248e27d86a5d36bbb2fb00010aca5ad2cb32da5ebdd66e7f273d163be2ccd94,f556895e399849a346920a32cad7a8e6421e7c816d79513bedfee476f22b3933
modified,validation,genuine,107,107_3,107_5,140,140,75,72,221,360.4,7248e27d86a5d36bbb2fb00010aca5ad2cb32da5ebdd66e7f273d163be2ccd94,b8510b9fb5867c20739b11c79915076bae169d8730be6cbf41ff3253e3cee440
modified,validation,genuine,107,107_3,107_6,140,140,75,74,235,363.3,7248e27d86a5d36bbb2fb00010aca5ad2cb32da5ebdd66e7f273d163be2ccd94,c7f85ac1e7e6063d333932685d4080d808d52e29a883de1e978c0ea287546c2c
modified,validation,genuine,107,107_3,107_7,140,140,75,71,181,1121.02,7248e27d86a5d36bbb2fb00010aca5ad2cb32da5ebdd66e7f273d163be2ccd94,120c0ff19752ea9ceb04942bef82cba4867bb06329272b843dda32e417b34a72
modified,validation,genuine,107,107_3,107_8,140,140,75,72,166,1056.65,7248e27d86a5d36bbb2fb00010aca5ad2cb32da5ebdd66e7f273d163be2ccd94,df52c710cc6efb2271494277a4f1669a2e9af9fa0c98f5acb48b187b4e81cae1
modified,validation,genuine,107,107_4,107_5,140,140,75,72,231,356.14,f556895e399849a346920a32cad7a8e6421e7c816d79513bedfee476f22b3933,b8510b9fb5867c20739b11c79915076bae169d8730be6cbf41ff3253e3cee440
modified,validation,genuine,107,107_4,107_6,140,140,75,74,242,375.02,f556895e399849a346920a32cad7a8e6421e7c816d79513bedfee476f22b3933,c7f85ac1e7e6063d333932685d4080d808d52e29a883de1e978c0ea287546c2c
modified,validation,genuine,107,107_4,107_7,140,140,75,71,138,1486.78,f556895e399849a346920a32cad7a8e6421e7c816d79513bedfee476f22b3933,120c0ff19752ea9ceb04942bef82cba4867bb06329272b843dda32e417b34a72
modified,validation,genuine,107,107_4,107_8,140,140,75,72,190,1252.5,f556895e399849a346920a32cad7a8e6421e7c816d79513bedfee476f22b3933,df52c710cc6efb2271494277a4f1669a2e9af9fa0c98f5acb48b187b4e81cae1
modified,validation,genuine,107,107_5,107_6,140,140,72,74,217,338.32,b8510b9fb5867c20739b11c79915076bae169d8730be6cbf41ff3253e3cee440,c7f85ac1e7e6063d333932685d4080d808d52e29a883de1e978c0ea287546c2c
modified,validation,genuine,107,107_5,107_7,140,140,72,71,210,556.96,b8510b9fb5867c20739b11c79915076bae169d8730be6cbf41ff3253e3cee440,120c0ff19752ea9ceb04942bef82cba4867bb06329272b843dda32e417b34a72
modified,validation,genuine,107,107_5,107_8,140,140,72,72,208,601.75,b8510b9fb5867c20739b11c79915076bae169d8730be6cbf41ff3253e3cee440,df52c710cc6efb2271494277a4f1669a2e9af9fa0c98f5acb48b187b4e81cae1
modified,validation,genuine,107,107_6,107_7,140,140,74,71,210,614.02,c7f85ac1e7e6063d333932685d4080d808d52e29a883de1e978c0ea287546c2c,120c0ff19752ea9ceb04942bef82cba4867bb06329272b843dda32e417b34a72
modified,validation,genuine,107,107_6,107_8,140,140,74,72,185,587.38,c7f85ac1e7e6063d333932685d4080d808d52e29a883de1e978c0ea287546c2c,df52c710cc6efb2271494277a4f1669a2e9af9fa0c98f5acb48b187b4e81cae1
modified,validation,genuine,107,107_7,107_8,140,140,71,72,76,643.98,120c0ff19752ea9ceb04942bef82cba4867bb06329272b843dda32e417b34a72,df52c710cc6efb2271494277a4f1669a2e9af9fa0c98f5acb48b187b4e81cae1
modified,validation,genuine,108,108_1,108_2,140,140,76,75,288,383.64,effc8818f805ca8f621ff604f497117d9b129aa6282440013b0b596f8b8e4a06,6a605fede2ad3c09da2af19bdfd58c920c4b269b474faf43a7cbb2427c4a8179
modified,validation,genuine,108,108_1,108_3,140,140,76,76,274,1596.05,effc8818f805ca8f621ff604f497117d9b129aa6282440013b0b596f8b8e4a06,0eea0b3d059c4594dbedb46a4cb3c040b39f78751568a8f65c295a277992db48
modified,validation,genuine,108,108_1,108_4,140,140,76,77,297,398.99,effc8818f805ca8f621ff604f497117d9b129aa6282440013b0b596f8b8e4a06,c75d322a2af09ad76c57c0777424e359232cf47d3ccbe3483b6d60737fa537b9
modified,validation,genuine,108,108_1,108_5,140,140,76,78,299,411.93,effc8818f805ca8f621ff604f497117d9b129aa6282440013b0b596f8b8e4a06,9ad5417e5ef34e74f3f0b01ecf4e261914ccb309b2a2ebadcac0df4e43562c03
modified,validation,genuine,108,108_1,108_6,140,140,76,77,309,436.82,effc8818f805ca8f621ff604f497117d9b129aa6282440013b0b596f8b8e4a06,32ad84bf727a93d486393cb97bd78d51e8374902e19537d8c2d4deb74cf909e2
modified,validation,genuine,108,108_1,108_7,140,140,76,78,309,383.5,effc8818f805ca8f621ff604f497117d9b129aa6282440013b0b596f8b8e4a06,d42894485daa4bdf77ea6be7dd43ff442d936c8a195feea7dadc47cb38ff452b
modified,validation,genuine,108,108_1,108_8,140,140,76,79,301,391.46,effc8818f805ca8f621ff604f497117d9b129aa6282440013b0b596f8b8e4a06,af8f826f893799cc2ccbf8536992d90e34f237f8a072a4295414711673b036de
modified,validation,genuine,108,108_2,108_3,140,140,75,76,260,1844.3,6a605fede2ad3c09da2af19bdfd58c920c4b269b474faf43a7cbb2427c4a8179,0eea0b3d059c4594dbedb46a4cb3c040b39f78751568a8f65c295a277992db48
modified,validation,genuine,108,108_2,108_4,140,140,75,77,287,386.53,6a605fede2ad3c09da2af19bdfd58c920c4b269b474faf43a7cbb2427c4a8179,c75d322a2af09ad76c57c0777424e359232cf47d3ccbe3483b6d60737fa537b9
modified,validation,genuine,108,108_2,108_5,140,140,75,78,280,409.49,6a605fede2ad3c09da2af19bdfd58c920c4b269b474faf43a7cbb2427c4a8179,9ad5417e5ef34e74f3f0b01ecf4e261914ccb309b2a2ebadcac0df4e43562c03
modified,validation,genuine,108,108_2,108_6,140,140,75,77,292,390.62,6a605fede2ad3c09da2af19bdfd58c920c4b269b474faf43a7cbb2427c4a8179,32ad84bf727a93d486393cb97bd78d51e8374902e19537d8c2d4deb74cf909e2
modified,validation,genuine,108,108_2,108_7,140,140,75,78,294,381.48,6a605fede2ad3c09da2af19bdfd58c920c4b269b474faf43a7cbb2427c4a8179,d42894485daa4bdf77ea6be7dd43ff442d936c8a195feea7dadc47cb38ff452b
modified,validation,genuine,108,108_2,108_8,140,140,75,79,292,382.78,6a605fede2ad3c09da2af19bdfd58c920c4b269b474faf43a7cbb2427c4a8179,af8f826f893799cc2ccbf8536992d90e34f237f8a072a4295414711673b036de
modified,validation,genuine,108,108_3,108_4,140,140,76,77,259,1244.49,0eea0b3d059c4594dbedb46a4cb3c040b39f78751568a8f65c295a277992db48,c75d322a2af09ad76c57c0777424e359232cf47d3ccbe3483b6d60737fa537b9
modified,validation,genuine,108,108_3,108_5,140,140,76,78,264,1191.81,0eea0b3d059c4594dbedb46a4cb3c040b39f78751568a8f65c295a277992db48,9ad5417e5ef34e74f3f0b01ecf4e261914ccb309b2a2ebadcac0df4e43562c03
modified,validation,genuine,108,108_3,108_6,140,140,76,77,268,1782.97,0eea0b3d059c4594dbedb46a4cb3c040b39f78751568a8f65c295a277992db48,32ad84bf727a93d486393cb97bd78d51e8374902e19537d8c2d4deb74cf909e2
modified,validation,genuine,108,108_3,108_7,140,140,76,78,261,1105.81,0eea0b3d059c4594dbedb46a4cb3c040b39f78751568a8f65c295a277992db48,d42894485daa4bdf77ea6be7dd43ff442d936c8a195feea7dadc47cb38ff452b
modified,validation,genuine,108,108_3,108_8,140,140,76,79,274,1304.8,0eea0b3d059c4594dbedb46a4cb3c040b39f78751568a8f65c295a277992db48,af8f826f893799cc2ccbf8536992d90e34f237f8a072a4295414711673b036de
modified,validation,genuine,108,108_4,108_5,140,140,77,78,307,398.05,c75d322a2af09ad76c57c0777424e359232cf47d3ccbe3483b6d60737fa537b9,9ad5417e5ef34e74f3f0b01ecf4e261914ccb309b2a2ebadcac0df4e43562c03
modified,validation,genuine,108,108_4,108_6,140,140,77,77,306,524.07,c75d322a2af09ad76c57c0777424e359232cf47d3ccbe3483b6d60737fa537b9,32ad84bf727a93d486393cb97bd78d51e8374902e19537d8c2d4deb74cf909e2
modified,validation,genuine,108,108_4,108_7,140,140,77,78,310,395.88,c75d322a2af09ad76c57c0777424e359232cf47d3ccbe3483b6d60737fa537b9,d42894485daa4bdf77ea6be7dd43ff442d936c8a195feea7dadc47cb38ff452b
modified,validation,genuine,108,108_4,108_8,140,140,77,79,315,393.79,c75d322a2af09ad76c57c0777424e359232cf47d3ccbe3483b6d60737fa537b9,af8f826f893799cc2ccbf8536992d90e34f237f8a072a4295414711673b036de
modified,validation,genuine,108,108_5,108_6,140,140,78,77,296,491.88,9ad5417e5ef34e74f3f0b01ecf4e261914ccb309b2a2ebadcac0df4e43562c03,32ad84bf727a93d486393cb97bd78d51e8374902e19537d8c2d4deb74cf909e2
modified,validation,genuine,108,108_5,108_7,140,140,78,78,327,379.05,9ad5417e5ef34e74f3f0b01ecf4e261914ccb309b2a2ebadcac0df4e43562c03,d42894485daa4bdf77ea6be7dd43ff442d936c8a195feea7dadc47cb38ff452b
modified,validation,genuine,108,108_5,108_8,140,140,78,79,296,383.98,9ad5417e5ef34e74f3f0b01ecf4e261914ccb309b2a2ebadcac0df4e43562c03,af8f826f893799cc2ccbf8536992d90e34f237f8a072a4295414711673b036de
modified,validation,genuine,108,108_6,108_7,140,140,77,78,321,378.49,32ad84bf727a93d486393cb97bd78d51e8374902e19537d8c2d4deb74cf909e2,d42894485daa4bdf77ea6be7dd43ff442d936c8a195feea7dadc47cb38ff452b
modified,validation,genuine,108,108_6,108_8,140,140,77,79,300,388.01,32ad84bf727a93d486393cb97bd78d51e8374902e19537d8c2d4deb74cf909e2,af8f826f893799cc2ccbf8536992d90e34f237f8a072a4295414711673b036de
modified,validation,genuine,108,108_7,108_8,140,140,78,79,308,411.05,d42894485daa4bdf77ea6be7dd43ff442d936c8a195feea7dadc47cb38ff452b,af8f826f893799cc2ccbf8536992d90e34f237f8a072a4295414711673b036de
modified,validation,genuine,109,109_1,109_2,140,140,74,73,107,695.87,5a3f648dc2b9d5314003168934beecdc89f03e2865ba2cc3d39eab3de82d4a5d,1f6499cc82d4fb76ef7aa7b8052878bdb5f316386523ee36e98a7aacfe0f70ee
modified,validation,genuine,109,109_1,109_3,140,140,74,73,169,775.67,5a3f648dc2b9d5314003168934beecdc89f03e2865ba2cc3d39eab3de82d4a5d,417445c934a6a0e76c38843b523e5bed4c57f910e690c62ebf55f4a764618ca9
modified,validation,genuine,109,109_1,109_4,140,140,74,73,140,964.01,5a3f648dc2b9d5314003168934beecdc89f03e2865ba2cc3d39eab3de82d4a5d,6383d3505ca83c1bf88151af44216e8ebcac4a8a1e772c21b3421a7fa8b201d6
modified,validation,genuine,109,109_1,109_5,140,140,74,74,236,424.53,5a3f648dc2b9d5314003168934beecdc89f03e2865ba2cc3d39eab3de82d4a5d,414d9abdd9730d0a0de8c2b15fddb205d28076df5408761a0908a5697a969bbb
modified,validation,genuine,109,109_1,109_6,140,140,74,70,212,358.37,5a3f648dc2b9d5314003168934beecdc89f03e2865ba2cc3d39eab3de82d4a5d,9e4acbc7d549236733333323beefbeceb935ad5e67fa2543e5ab2a56275c80c5
modified,validation,genuine,109,109_1,109_7,140,140,74,75,226,1713.75,5a3f648dc2b9d5314003168934beecdc89f03e2865ba2cc3d39eab3de82d4a5d,4779031d5a48cc060993f998000ebb6b29ee8aef45af9c4ce437b8e3f4a376e3
modified,validation,genuine,109,109_1,109_8,140,140,74,72,228,497.65,5a3f648dc2b9d5314003168934beecdc89f03e2865ba2cc3d39eab3de82d4a5d,5ee10d3503a2fbd774f0a59ab2a8226e4320f1fd41c247934a432c8c752fa642
modified,validation,genuine,109,109_2,109_3,140,140,73,73,56,314.86,1f6499cc82d4fb76ef7aa7b8052878bdb5f316386523ee36e98a7aacfe0f70ee,417445c934a6a0e76c38843b523e5bed4c57f910e690c62ebf55f4a764618ca9
modified,validation,genuine,109,109_2,109_4,140,140,73,73,56,336.63,1f6499cc82d4fb76ef7aa7b8052878bdb5f316386523ee36e98a7aacfe0f70ee,6383d3505ca83c1bf88151af44216e8ebcac4a8a1e772c21b3421a7fa8b201d6
modified,validation,genuine,109,109_2,109_5,140,140,73,74,117,1018.06,1f6499cc82d4fb76ef7aa7b8052878bdb5f316386523ee36e98a7aacfe0f70ee,414d9abdd9730d0a0de8c2b15fddb205d28076df5408761a0908a5697a969bbb
modified,validation,genuine,109,109_2,109_6,140,140,73,70,84,827.24,1f6499cc82d4fb76ef7aa7b8052878bdb5f316386523ee36e98a7aacfe0f70ee,9e4acbc7d549236733333323beefbeceb935ad5e67fa2543e5ab2a56275c80c5
modified,validation,genuine,109,109_2,109_7,140,140,73,75,84,422.47,1f6499cc82d4fb76ef7aa7b8052878bdb5f316386523ee36e98a7aacfe0f70ee,4779031d5a48cc060993f998000ebb6b29ee8aef45af9c4ce437b8e3f4a376e3
modified,validation,genuine,109,109_2,109_8,140,140,73,72,84,413.5,1f6499cc82d4fb76ef7aa7b8052878bdb5f316386523ee36e98a7aacfe0f70ee,5ee10d3503a2fbd774f0a59ab2a8226e4320f1fd41c247934a432c8c752fa642
modified,validation,genuine,109,109_3,109_4,140,140,73,73,67,299.37,417445c934a6a0e76c38843b523e5bed4c57f910e690c62ebf55f4a764618ca9,6383d3505ca83c1bf88151af44216e8ebcac4a8a1e772c21b3421a7fa8b201d6
modified,validation,genuine,109,109_3,109_5,140,140,73,74,82,629.71,417445c934a6a0e76c38843b523e5bed4c57f910e690c62ebf55f4a764618ca9,414d9abdd9730d0a0de8c2b15fddb205d28076df5408761a0908a5697a969bbb
modified,validation,genuine,109,109_3,109_6,140,140,73,70,121,493.98,417445c934a6a0e76c38843b523e5bed4c57f910e690c62ebf55f4a764618ca9,9e4acbc7d549236733333323beefbeceb935ad5e67fa2543e5ab2a56275c80c5
modified,validation,genuine,109,109_3,109_7,140,140,73,75,86,274.77,417445c934a6a0e76c38843b523e5bed4c57f910e690c62ebf55f4a764618ca9,4779031d5a48cc060993f998000ebb6b29ee8aef45af9c4ce437b8e3f4a376e3
modified,validation,genuine,109,109_3,109_8,140,140,73,72,87,322.97,417445c934a6a0e76c38843b523e5bed4c57f910e690c62ebf55f4a764618ca9,5ee10d3503a2fbd774f0a59ab2a8226e4320f1fd41c247934a432c8c752fa642
modified,validation,genuine,109,109_4,109_5,140,140,73,74,141,641.32,6383d3505ca83c1bf88151af44216e8ebcac4a8a1e772c21b3421a7fa8b201d6,414d9abdd9730d0a0de8c2b15fddb205d28076df5408761a0908a5697a969bbb
modified,validation,genuine,109,109_4,109_6,140,140,73,70,23,408.31,6383d3505ca83c1bf88151af44216e8ebcac4a8a1e772c21b3421a7fa8b201d6,9e4acbc7d549236733333323beefbeceb935ad5e67fa2543e5ab2a56275c80c5
modified,validation,genuine,109,109_4,109_7,140,140,73,75,27,437.47,6383d3505ca83c1bf88151af44216e8ebcac4a8a1e772c21b3421a7fa8b201d6,4779031d5a48cc060993f998000ebb6b29ee8aef45af9c4ce437b8e3f4a376e3
modified,validation,genuine,109,109_4,109_8,140,140,73,72,23,371.72,6383d3505ca83c1bf88151af44216e8ebcac4a8a1e772c21b3421a7fa8b201d6,5ee10d3503a2fbd774f0a59ab2a8226e4320f1fd41c247934a432c8c752fa642
modified,validation,genuine,109,109_5,109_6,140,140,74,70,191,360.6,414d9abdd9730d0a0de8c2b15fddb205d28076df5408761a0908a5697a969bbb,9e4acbc7d549236733333323beefbeceb935ad5e67fa2543e5ab2a56275c80c5
modified,validation,genuine,109,109_5,109_7,140,140,74,75,21,391.11,414d9abdd9730d0a0de8c2b15fddb205d28076df5408761a0908a5697a969bbb,4779031d5a48cc060993f998000ebb6b29ee8aef45af9c4ce437b8e3f4a376e3
modified,validation,genuine,109,109_5,109_8,140,140,74,72,229,440.37,414d9abdd9730d0a0de8c2b15fddb205d28076df5408761a0908a5697a969bbb,5ee10d3503a2fbd774f0a59ab2a8226e4320f1fd41c247934a432c8c752fa642
modified,validation,genuine,109,109_6,109_7,140,140,70,75,150,452.65,9e4acbc7d549236733333323beefbeceb935ad5e67fa2543e5ab2a56275c80c5,4779031d5a48cc060993f998000ebb6b29ee8aef45af9c4ce437b8e3f4a376e3
modified,validation,genuine,109,109_6,109_8,140,140,70,72,144,424.47,9e4acbc7d549236733333323beefbeceb935ad5e67fa2543e5ab2a56275c80c5,5ee10d3503a2fbd774f0a59ab2a8226e4320f1fd41c247934a432c8c752fa642
modified,validation,genuine,109,109_7,109_8,140,140,75,72,15,322.24,4779031d5a48cc060993f998000ebb6b29ee8aef45af9c4ce437b8e3f4a376e3,5ee10d3503a2fbd774f0a59ab2a8226e4320f1fd41c247934a432c8c752fa642
modified,validation,genuine,110,110_1,110_2,140,140,72,72,235,1388.85,f9180c4deb2b35902346c95f6664387d9ed1e69edc7873bc794a03db8564170a,93e3def186f910fa3e16efdcc7957936986cd1f030fe55b08e646c78593ec494
modified,validation,genuine,110,110_1,110_3,140,140,72,76,233,1458.3,f9180c4deb2b35902346c95f6664387d9ed1e69edc7873bc794a03db8564170a,a38e2064ab5f6645f49858a1c2e30027755e1c925caf5ff64fe460312d1e3254
modified,validation,genuine,110,110_1,110_4,140,140,72,76,230,1354.14,f9180c4deb2b35902346c95f6664387d9ed1e69edc7873bc794a03db8564170a,386ae83e5d0baa094d1e24fd40b44195592cdebb20b58c90e922e4380707e429
modified,validation,genuine,110,110_1,110_5,140,140,72,74,227,645.14,f9180c4deb2b35902346c95f6664387d9ed1e69edc7873bc794a03db8564170a,55da6102a20556c4e77f3731444e595856522a1a83fd774e59d5ac37b9d8a3df
modified,validation,genuine,110,110_1,110_6,140,140,72,75,211,617.6,f9180c4deb2b35902346c95f6664387d9ed1e69edc7873bc794a03db8564170a,2692302877503af865b11c2889c0ad2c9038935cff28f67e64634e65b7079429
modified,validation,genuine,110,110_1,110_7,140,140,72,73,174,545.75,f9180c4deb2b35902346c95f6664387d9ed1e69edc7873bc794a03db8564170a,2433bc5f8922541d0fa116c582b9b39fe06eb8bc03de35a66d796260c069249d
modified,validation,genuine,110,110_1,110_8,140,140,72,73,228,682.52,f9180c4deb2b35902346c95f6664387d9ed1e69edc7873bc794a03db8564170a,1974221e915cbcd6d2cc1570f781c5c4e0c08e00e477f5a040274782638e4005
modified,validation,genuine,110,110_2,110_3,140,140,72,76,272,356.32,93e3def186f910fa3e16efdcc7957936986cd1f030fe55b08e646c78593ec494,a38e2064ab5f6645f49858a1c2e30027755e1c925caf5ff64fe460312d1e3254
modified,validation,genuine,110,110_2,110_4,140,140,72,76,266,353.11,93e3def186f910fa3e16efdcc7957936986cd1f030fe55b08e646c78593ec494,386ae83e5d0baa094d1e24fd40b44195592cdebb20b58c90e922e4380707e429
modified,validation,genuine,110,110_2,110_5,140,140,72,74,244,472.75,93e3def186f910fa3e16efdcc7957936986cd1f030fe55b08e646c78593ec494,55da6102a20556c4e77f3731444e595856522a1a83fd774e59d5ac37b9d8a3df
modified,validation,genuine,110,110_2,110_6,140,140,72,75,231,360.12,93e3def186f910fa3e16efdcc7957936986cd1f030fe55b08e646c78593ec494,2692302877503af865b11c2889c0ad2c9038935cff28f67e64634e65b7079429
modified,validation,genuine,110,110_2,110_7,140,140,72,73,147,699.2,93e3def186f910fa3e16efdcc7957936986cd1f030fe55b08e646c78593ec494,2433bc5f8922541d0fa116c582b9b39fe06eb8bc03de35a66d796260c069249d
modified,validation,genuine,110,110_2,110_8,140,140,72,73,158,522.7,93e3def186f910fa3e16efdcc7957936986cd1f030fe55b08e646c78593ec494,1974221e915cbcd6d2cc1570f781c5c4e0c08e00e477f5a040274782638e4005
modified,validation,genuine,110,110_3,110_4,140,140,76,76,272,358.95,a38e2064ab5f6645f49858a1c2e30027755e1c925caf5ff64fe460312d1e3254,386ae83e5d0baa094d1e24fd40b44195592cdebb20b58c90e922e4380707e429
modified,validation,genuine,110,110_3,110_5,140,140,76,74,237,375.51,a38e2064ab5f6645f49858a1c2e30027755e1c925caf5ff64fe460312d1e3254,55da6102a20556c4e77f3731444e595856522a1a83fd774e59d5ac37b9d8a3df
modified,validation,genuine,110,110_3,110_6,140,140,76,75,228,353.15,a38e2064ab5f6645f49858a1c2e30027755e1c925caf5ff64fe460312d1e3254,2692302877503af865b11c2889c0ad2c9038935cff28f67e64634e65b7079429
modified,validation,genuine,110,110_3,110_7,140,140,76,73,98,550.49,a38e2064ab5f6645f49858a1c2e30027755e1c925caf5ff64fe460312d1e3254,2433bc5f8922541d0fa116c582b9b39fe06eb8bc03de35a66d796260c069249d
modified,validation,genuine,110,110_3,110_8,140,140,76,73,163,523.88,a38e2064ab5f6645f49858a1c2e30027755e1c925caf5ff64fe460312d1e3254,1974221e915cbcd6d2cc1570f781c5c4e0c08e00e477f5a040274782638e4005
modified,validation,genuine,110,110_4,110_5,140,140,76,74,230,552.72,386ae83e5d0baa094d1e24fd40b44195592cdebb20b58c90e922e4380707e429,55da6102a20556c4e77f3731444e595856522a1a83fd774e59d5ac37b9d8a3df
modified,validation,genuine,110,110_4,110_6,140,140,76,75,221,373.11,386ae83e5d0baa094d1e24fd40b44195592cdebb20b58c90e922e4380707e429,2692302877503af865b11c2889c0ad2c9038935cff28f67e64634e65b7079429
modified,validation,genuine,110,110_4,110_7,140,140,76,73,126,1242.06,386ae83e5d0baa094d1e24fd40b44195592cdebb20b58c90e922e4380707e429,2433bc5f8922541d0fa116c582b9b39fe06eb8bc03de35a66d796260c069249d
modified,validation,genuine,110,110_4,110_8,140,140,76,73,161,507.57,386ae83e5d0baa094d1e24fd40b44195592cdebb20b58c90e922e4380707e429,1974221e915cbcd6d2cc1570f781c5c4e0c08e00e477f5a040274782638e4005
modified,validation,genuine,110,110_5,110_6,140,140,74,75,220,359.85,55da6102a20556c4e77f3731444e595856522a1a83fd774e59d5ac37b9d8a3df,2692302877503af865b11c2889c0ad2c9038935cff28f67e64634e65b7079429
modified,validation,genuine,110,110_5,110_7,140,140,74,73,145,485.35,55da6102a20556c4e77f3731444e595856522a1a83fd774e59d5ac37b9d8a3df,2433bc5f8922541d0fa116c582b9b39fe06eb8bc03de35a66d796260c069249d
modified,validation,genuine,110,110_5,110_8,140,140,74,73,171,373.68,55da6102a20556c4e77f3731444e595856522a1a83fd774e59d5ac37b9d8a3df,1974221e915cbcd6d2cc1570f781c5c4e0c08e00e477f5a040274782638e4005
modified,validation,genuine,110,110_6,110_7,140,140,75,73,172,1047.93,2692302877503af865b11c2889c0ad2c9038935cff28f67e64634e65b7079429,2433bc5f8922541d0fa116c582b9b39fe06eb8bc03de35a66d796260c069249d
modified,validation,genuine,110,110_6,110_8,140,140,75,73,165,365.23,2692302877503af865b11c2889c0ad2c9038935cff28f67e64634e65b7079429,1974221e915cbcd6d2cc1570f781c5c4e0c08e00e477f5a040274782638e4005
modified,validation,genuine,110,110_7,110_8,140,140,73,73,139,617.48,2433bc5f8922541d0fa116c582b9b39fe06eb8bc03de35a66d796260c069249d,1974221e915cbcd6d2cc1570f781c5c4e0c08e00e477f5a040274782638e4005
modified,train,impostor,101,101_1,102_2,140,140,70,80,276,1061.72,c6f429d92e48f30f5716e8c7cc199a1f7f6623c9514705d661acf8b0e364a45a,7970df3f17c32d19f53f9a1532610d7706261b1d61c68da56133df8196f327f3
modified,train,impostor,101,101_1,102_3,140,140,70,80,294,435.53,c6f429d92e48f30f5716e8c7cc199a1f7f6623c9514705d661acf8b0e364a45a,9f2fe0dd36d0909156e3b8e4fe8e51c05b706cd1589924740bba07dc179ce5ad
modified,train,impostor,101,101_1,102_4,140,140,70,81,295,859.61,c6f429d92e48f30f5716e8c7cc199a1f7f6623c9514705d661acf8b0e364a45a,f341b6f74bc4001d7a8a71da2dd85c3d4c13404c739ea1b9e336f7379cfebca3
modified,train,impostor,101,101_1,102_5,140,140,70,80,288,385.99,c6f429d92e48f30f5716e8c7cc199a1f7f6623c9514705d661acf8b0e364a45a,5afebcfed489b64ac55fb270b4293445ee1c992e805d7cc9343aa2c39836dd9a
modified,train,impostor,101,101_1,102_6,140,140,70,80,303,1904.7,c6f429d92e48f30f5716e8c7cc199a1f7f6623c9514705d661acf8b0e364a45a,6db376e76f40d2e348f09a2ebb2266117e8e3547005620884b026f764a749b7f
modified,train,impostor,101,101_1,102_7,140,140,70,81,299,384.45,c6f429d92e48f30f5716e8c7cc199a1f7f6623c9514705d661acf8b0e364a45a,9825d7aa7666a484866ea1a3bc88101756f716f75c50746525220b3e243eae0f
modified,train,impostor,101,101_1,102_8,140,140,70,79,303,431.89,c6f429d92e48f30f5716e8c7cc199a1f7f6623c9514705d661acf8b0e364a45a,4bf0a5b670021a0325addff0d90c45d95d75872eae509f6548b305aa8e86ba7d
modified,train,impostor,101,101_2,102_3,140,140,76,80,302,549.52,7fe2df44ffd7e70310b78e590388cb9ad69567d004f36a7ca6d183137e981dd3,9f2fe0dd36d0909156e3b8e4fe8e51c05b706cd1589924740bba07dc179ce5ad
modified,train,impostor,101,101_2,102_4,140,140,76,81,299,475.34,7fe2df44ffd7e70310b78e590388cb9ad69567d004f36a7ca6d183137e981dd3,f341b6f74bc4001d7a8a71da2dd85c3d4c13404c739ea1b9e336f7379cfebca3
modified,train,impostor,101,101_2,102_5,140,140,76,80,291,392.45,7fe2df44ffd7e70310b78e590388cb9ad69567d004f36a7ca6d183137e981dd3,5afebcfed489b64ac55fb270b4293445ee1c992e805d7cc9343aa2c39836dd9a
modified,train,impostor,101,101_2,102_6,140,140,76,80,293,2021.02,7fe2df44ffd7e70310b78e590388cb9ad69567d004f36a7ca6d183137e981dd3,6db376e76f40d2e348f09a2ebb2266117e8e3547005620884b026f764a749b7f
modified,train,impostor,101,101_2,102_7,140,140,76,81,294,379.96,7fe2df44ffd7e70310b78e590388cb9ad69567d004f36a7ca6d183137e981dd3,9825d7aa7666a484866ea1a3bc88101756f716f75c50746525220b3e243eae0f
modified,train,impostor,101,101_2,102_8,140,140,76,79,302,409.49,7fe2df44ffd7e70310b78e590388cb9ad69567d004f36a7ca6d183137e981dd3,4bf0a5b670021a0325addff0d90c45d95d75872eae509f6548b305aa8e86ba7d
modified,train,impostor,101,101_3,102_4,140,140,71,81,14,371.19,868ba2378c8c3b528d348f71960a20a1669f5b8662527a0dbfb5067b2c7e7e05,f341b6f74bc4001d7a8a71da2dd85c3d4c13404c739ea1b9e336f7379cfebca3
modified,train,impostor,101,101_3,102_5,140,140,71,80,20,396.16,868ba2378c8c3b528d348f71960a20a1669f5b8662527a0dbfb5067b2c7e7e05,5afebcfed489b64ac55fb270b4293445ee1c992e805d7cc9343aa2c39836dd9a
modified,train,impostor,101,101_3,102_6,140,140,71,80,23,560.69,868ba2378c8c3b528d348f71960a20a1669f5b8662527a0dbfb5067b2c7e7e05,6db376e76f40d2e348f09a2ebb2266117e8e3547005620884b026f764a749b7f
modified,train,impostor,101,101_3,102_7,140,140,71,81,21,390.93,868ba2378c8c3b528d348f71960a20a1669f5b8662527a0dbfb5067b2c7e7e05,9825d7aa7666a484866ea1a3bc88101756f716f75c50746525220b3e243eae0f
modified,train,impostor,101,101_3,102_8,140,140,71,79,27,439.75,868ba2378c8c3b528d348f71960a20a1669f5b8662527a0dbfb5067b2c7e7e05,4bf0a5b670021a0325addff0d90c45d95d75872eae509f6548b305aa8e86ba7d
modified,train,impostor,101,101_4,102_5,140,140,72,80,247,349.5,48aecebf751b608790fc7c0f57ce6c1da4030263b7e6f6cbd47418b026bb4bd7,5afebcfed489b64ac55fb270b4293445ee1c992e805d7cc9343aa2c39836dd9a
modified,train,impostor,101,101_4,102_6,140,140,72,80,276,1815.19,48aecebf751b608790fc7c0f57ce6c1da4030263b7e6f6cbd47418b026bb4bd7,6db376e76f40d2e348f09a2ebb2266117e8e3547005620884b026f764a749b7f
modified,train,impostor,101,101_4,102_7,140,140,72,81,282,377.98,48aecebf751b608790fc7c0f57ce6c1da4030263b7e6f6cbd47418b026bb4bd7,9825d7aa7666a484866ea1a3bc88101756f716f75c50746525220b3e243eae0f
modified,train,impostor,101,101_4,102_8,140,140,72,79,293,547.97,48aecebf751b608790fc7c0f57ce6c1da4030263b7e6f6cbd47418b026bb4bd7,4bf0a5b670021a0325addff0d90c45d95d75872eae509f6548b305aa8e86ba7d
modified,train,impostor,101,101_5,102_6,140,140,73,80,282,2038.89,4f8324194b729ad6ec2d08d58a9bbba3d85a1d1d4e16487c1fead278795388fc,6db376e76f40d2e348f09a2ebb2266117e8e3547005620884b026f764a749b7f
modified,train,impostor,101,101_5,102_7,140,140,73,81,298,881.68,4f8324194b729ad6ec2d08d58a9bbba3d85a1d1d4e16487c1fead278795388fc,9825d7aa7666a484866ea1a3bc88101756f716f75c50746525220b3e243eae0f
modified,train,impostor,101,101_5,102_8,140,140,73,79,299,937.25,4f8324194b729ad6ec2d08d58a9bbba3d85a1d1d4e16487c1fead278795388fc,4bf0a5b670021a0325addff0d90c45d95d75872eae509f6548b305aa8e86ba7d
modified,train,impostor,101,101_6,102_7,140,140,74,81,26,418.49,4b42e59a7336be4817774e9ec0e9c4aaa3e45f556a03b75f190aacc6a4067581,9825d7aa7666a484866ea1a3bc88101756f716f75c50746525220b3e243eae0f
modified,train,impostor,101,101_6,102_8,140,140,74,79,24,429.4,4b42e59a7336be4817774e9ec0e9c4aaa3e45f556a03b75f190aacc6a4067581,4bf0a5b670021a0325addff0d90c45d95d75872eae509f6548b305aa8e86ba7d
modified,train,impostor,101,101_7,102_8,140,140,74,79,24,428.92,22012d41b299c696726703c188e374c1678cce37d06640c083f7f45d48d32c0a,4bf0a5b670021a0325addff0d90c45d95d75872eae509f6548b305aa8e86ba7d
modified,train,impostor,102,102_1,103_2,140,140,83,81,17,456.75,a8de9190aac62da312388072e34d8ece564e80f89b70321ccc65ec90a5a1792b,0be5cb3b70c03e58128819d3b155df812204037bfca6a4495dd67e4185e21d59
modified,train,impostor,102,102_1,103_3,140,140,83,81,295,579.28,a8de9190aac62da312388072e34d8ece564e80f89b70321ccc65ec90a5a1792b,65134ba0119ee27b9de159b90ae781c6aba43b6f92ebb283261abc74338942df
modified,train,impostor,102,102_1,103_4,140,140,83,81,23,531.31,a8de9190aac62da312388072e34d8ece564e80f89b70321ccc65ec90a5a1792b,851e4b3a55993e6667f5ef230961ad2c3fce3266175dada7ec08e337cf0adba4
modified,train,impostor,102,102_1,103_5,140,140,83,81,277,639.54,a8de9190aac62da312388072e34d8ece564e80f89b70321ccc65ec90a5a1792b,4d0de6fd372e4072668a25a1302fe2a12428f65f60b85f2c74230b72810c4624
modified,train,impostor,102,102_1,103_6,140,140,83,81,35,402.95,a8de9190aac62da312388072e34d8ece564e80f89b70321ccc65ec90a5a1792b,366dc2e626b5809197663c13b8f9c3cd5110d7f6e35d0dea55708e68991e799e
modified,train,impostor,102,102_1,103_7,140,140,83,79,280,395.95,a8de9190aac62da312388072e34d8ece564e80f89b70321ccc65ec90a5a1792b,3b02c9f6cae61d9867bbc9d3ed4fc51e81ce3f3cb2ee9ee48c9590733196999f
modified,train,impostor,102,102_1,103_8,140,140,83,79,36,488.08,a8de9190aac62da312388072e34d8ece564e80f89b70321ccc65ec90a5a1792b,34f3612da2110f3f109059a0de9db09b2e6dfae4c9987d058d96d8f77c6c80cc
modified,train,impostor,102,102_2,103_3,140,140,80,81,225,669.13,7970df3f17c32d19f53f9a1532610d7706261b1d61c68da56133df8196f327f3,65134ba0119ee27b9de159b90ae781c6aba43b6f92ebb283261abc74338942df
modified,train,impostor,102,102_2,103_4,140,140,80,81,19,390.61,7970df3f17c32d19f53f9a1532610d7706261b1d61c68da56133df8196f327f3,851e4b3a55993e6667f5ef230961ad2c3fce3266175dada7ec08e337cf0adba4
modified,train,impostor,102,102_2,103_5,140,140,80,81,13,349.37,7970df3f17c32d19f53f9a1532610d7706261b1d61c68da56133df8196f327f3,4d0de6fd372e4072668a25a1302fe2a12428f65f60b85f2c74230b72810c4624
modified,train,impostor,102,102_2,103_6,140,140,80,81,22,310.44,7970df3f17c32d19f53f9a1532610d7706261b1d61c68da56133df8196f327f3,366dc2e626b5809197663c13b8f9c3cd5110d7f6e35d0dea55708e68991e799e
modified,train,impostor,102,102_2,103_7,140,140,80,79,251,1588.76,7970df3f17c32d19f53f9a1532610d7706261b1d61c68da56133df8196f327f3,3b02c9f6cae61d9867bbc9d3ed4fc51e81ce3f3cb2ee9ee48c9590733196999f
modified,train,impostor,102,102_2,103_8,140,140,80,79,19,355.3,7970df3f17c32d19f53f9a1532610d7706261b1d61c68da56133df8196f327f3,34f3612da2110f3f109059a0de9db09b2e6dfae4c9987d058d96d8f77c6c80cc
modified,train,impostor,102,102_3,103_4,140,140,80,81,308,414.18,9f2fe0dd36d0909156e3b8e4fe8e51c05b706cd1589924740bba07dc179ce5ad,851e4b3a55993e6667f5ef230961ad2c3fce3266175dada7ec08e337cf0adba4
modified,train,impostor,102,102_3,103_5,140,140,80,81,273,983.61,9f2fe0dd36d0909156e3b8e4fe8e51c05b706cd1589924740bba07dc179ce5ad,4d0de6fd372e4072668a25a1302fe2a12428f65f60b85f2c74230b72810c4624
modified,train,impostor,102,102_3,103_6,140,140,80,81,162,367.33,9f2fe0dd36d0909156e3b8e4fe8e51c05b706cd1589924740bba07dc179ce5ad,366dc2e626b5809197663c13b8f9c3cd5110d7f6e35d0dea55708e68991e799e
modified,train,impostor,102,102_3,103_7,140,140,80,79,286,380.57,9f2fe0dd36d0909156e3b8e4fe8e51c05b706cd1589924740bba07dc179ce5ad,3b02c9f6cae61d9867bbc9d3ed4fc51e81ce3f3cb2ee9ee48c9590733196999f
modified,train,impostor,102,102_3,103_8,140,140,80,79,222,420.94,9f2fe0dd36d0909156e3b8e4fe8e51c05b706cd1589924740bba07dc179ce5ad,34f3612da2110f3f109059a0de9db09b2e6dfae4c9987d058d96d8f77c6c80cc
modified,train,impostor,102,102_4,103_5,140,140,81,81,269,375.13,f341b6f74bc4001d7a8a71da2dd85c3d4c13404c739ea1b9e336f7379cfebca3,4d0de6fd372e4072668a25a1302fe2a12428f65f60b85f2c74230b72810c4624
modified,train,impostor,102,102_4,103_6,140,140,81,81,18,372.84,f341b6f74bc4001d7a8a71da2dd85c3d4c13404c739ea1b9e336f7379cfebca3,366dc2e626b5809197663c13b8f9c3cd5110d7f6e35d0dea55708e68991e799e
modified,train,impostor,102,102_4,103_7,140,140,81,79,286,377.26,f341b6f74bc4001d7a8a71da2dd85c3d4c13404c739ea1b9e336f7379cfebca3,3b02c9f6cae61d9867bbc9d3ed4fc51e81ce3f3cb2ee9ee48c9590733196999f
modified,train,impostor,102,102_4,103_8,140,140,81,79,19,407.15,f341b6f74bc4001d7a8a71da2dd85c3d4c13404c739ea1b9e336f7379cfebca3,34f3612da2110f3f109059a0de9db09b2e6dfae4c9987d058d96d8f77c6c80cc
modified,train,impostor,102,102_5,103_6,140,140,80,81,22,508.51,5afebcfed489b64ac55fb270b4293445ee1c992e805d7cc9343aa2c39836dd9a,366dc2e626b5809197663c13b8f9c3cd5110d7f6e35d0dea55708e68991e799e
modified,train,impostor,102,102_5,103_7,140,140,80,79,279,371.99,5afebcfed489b64ac55fb270b4293445ee1c992e805d7cc9343aa2c39836dd9a,3b02c9f6cae61d9867bbc9d3ed4fc51e81ce3f3cb2ee9ee48c9590733196999f
modified,train,impostor,102,102_5,103_8,140,140,80,79,19,375.11,5afebcfed489b64ac55fb270b4293445ee1c992e805d7cc9343aa2c39836dd9a,34f3612da2110f3f109059a0de9db09b2e6dfae4c9987d058d96d8f77c6c80cc
modified,train,impostor,102,102_6,103_7,140,140,80,79,285,381.85,6db376e76f40d2e348f09a2ebb2266117e8e3547005620884b026f764a749b7f,3b02c9f6cae61d9867bbc9d3ed4fc51e81ce3f3cb2ee9ee48c9590733196999f
modified,train,impostor,102,102_6,103_8,140,140,80,79,18,349.68,6db376e76f40d2e348f09a2ebb2266117e8e3547005620884b026f764a749b7f,34f3612da2110f3f109059a0de9db09b2e6dfae4c9987d058d96d8f77c6c80cc
modified,train,impostor,102,102_7,103_8,140,140,81,79,231,511.3,9825d7aa7666a484866ea1a3bc88101756f716f75c50746525220b3e243eae0f,34f3612da2110f3f109059a0de9db09b2e6dfae4c9987d058d96d8f77c6c80cc
modified,train,impostor,103,103_1,104_2,140,140,81,73,223,369.36,79972043d38647d0abc677ecefd26925d7bba87b2063d04a028f9bc05b712f08,77b3dbea6ea0a81b57d5bc09b0a92a88a82381e067422cd24c6f94e12862ffbd
modified,train,impostor,103,103_1,104_3,140,140,81,72,250,391.87,79972043d38647d0abc677ecefd26925d7bba87b2063d04a028f9bc05b712f08,d2138ae748e8dadb3e324b7431ab6f056232cecdebf53e99c8658d3414c0d348
modified,train,impostor,103,103_1,104_4,140,140,81,74,266,438.45,79972043d38647d0abc677ecefd26925d7bba87b2063d04a028f9bc05b712f08,11de29ce41afc0da6c5fa305939fabad8774bd926b1fd529e6767d5bf0affc68
modified,train,impostor,103,103_1,104_5,140,140,81,70,230,420.99,79972043d38647d0abc677ecefd26925d7bba87b2063d04a028f9bc05b712f08,0b016844c7cd20763aa2af2d8dfd3be02651a01f1a394b670ba574aa80a078b4
modified,train,impostor,103,103_1,104_6,140,140,81,75,298,388.44,79972043d38647d0abc677ecefd26925d7bba87b2063d04a028f9bc05b712f08,b0706f915a5c71468152eb950b2a86e9a27ab88ee45c0597b2404668d32934a8
modified,train,impostor,103,103_1,104_7,140,140,81,72,175,366.34,79972043d38647d0abc677ecefd26925d7bba87b2063d04a028f9bc05b712f08,75e01f7006fec66bebd11ccf2228d7a5824dc9fc6c208d6fbab87f3f38e3a47b
modified,train,impostor,103,103_1,104_8,140,140,81,71,171,993.43,79972043d38647d0abc677ecefd26925d7bba87b2063d04a028f9bc05b712f08,933a996c2cb53ea4ff6ec68ef7dc4b96fa8f6b31055db73ace146a4d12d0c7b4
modified,train,impostor,103,103_2,104_3,140,140,81,72,249,447.71,0be5cb3b70c03e58128819d3b155df812204037bfca6a4495dd67e4185e21d59,d2138ae748e8dadb3e324b7431ab6f056232cecdebf53e99c8658d3414c0d348
modified,train,impostor,103,103_2,104_4,140,140,81,74,262,374.03,0be5cb3b70c03e58128819d3b155df812204037bfca6a4495dd67e4185e21d59,11de29ce41afc0da6c5fa305939fabad8774bd926b1fd529e6767d5bf0affc68
modified,train,impostor,103,103_2,104_5,140,140,81,70,227,380.78,0be5cb3b70c03e58128819d3b155df812204037bfca6a4495dd67e4185e21d59,0b016844c7cd20763aa2af2d8dfd3be02651a01f1a394b670ba574aa80a078b4
modified,train,impostor,103,103_2,104_6,140,140,81,75,21,405.47,0be5cb3b70c03e58128819d3b155df812204037bfca6a4495dd67e4185e21d59,b0706f915a5c71468152eb950b2a86e9a27ab88ee45c0597b2404668d32934a8
modified,train,impostor,103,103_2,104_7,140,140,81,72,165,432.81,0be5cb3b70c03e58128819d3b155df812204037bfca6a4495dd67e4185e21d59,75e01f7006fec66bebd11ccf2228d7a5824dc9fc6c208d6fbab87f3f38e3a47b
modified,train,impostor,103,103_2,104_8,140,140,81,71,154,494.42,0be5cb3b70c03e58128819d3b155df812204037bfca6a4495dd67e4185e21d59,933a996c2cb53ea4ff6ec68ef7dc4b96fa8f6b31055db73ace146a4d12d0c7b4
modified,train,impostor,103,103_3,104_4,140,140,81,74,270,386.35,65134ba0119ee27b9de159b90ae781c6aba43b6f92ebb283261abc74338942df,11de29ce41afc0da6c5fa305939fabad8774bd926b1fd529e6767d5bf0affc68
modified,train,impostor,103,103_3,104_5,140,140,81,70,236,376.92,65134ba0119ee27b9de159b90ae781c6aba43b6f92ebb283261abc74338942df,0b016844c7cd20763aa2af2d8dfd3be02651a01f1a394b670ba574aa80a078b4
modified,train,impostor,103,103_3,104_6,140,140,81,75,302,390.33,65134ba0119ee27b9de159b90ae781c6aba43b6f92ebb283261abc74338942df,b0706f915a5c71468152eb950b2a86e9a27ab88ee45c0597b2404668d32934a8
modified,train,impostor,103,103_3,104_7,140,140,81,72,175,385.21,65134ba0119ee27b9de159b90ae781c6aba43b6f92ebb283261abc74338942df,75e01f7006fec66bebd11ccf2228d7a5824dc9fc6c208d6fbab87f3f38e3a47b
modified,train,impostor,103,103_3,104_8,140,140,81,71,166,1295.25,65134ba0119ee27b9de159b90ae781c6aba43b6f92ebb283261abc74338942df,933a996c2cb53ea4ff6ec68ef7dc4b96fa8f6b31055db73ace146a4d12d0c7b4
modified,train,impostor,103,103_4,104_5,140,140,81,70,225,388.52,851e4b3a55993e6667f5ef230961ad2c3fce3266175dada7ec08e337cf0adba4,0b016844c7cd20763aa2af2d8dfd3be02651a01f1a394b670ba574aa80a078b4
modified,train,impostor,103,103_4,104_6,140,140,81,75,285,407.09,851e4b3a55993e6667f5ef230961ad2c3fce3266175dada7ec08e337cf0adba4,b0706f915a5c71468152eb950b2a86e9a27ab88ee45c0597b2404668d32934a8
modified,train,impostor,103,103_4,104_7,140,140,81,72,176,363.43,851e4b3a55993e6667f5ef230961ad2c3fce3266175dada7ec08e337cf0adba4,75e01f7006fec66bebd11ccf2228d7a5824dc9fc6c208d6fbab87f3f38e3a47b
modified,train,impostor,103,103_4,104_8,140,140,81,71,131,487.36,851e4b3a55993e6667f5ef230961ad2c3fce3266175dada7ec08e337cf0adba4,933a996c2cb53ea4ff6ec68ef7dc4b96fa8f6b31055db73ace146a4d12d0c7b4
modified,train,impostor,103,103_5,104_6,140,140,81,75,283,384.31,4d0de6fd372e4072668a25a1302fe2a12428f65f60b85f2c74230b72810c4624,b0706f915a5c71468152eb950b2a86e9a27ab88ee45c0597b2404668d32934a8
modified,train,impostor,103,103_5,104_7,140,140,81,72,181,356.45,4d0de6fd372e4072668a25a1302fe2a12428f65f60b85f2c74230b72810c4624,75e01f7006fec66bebd11ccf2228d7a5824dc9fc6c208d6fbab87f3f38e3a47b
modified,train,impostor,103,103_5,104_8,140,140,81,71,146,575.59,4d0de6fd372e4072668a25a1302fe2a12428f65f60b85f2c74230b72810c4624,933a996c2cb53ea4ff6ec68ef7dc4b96fa8f6b31055db73ace146a4d12d0c7b4
modified,train,impostor,103,103_6,104_7,140,140,81,72,14,370.59,366dc2e626b5809197663c13b8f9c3cd5110d7f6e35d0dea55708e68991e799e,75e01f7006fec66bebd11ccf2228d7a5824dc9fc6c208d6fbab87f3f38e3a47b
modified,train,impostor,103,103_6,104_8,140,140,81,71,13,311.86,366dc2e626b5809197663c13b8f9c3cd5110d7f6e35d0dea55708e68991e799e,933a996c2cb53ea4ff6ec68ef7dc4b96fa8f6b31055db73ace146a4d12d0c7b4
modified,train,impostor,103,103_7,104_8,140,140,79,71,158,792.77,3b02c9f6cae61d9867bbc9d3ed4fc51e81ce3f3cb2ee9ee48c9590733196999f,933a996c2cb53ea4ff6ec68ef7dc4b96fa8f6b31055db73ace146a4d12d0c7b4
modified,train,impostor,104,104_1,105_2,140,140,75,78,300,793.99,ce8fd2259be4e7536f0ed960053962b71077032602eb8614b9f7aa47cdc1a980,4c8bd0e5dbf7bf39f956db2b98ed245bd31f709866c81e32f30c4cec37c2fc73
modified,train,impostor,104,104_1,105_3,140,140,75,76,111,345.82,ce8fd2259be4e7536f0ed960053962b71077032602eb8614b9f7aa47cdc1a980,1e71ef843613e18e6ed95f0a6f7be6d4fb84763f5cd2aa06e0d2a1bad9e1a81a
modified,train,impostor,104,104_1,105_4,140,140,75,78,280,2274.59,ce8fd2259be4e7536f0ed960053962b71077032602eb8614b9f7aa47cdc1a980,88ecdaa8b90ef03eb16dae13c2706d0076aeae27e9f9de49b9aaf8db7add7e88
modified,train,impostor,104,104_1,105_5,140,140,75,77,289,410.57,ce8fd2259be4e7536f0ed960053962b71077032602eb8614b9f7aa47cdc1a980,b74ea9f09f3dc172b894b9419014e848b2659dd29e23c747b3d9d1e1835325d8
modified,train,impostor,104,104_1,105_6,140,140,75,77,302,408.49,ce8fd2259be4e7536f0ed960053962b71077032602eb8614b9f7aa47cdc1a980,ab04582671a99209b46a8772263d77f22c7675e247283b2fe0d5078350cff0bc
modified,train,impostor,104,104_1,105_7,140,140,75,77,15,338.49,ce8fd2259be4e7536f0ed960053962b71077032602eb8614b9f7aa47cdc1a980,67fda200f8adf578acd1d810a874ce9c626e699087cfd3381eab3d2ed785b107
modified,train,impostor,104,104_1,105_8,140,140,75,77,288,1981.87,ce8fd2259be4e7536f0ed960053962b71077032602eb8614b9f7aa47cdc1a980,04c032c96d03a2f5cb110bc01e9cae24b6ec4611acb362dbf8375d8f2c9ca58b
modified,train,impostor,104,104_2,105_3,140,140,73,76,36,425.67,77b3dbea6ea0a81b57d5bc09b0a92a88a82381e067422cd24c6f94e12862ffbd,1e71ef843613e18e6ed95f0a6f7be6d4fb84763f5cd2aa06e0d2a1bad9e1a81a
modified,train,impostor,104,104_2,105_4,140,140,73,78,220,588.35,77b3dbea6ea0a81b57d5bc09b0a92a88a82381e067422cd24c6f94e12862ffbd,88ecdaa8b90ef03eb16dae13c2706d0076aeae27e9f9de49b9aaf8db7add7e88
modified,train,impostor,104,104_2,105_5,140,140,73,77,219,373.38,77b3dbea6ea0a81b57d5bc09b0a92a88a82381e067422cd24c6f94e12862ffbd,b74ea9f09f3dc172b894b9419014e848b2659dd29e23c747b3d9d1e1835325d8
modified,train,impostor,104,104_2,105_6,140,140,73,77,216,352.71,77b3dbea6ea0a81b57d5bc09b0a92a88a82381e067422cd24c6f94e12862ffbd,ab04582671a99209b46a8772263d77f22c7675e247283b2fe0d5078350cff0bc
modified,train,impostor,104,104_2,105_7,140,140,73,77,39,507.54,77b3dbea6ea0a81b57d5bc09b0a92a88a82381e067422cd24c6f94e12862ffbd,67fda200f8adf578acd1d810a874ce9c626e699087cfd3381eab3d2ed785b107
modified,train,impostor,104,104_2,105_8,140,140,73,77,218,1394.53,77b3dbea6ea0a81b57d5bc09b0a92a88a82381e067422cd24c6f94e12862ffbd,04c032c96d03a2f5cb110bc01e9cae24b6ec4611acb362dbf8375d8f2c9ca58b
modified,train,impostor,104,104_3,105_4,140,140,72,78,216,1378.48,d2138ae748e8dadb3e324b7431ab6f056232cecdebf53e99c8658d3414c0d348,88ecdaa8b90ef03eb16dae13c2706d0076aeae27e9f9de49b9aaf8db7add7e88
modified,train,impostor,104,104_3,105_5,140,140,72,77,251,394.98,d2138ae748e8dadb3e324b7431ab6f056232cecdebf53e99c8658d3414c0d348,b74ea9f09f3dc172b894b9419014e848b2659dd29e23c747b3d9d1e1835325d8
modified,train,impostor,104,104_3,105_6,140,140,72,77,249,372.51,d2138ae748e8dadb3e324b7431ab6f056232cecdebf53e99c8658d3414c0d348,ab04582671a99209b46a8772263d77f22c7675e247283b2fe0d5078350cff0bc
modified,train,impostor,104,104_3,105_7,140,140,72,77,78,404.28,d2138ae748e8dadb3e324b7431ab6f056232cecdebf53e99c8658d3414c0d348,67fda200f8adf578acd1d810a874ce9c626e699087cfd3381eab3d2ed785b107
modified,train,impostor,104,104_3,105_8,140,140,72,77,252,1331.88,d2138ae748e8dadb3e324b7431ab6f056232cecdebf53e99c8658d3414c0d348,04c032c96d03a2f5cb110bc01e9cae24b6ec4611acb362dbf8375d8f2c9ca58b
modified,train,impostor,104,104_4,105_5,140,140,74,77,263,374.53,11de29ce41afc0da6c5fa305939fabad8774bd926b1fd529e6767d5bf0affc68,b74ea9f09f3dc172b894b9419014e848b2659dd29e23c747b3d9d1e1835325d8
modified,train,impostor,104,104_4,105_6,140,140,74,77,267,363.86,11de29ce41afc0da6c5fa305939fabad8774bd926b1fd529e6767d5bf0affc68,ab04582671a99209b46a8772263d77f22c7675e247283b2fe0d5078350cff0bc
modified,train,impostor,104,104_4,105_7,140,140,74,77,19,389.55,11de29ce41afc0da6c5fa305939fabad8774bd926b1fd529e6767d5bf0affc68,67fda200f8adf578acd1d810a874ce9c626e699087cfd3381eab3d2ed785b107
modified,train,impostor,104,104_4,105_8,140,140,74,77,261,1309.81,11de29ce41afc0da6c5fa305939fabad8774bd926b1fd529e6767d5bf0affc68,04c032c96d03a2f5cb110bc01e9cae24b6ec4611acb362dbf8375d8f2c9ca58b
modified,train,impostor,104,104_5,105_6,140,140,70,77,228,347.05,0b016844c7cd20763aa2af2d8dfd3be02651a01f1a394b670ba574aa80a078b4,ab04582671a99209b46a8772263d77f22c7675e247283b2fe0d5078350cff0bc
modified,train,impostor,104,104_5,105_7,140,140,70,77,51,472.34,0b016844c7cd20763aa2af2d8dfd3be02651a01f1a394b670ba574aa80a078b4,67fda200f8adf578acd1d810a874ce9c626e699087cfd3381eab3d2ed785b107
modified,train,impostor,104,104_5,105_8,140,140,70,77,227,1681.46,0b016844c7cd20763aa2af2d8dfd3be02651a01f1a394b670ba574aa80a078b4,04c032c96d03a2f5cb110bc01e9cae24b6ec4611acb362dbf8375d8f2c9ca58b
modified,train,impostor,104,104_6,105_7,140,140,75,77,29,394.61,b0706f915a5c71468152eb950b2a86e9a27ab88ee45c0597b2404668d32934a8,67fda200f8adf578acd1d810a874ce9c626e699087cfd3381eab3d2ed785b107
modified,train,impostor,104,104_6,105_8,140,140,75,77,270,1506.16,b0706f915a5c71468152eb950b2a86e9a27ab88ee45c0597b2404668d32934a8,04c032c96d03a2f5cb110bc01e9cae24b6ec4611acb362dbf8375d8f2c9ca58b
modified,train,impostor,104,104_7,105_8,140,140,72,77,166,381.53,75e01f7006fec66bebd11ccf2228d7a5824dc9fc6c208d6fbab87f3f38e3a47b,04c032c96d03a2f5cb110bc01e9cae24b6ec4611acb362dbf8375d8f2c9ca58b
modified,train,impostor,105,105_1,106_2,140,140,78,75,240,518.34,463a757c635cfad1f880e5278f6fa12e597469b94ade79d5472cbfadb8d3483d,d645a4d9e4ed05a4ca2836a8fb71140b8885e24deb94f052c5c8259e08599b5b
modified,train,impostor,105,105_1,106_3,140,140,78,73,279,780.71,463a757c635cfad1f880e5278f6fa12e597469b94ade79d5472cbfadb8d3483d,0f045576ca8d3a586dc121cd753cb37748052ce7aaf6f31a88d91295273347ac
modified,train,impostor,105,105_1,106_4,140,140,78,75,288,383.16,463a757c635cfad1f880e5278f6fa12e597469b94ade79d5472cbfadb8d3483d,b1dd8de31c64c180a4218f5d100fc6a06be0ecee89b24ca680830133b7bc0423
modified,train,impostor,105,105_1,106_5,140,140,78,71,286,411.22,463a757c635cfad1f880e5278f6fa12e597469b94ade79d5472cbfadb8d3483d,fc65a45d9dc3004678a0fbdcbc6e9540e68d56b0557ec21b44466ad4dca53f99
modified,train,impostor,105,105_1,106_6,140,140,78,72,271,367.64,463a757c635cfad1f880e5278f6fa12e597469b94ade79d5472cbfadb8d3483d,68861a351f5f0e7de3594a4573c151f4b7d878b3b5f4931875e42053a149bf00
modified,train,impostor,105,105_1,106_7,140,140,78,74,270,396.11,463a757c635cfad1f880e5278f6fa12e597469b94ade79d5472cbfadb8d3483d,0743c35364a148245bdbd1501102c3d02b3b6aa022849d4fce2f59d38230b931
modified,train,impostor,105,105_1,106_8,140,140,78,73,281,389.29,463a757c635cfad1f880e5278f6fa12e597469b94ade79d5472cbfadb8d3483d,c48d34bd099e20bc5701fcdf8d4215652d16accdc0caccf8954f38c467104970
modified,train,impostor,105,105_2,106_3,140,140,78,73,254,856.02,4c8bd0e5dbf7bf39f956db2b98ed245bd31f709866c81e32f30c4cec37c2fc73,0f045576ca8d3a586dc121cd753cb37748052ce7aaf6f31a88d91295273347ac
modified,train,impostor,105,105_2,106_4,140,140,78,75,281,793.94,4c8bd0e5dbf7bf39f956db2b98ed245bd31f709866c81e32f30c4cec37c2fc73,b1dd8de31c64c180a4218f5d100fc6a06be0ecee89b24ca680830133b7bc0423
modified,train,impostor,105,105_2,106_5,140,140,78,71,271,679.97,4c8bd0e5dbf7bf39f956db2b98ed245bd31f709866c81e32f30c4cec37c2fc73,fc65a45d9dc3004678a0fbdcbc6e9540e68d56b0557ec21b44466ad4dca53f99
modified,train,impostor,105,105_2,106_6,140,140,78,72,267,561.51,4c8bd0e5dbf7bf39f956db2b98ed245bd31f709866c81e32f30c4cec37c2fc73,68861a351f5f0e7de3594a4573c151f4b7d878b3b5f4931875e42053a149bf00
modified,train,impostor,105,105_2,106_7,140,140,78,74,258,744.17,4c8bd0e5dbf7bf39f956db2b98ed245bd31f709866c81e32f30c4cec37c2fc73,0743c35364a148245bdbd1501102c3d02b3b6aa022849d4fce2f59d38230b931
modified,train,impostor,105,105_2,106_8,140,140,78,73,284,599.78,4c8bd0e5dbf7bf39f956db2b98ed245bd31f709866c81e32f30c4cec37c2fc73,c48d34bd099e20bc5701fcdf8d4215652d16accdc0caccf8954f38c467104970
modified,train,impostor,105,105_3,106_4,140,140,76,75,35,431.01,1e71ef843613e18e6ed95f0a6f7be6d4fb84763f5cd2aa06e0d2a1bad9e1a81a,b1dd8de31c64c180a4218f5d100fc6a06be0ecee89b24ca680830133b7bc0423
modified,train,impostor,105,105_3,106_5,140,140,76,71,40,488.82,1e71ef843613e18e6ed95f0a6f7be6d4fb84763f5cd2aa06e0d2a1bad9e1a81a,fc65a45d9dc3004678a0fbdcbc6e9540e68d56b0557ec21b44466ad4dca53f99
modified,train,impostor,105,105_3,106_6,140,140,76,72,21,404.2,1e71ef843613e18e6ed95f0a6f7be6d4fb84763f5cd2aa06e0d2a1bad9e1a81a,68861a351f5f0e7de3594a4573c151f4b7d878b3b5f4931875e42053a149bf00
modified,train,impostor,105,105_3,106_7,140,140,76,74,45,670.23,1e71ef843613e18e6ed95f0a6f7be6d4fb84763f5cd2aa06e0d2a1bad9e1a81a,0743c35364a148245bdbd1501102c3d02b3b6aa022849d4fce2f59d38230b931
modified,train,impostor,105,105_3,106_8,140,140,76,73,24,512.49,1e71ef843613e18e6ed95f0a6f7be6d4fb84763f5cd2aa06e0d2a1bad9e1a81a,c48d34bd099e20bc5701fcdf8d4215652d16accdc0caccf8954f38c467104970
modified,train,impostor,105,105_4,106_5,140,140,78,71,202,2808.34,88ecdaa8b90ef03eb16dae13c2706d0076aeae27e9f9de49b9aaf8db7add7e88,fc65a45d9dc3004678a0fbdcbc6e9540e68d56b0557ec21b44466ad4dca53f99
modified,train,impostor,105,105_4,106_6,140,140,78,72,195,2397.44,88ecdaa8b90ef03eb16dae13c2706d0076aeae27e9f9de49b9aaf8db7add7e88,68861a351f5f0e7de3594a4573c151f4b7d878b3b5f4931875e42053a149bf00
modified,train,impostor,105,105_4,106_7,140,140,78,74,193,2147.33,88ecdaa8b90ef03eb16dae13c2706d0076aeae27e9f9de49b9aaf8db7add7e88,0743c35364a148245bdbd1501102c3d02b3b6aa022849d4fce2f59d38230b931
modified,train,impostor,105,105_4,106_8,140,140,78,73,198,2688.28,88ecdaa8b90ef03eb16dae13c2706d0076aeae27e9f9de49b9aaf8db7add7e88,c48d34bd099e20bc5701fcdf8d4215652d16accdc0caccf8954f38c467104970
modified,train,impostor,105,105_5,106_6,140,140,77,72,262,490.33,b74ea9f09f3dc172b894b9419014e848b2659dd29e23c747b3d9d1e1835325d8,68861a351f5f0e7de3594a4573c151f4b7d878b3b5f4931875e42053a149bf00
modified,train,impostor,105,105_5,106_7,140,140,77,74,254,410.6,b74ea9f09f3dc172b894b9419014e848b2659dd29e23c747b3d9d1e1835325d8,0743c35364a148245bdbd1501102c3d02b3b6aa022849d4fce2f59d38230b931
modified,train,impostor,105,105_5,106_8,140,140,77,73,275,370.42,b74ea9f09f3dc172b894b9419014e848b2659dd29e23c747b3d9d1e1835325d8,c48d34bd099e20bc5701fcdf8d4215652d16accdc0caccf8954f38c467104970
modified,train,impostor,105,105_6,106_7,140,140,77,74,270,403.42,ab04582671a99209b46a8772263d77f22c7675e247283b2fe0d5078350cff0bc,0743c35364a148245bdbd1501102c3d02b3b6aa022849d4fce2f59d38230b931
modified,train,impostor,105,105_6,106_8,140,140,77,73,276,370.88,ab04582671a99209b46a8772263d77f22c7675e247283b2fe0d5078350cff0bc,c48d34bd099e20bc5701fcdf8d4215652d16accdc0caccf8954f38c467104970
modified,train,impostor,105,105_7,106_8,140,140,77,73,27,449.56,67fda200f8adf578acd1d810a874ce9c626e699087cfd3381eab3d2ed785b107,c48d34bd099e20bc5701fcdf8d4215652d16accdc0caccf8954f38c467104970
modified,validation,impostor,106,106_1,107_2,140,140,74,77,252,474.84,f05cd2d7f67aae517a21a0d924b4ca2ab59b92fea4f7f8f38e47f947d1ce686a,2b80e139907fe755d00daedcd6a715797960ca41ec83c5b6f57988c7e5cdd889
modified,validation,impostor,106,106_1,107_3,140,140,74,75,222,398.25,f05cd2d7f67aae517a21a0d924b4ca2ab59b92fea4f7f8f38e47f947d1ce686a,7248e27d86a5d36bbb2fb00010aca5ad2cb32da5ebdd66e7f273d163be2ccd94
modified,validation,impostor,106,106_1,107_4,140,140,74,75,255,393.18,f05cd2d7f67aae517a21a0d924b4ca2ab59b92fea4f7f8f38e47f947d1ce686a,f556895e399849a346920a32cad7a8e6421e7c816d79513bedfee476f22b3933
modified,validation,impostor,106,106_1,107_5,140,140,74,72,214,368.67,f05cd2d7f67aae517a21a0d924b4ca2ab59b92fea4f7f8f38e47f947d1ce686a,b8510b9fb5867c20739b11c79915076bae169d8730be6cbf41ff3253e3cee440
modified,validation,impostor,106,106_1,107_6,140,140,74,74,216,357.23,f05cd2d7f67aae517a21a0d924b4ca2ab59b92fea4f7f8f38e47f947d1ce686a,c7f85ac1e7e6063d333932685d4080d808d52e29a883de1e978c0ea287546c2c
modified,validation,impostor,106,106_1,107_7,140,140,74,71,212,991.96,f05cd2d7f67aae517a21a0d924b4ca2ab59b92fea4f7f8f38e47f947d1ce686a,120c0ff19752ea9ceb04942bef82cba4867bb06329272b843dda32e417b34a72
modified,validation,impostor,106,106_1,107_8,140,140,74,72,208,712.86,f05cd2d7f67aae517a21a0d924b4ca2ab59b92fea4f7f8f38e47f947d1ce686a,df52c710cc6efb2271494277a4f1669a2e9af9fa0c98f5acb48b187b4e81cae1
modified,validation,impostor,106,106_2,107_3,140,140,75,75,17,412.71,d645a4d9e4ed05a4ca2836a8fb71140b8885e24deb94f052c5c8259e08599b5b,7248e27d86a5d36bbb2fb00010aca5ad2cb32da5ebdd66e7f273d163be2ccd94
modified,validation,impostor,106,106_2,107_4,140,140,75,75,13,405.34,d645a4d9e4ed05a4ca2836a8fb71140b8885e24deb94f052c5c8259e08599b5b,f556895e399849a346920a32cad7a8e6421e7c816d79513bedfee476f22b3933
modified,validation,impostor,106,106_2,107_5,140,140,75,72,209,621.07,d645a4d9e4ed05a4ca2836a8fb71140b8885e24deb94f052c5c8259e08599b5b,b8510b9fb5867c20739b11c79915076bae169d8730be6cbf41ff3253e3cee440
modified,validation,impostor,106,106_2,107_6,140,140,75,74,218,637.5,d645a4d9e4ed05a4ca2836a8fb71140b8885e24deb94f052c5c8259e08599b5b,c7f85ac1e7e6063d333932685d4080d808d52e29a883de1e978c0ea287546c2c
modified,validation,impostor,106,106_2,107_7,140,140,75,71,39,469.2,d645a4d9e4ed05a4ca2836a8fb71140b8885e24deb94f052c5c8259e08599b5b,120c0ff19752ea9ceb04942bef82cba4867bb06329272b843dda32e417b34a72
modified,validation,impostor,106,106_2,107_8,140,140,75,72,19,400.57,d645a4d9e4ed05a4ca2836a8fb71140b8885e24deb94f052c5c8259e08599b5b,df52c710cc6efb2271494277a4f1669a2e9af9fa0c98f5acb48b187b4e81cae1
modified,validation,impostor,106,106_3,107_4,140,140,73,75,273,424.85,0f045576ca8d3a586dc121cd753cb37748052ce7aaf6f31a88d91295273347ac,f556895e399849a346920a32cad7a8e6421e7c816d79513bedfee476f22b3933
modified,validation,impostor,106,106_3,107_5,140,140,73,72,226,395.38,0f045576ca8d3a586dc121cd753cb37748052ce7aaf6f31a88d91295273347ac,b8510b9fb5867c20739b11c79915076bae169d8730be6cbf41ff3253e3cee440
modified,validation,impostor,106,106_3,107_6,140,140,73,74,239,357.73,0f045576ca8d3a586dc121cd753cb37748052ce7aaf6f31a88d91295273347ac,c7f85ac1e7e6063d333932685d4080d808d52e29a883de1e978c0ea287546c2c
modified,validation,impostor,106,106_3,107_7,140,140,73,71,16,508.09,0f045576ca8d3a586dc121cd753cb37748052ce7aaf6f31a88d91295273347ac,120c0ff19752ea9ceb04942bef82cba4867bb06329272b843dda32e417b34a72
modified,validation,impostor,106,106_3,107_8,140,140,73,72,23,420.88,0f045576ca8d3a586dc121cd753cb37748052ce7aaf6f31a88d91295273347ac,df52c710cc6efb2271494277a4f1669a2e9af9fa0c98f5acb48b187b4e81cae1
modified,validation,impostor,106,106_4,107_5,140,140,75,72,221,367.59,b1dd8de31c64c180a4218f5d100fc6a06be0ecee89b24ca680830133b7bc0423,b8510b9fb5867c20739b11c79915076bae169d8730be6cbf41ff3253e3cee440
modified,validation,impostor,106,106_4,107_6,140,140,75,74,231,372.48,b1dd8de31c64c180a4218f5d100fc6a06be0ecee89b24ca680830133b7bc0423,c7f85ac1e7e6063d333932685d4080d808d52e29a883de1e978c0ea287546c2c
modified,validation,impostor,106,106_4,107_7,140,140,75,71,195,1194.8,b1dd8de31c64c180a4218f5d100fc6a06be0ecee89b24ca680830133b7bc0423,120c0ff19752ea9ceb04942bef82cba4867bb06329272b843dda32e417b34a72
modified,validation,impostor,106,106_4,107_8,140,140,75,72,173,831.07,b1dd8de31c64c180a4218f5d100fc6a06be0ecee89b24ca680830133b7bc0423,df52c710cc6efb2271494277a4f1669a2e9af9fa0c98f5acb48b187b4e81cae1
modified,validation,impostor,106,106_5,107_6,140,140,71,74,236,365.93,fc65a45d9dc3004678a0fbdcbc6e9540e68d56b0557ec21b44466ad4dca53f99,c7f85ac1e7e6063d333932685d4080d808d52e29a883de1e978c0ea287546c2c
modified,validation,impostor,106,106_5,107_7,140,140,71,71,204,1089.16,fc65a45d9dc3004678a0fbdcbc6e9540e68d56b0557ec21b44466ad4dca53f99,120c0ff19752ea9ceb04942bef82cba4867bb06329272b843dda32e417b34a72
modified,validation,impostor,106,106_5,107_8,140,140,71,72,195,733.01,fc65a45d9dc3004678a0fbdcbc6e9540e68d56b0557ec21b44466ad4dca53f99,df52c710cc6efb2271494277a4f1669a2e9af9fa0c98f5acb48b187b4e81cae1
modified,validation,impostor,106,106_6,107_7,140,140,72,71,128,729.35,68861a351f5f0e7de3594a4573c151f4b7d878b3b5f4931875e42053a149bf00,120c0ff19752ea9ceb04942bef82cba4867bb06329272b843dda32e417b34a72
modified,validation,impostor,106,106_6,107_8,140,140,72,72,80,426.52,68861a351f5f0e7de3594a4573c151f4b7d878b3b5f4931875e42053a149bf00,df52c710cc6efb2271494277a4f1669a2e9af9fa0c98f5acb48b187b4e81cae1
modified,validation,impostor,106,106_7,107_8,140,140,74,72,169,848.31,0743c35364a148245bdbd1501102c3d02b3b6aa022849d4fce2f59d38230b931,df52c710cc6efb2271494277a4f1669a2e9af9fa0c98f5acb48b187b4e81cae1
modified,validation,impostor,107,107_1,108_2,140,140,76,75,261,370.86,3696de3ebf2f0af7205826744e2762ae00dbc4d135e44cd6790d1947c1f8300b,6a605fede2ad3c09da2af19bdfd58c920c4b269b474faf43a7cbb2427c4a8179
modified,validation,impostor,107,107_1,108_3,140,140,76,76,275,1320.74,3696de3ebf2f0af7205826744e2762ae00dbc4d135e44cd6790d1947c1f8300b,0eea0b3d059c4594dbedb46a4cb3c040b39f78751568a8f65c295a277992db48
modified,validation,impostor,107,107_1,108_4,140,140,76,77,272,373.54,3696de3ebf2f0af7205826744e2762ae00dbc4d135e44cd6790d1947c1f8300b,c75d322a2af09ad76c57c0777424e359232cf47d3ccbe3483b6d60737fa537b9
modified,validation,impostor,107,107_1,108_5,140,140,76,78,276,374.46,3696de3ebf2f0af7205826744e2762ae00dbc4d135e44cd6790d1947c1f8300b,9ad5417e5ef34e74f3f0b01ecf4e261914ccb309b2a2ebadcac0df4e43562c03
modified,validation,impostor,107,107_1,108_6,140,140,76,77,281,419.46,3696de3ebf2f0af7205826744e2762ae00dbc4d135e44cd6790d1947c1f8300b,32ad84bf727a93d486393cb97bd78d51e8374902e19537d8c2d4deb74cf909e2
modified,validation,impostor,107,107_1,108_7,140,140,76,78,292,356.73,3696de3ebf2f0af7205826744e2762ae00dbc4d135e44cd6790d1947c1f8300b,d42894485daa4bdf77ea6be7dd43ff442d936c8a195feea7dadc47cb38ff452b
modified,validation,impostor,107,107_1,108_8,140,140,76,79,276,355.54,3696de3ebf2f0af7205826744e2762ae00dbc4d135e44cd6790d1947c1f8300b,af8f826f893799cc2ccbf8536992d90e34f237f8a072a4295414711673b036de
modified,validation,impostor,107,107_2,108_3,140,140,77,76,282,1868.37,2b80e139907fe755d00daedcd6a715797960ca41ec83c5b6f57988c7e5cdd889,0eea0b3d059c4594dbedb46a4cb3c040b39f78751568a8f65c295a277992db48
modified,validation,impostor,107,107_2,108_4,140,140,77,77,288,378.24,2b80e139907fe755d00daedcd6a715797960ca41ec83c5b6f57988c7e5cdd889,c75d322a2af09ad76c57c0777424e359232cf47d3ccbe3483b6d60737fa537b9
modified,validation,impostor,107,107_2,108_5,140,140,77,78,284,403.6,2b80e139907fe755d00daedcd6a715797960ca41ec83c5b6f57988c7e5cdd889,9ad5417e5ef34e74f3f0b01ecf4e261914ccb309b2a2ebadcac0df4e43562c03
modified,validation,impostor,107,107_2,108_6,140,140,77,77,287,369.57,2b80e139907fe755d00daedcd6a715797960ca41ec83c5b6f57988c7e5cdd889,32ad84bf727a93d486393cb97bd78d51e8374902e19537d8c2d4deb74cf909e2
modified,validation,impostor,107,107_2,108_7,140,140,77,78,296,378.03,2b80e139907fe755d00daedcd6a715797960ca41ec83c5b6f57988c7e5cdd889,d42894485daa4bdf77ea6be7dd43ff442d936c8a195feea7dadc47cb38ff452b
modified,validation,impostor,107,107_2,108_8,140,140,77,79,289,369.13,2b80e139907fe755d00daedcd6a715797960ca41ec83c5b6f57988c7e5cdd889,af8f826f893799cc2ccbf8536992d90e34f237f8a072a4295414711673b036de
modified,validation,impostor,107,107_3,108_4,140,140,75,77,285,374.63,7248e27d86a5d36bbb2fb00010aca5ad2cb32da5ebdd66e7f273d163be2ccd94,c75d322a2af09ad76c57c0777424e359232cf47d3ccbe3483b6d60737fa537b9
modified,validation,impostor,107,107_3,108_5,140,140,75,78,265,522.74,7248e27d86a5d36bbb2fb00010aca5ad2cb32da5ebdd66e7f273d163be2ccd94,9ad5417e5ef34e74f3f0b01ecf4e261914ccb309b2a2ebadcac0df4e43562c03
modified,validation,impostor,107,107_3,108_6,140,140,75,77,264,382.77,7248e27d86a5d36bbb2fb00010aca5ad2cb32da5ebdd66e7f273d163be2ccd94,32ad84bf727a93d486393cb97bd78d51e8374902e19537d8c2d4deb74cf909e2
modified,validation,impostor,107,107_3,108_7,140,140,75,78,264,413,7248e27d86a5d36bbb2fb00010aca5ad2cb32da5ebdd66e7f273d163be2ccd94,d42894485daa4bdf77ea6be7dd43ff442d936c8a195feea7dadc47cb38ff452b
modified,validation,impostor,107,107_3,108_8,140,140,75,79,269,357.72,7248e27d86a5d36bbb2fb00010aca5ad2cb32da5ebdd66e7f273d163be2ccd94,af8f826f893799cc2ccbf8536992d90e34f237f8a072a4295414711673b036de
modified,validation,impostor,107,107_4,108_5,140,140,75,78,284,375.75,f556895e399849a346920a32cad7a8e6421e7c816d79513bedfee476f22b3933,9ad5417e5ef34e74f3f0b01ecf4e261914ccb309b2a2ebadcac0df4e43562c03
modified,validation,impostor,107,107_4,108_6,140,140,75,77,285,366.79,f556895e399849a346920a32cad7a8e6421e7c816d79513bedfee476f22b3933,32ad84bf727a93d486393cb97bd78d51e8374902e19537d8c2d4deb74cf909e2
modified,validation,impostor,107,107_4,108_7,140,140,75,78,298,380.42,f556895e399849a346920a32cad7a8e6421e7c816d79513bedfee476f22b3933,d42894485daa4bdf77ea6be7dd43ff442d936c8a195feea7dadc47cb38ff452b
modified,validation,impostor,107,107_4,108_8,140,140,75,79,286,368.48,f556895e399849a346920a32cad7a8e6421e7c816d79513bedfee476f22b3933,af8f826f893799cc2ccbf8536992d90e34f237f8a072a4295414711673b036de
modified,validation,impostor,107,107_5,108_6,140,140,72,77,239,362.5,b8510b9fb5867c20739b11c79915076bae169d8730be6cbf41ff3253e3cee440,32ad84bf727a93d486393cb97bd78d51e8374902e19537d8c2d4deb74cf909e2
modified,validation,impostor,107,107_5,108_7,140,140,72,78,235,418,b8510b9fb5867c20739b11c79915076bae169d8730be6cbf41ff3253e3cee440,d42894485daa4bdf77ea6be7dd43ff442d936c8a195feea7dadc47cb38ff452b
modified,validation,impostor,107,107_5,108_8,140,140,72,79,236,406.7,b8510b9fb5867c20739b11c79915076bae169d8730be6cbf41ff3253e3cee440,af8f826f893799cc2ccbf8536992d90e34f237f8a072a4295414711673b036de
modified,validation,impostor,107,107_6,108_7,140,140,74,78,249,364.85,c7f85ac1e7e6063d333932685d4080d808d52e29a883de1e978c0ea287546c2c,d42894485daa4bdf77ea6be7dd43ff442d936c8a195feea7dadc47cb38ff452b
modified,validation,impostor,107,107_6,108_8,140,140,74,79,247,378.54,c7f85ac1e7e6063d333932685d4080d808d52e29a883de1e978c0ea287546c2c,af8f826f893799cc2ccbf8536992d90e34f237f8a072a4295414711673b036de
modified,validation,impostor,107,107_7,108_8,140,140,71,79,208,958.05,120c0ff19752ea9ceb04942bef82cba4867bb06329272b843dda32e417b34a72,af8f826f893799cc2ccbf8536992d90e34f237f8a072a4295414711673b036de
modified,validation,impostor,108,108_1,109_2,140,140,76,73,84,646.54,effc8818f805ca8f621ff604f497117d9b129aa6282440013b0b596f8b8e4a06,1f6499cc82d4fb76ef7aa7b8052878bdb5f316386523ee36e98a7aacfe0f70ee
modified,validation,impostor,108,108_1,109_3,140,140,76,73,84,671.42,effc8818f805ca8f621ff604f497117d9b129aa6282440013b0b596f8b8e4a06,417445c934a6a0e76c38843b523e5bed4c57f910e690c62ebf55f4a764618ca9
modified,validation,impostor,108,108_1,109_4,140,140,76,73,132,510.96,effc8818f805ca8f621ff604f497117d9b129aa6282440013b0b596f8b8e4a06,6383d3505ca83c1bf88151af44216e8ebcac4a8a1e772c21b3421a7fa8b201d6
modified,validation,impostor,108,108_1,109_5,140,140,76,74,286,376.8,effc8818f805ca8f621ff604f497117d9b129aa6282440013b0b596f8b8e4a06,414d9abdd9730d0a0de8c2b15fddb205d28076df5408761a0908a5697a969bbb
modified,validation,impostor,108,108_1,109_6,140,140,76,70,191,371.26,effc8818f805ca8f621ff604f497117d9b129aa6282440013b0b596f8b8e4a06,9e4acbc7d549236733333323beefbeceb935ad5e67fa2543e5ab2a56275c80c5
modified,validation,impostor,108,108_1,109_7,140,140,76,75,223,1178.42,effc8818f805ca8f621ff604f497117d9b129aa6282440013b0b596f8b8e4a06,4779031d5a48cc060993f998000ebb6b29ee8aef45af9c4ce437b8e3f4a376e3
modified,validation,impostor,108,108_1,109_8,140,140,76,72,18,373.29,effc8818f805ca8f621ff604f497117d9b129aa6282440013b0b596f8b8e4a06,5ee10d3503a2fbd774f0a59ab2a8226e4320f1fd41c247934a432c8c752fa642
modified,validation,impostor,108,108_2,109_3,140,140,75,73,73,660.83,6a605fede2ad3c09da2af19bdfd58c920c4b269b474faf43a7cbb2427c4a8179,417445c934a6a0e76c38843b523e5bed4c57f910e690c62ebf55f4a764618ca9
modified,validation,impostor,108,108_2,109_4,140,140,75,73,23,353.73,6a605fede2ad3c09da2af19bdfd58c920c4b269b474faf43a7cbb2427c4a8179,6383d3505ca83c1bf88151af44216e8ebcac4a8a1e772c21b3421a7fa8b201d6
modified,validation,impostor,108,108_2,109_5,140,140,75,74,279,390.88,6a605fede2ad3c09da2af19bdfd58c920c4b269b474faf43a7cbb2427c4a8179,414d9abdd9730d0a0de8c2b15fddb205d28076df5408761a0908a5697a969bbb
modified,validation,impostor,108,108_2,109_6,140,140,75,70,182,355.97,6a605fede2ad3c09da2af19bdfd58c920c4b269b474faf43a7cbb2427c4a8179,9e4acbc7d549236733333323beefbeceb935ad5e67fa2543e5ab2a56275c80c5
modified,validation,impostor,108,108_2,109_7,140,140,75,75,27,444.24,6a605fede2ad3c09da2af19bdfd58c920c4b269b474faf43a7cbb2427c4a8179,4779031d5a48cc060993f998000ebb6b29ee8aef45af9c4ce437b8e3f4a376e3
modified,validation,impostor,108,108_2,109_8,140,140,75,72,24,438.7,6a605fede2ad3c09da2af19bdfd58c920c4b269b474faf43a7cbb2427c4a8179,5ee10d3503a2fbd774f0a59ab2a8226e4320f1fd41c247934a432c8c752fa642
modified,validation,impostor,108,108_3,109_4,140,140,76,73,92,451.31,0eea0b3d059c4594dbedb46a4cb3c040b39f78751568a8f65c295a277992db48,6383d3505ca83c1bf88151af44216e8ebcac4a8a1e772c21b3421a7fa8b201d6
modified,validation,impostor,108,108_3,109_5,140,140,76,74,262,1172.58,0eea0b3d059c4594dbedb46a4cb3c040b39f78751568a8f65c295a277992db48,414d9abdd9730d0a0de8c2b15fddb205d28076df5408761a0908a5697a969bbb
modified,validation,impostor,108,108_3,109_6,140,140,76,70,217,2471.61,0eea0b3d059c4594dbedb46a4cb3c040b39f78751568a8f65c295a277992db48,9e4acbc7d549236733333323beefbeceb935ad5e67fa2543e5ab2a56275c80c5
modified,validation,impostor,108,108_3,109_7,140,140,76,75,214,400.63,0eea0b3d059c4594dbedb46a4cb3c040b39f78751568a8f65c295a277992db48,4779031d5a48cc060993f998000ebb6b29ee8aef45af9c4ce437b8e3f4a376e3
modified,validation,impostor,108,108_3,109_8,140,140,76,72,17,339.07,0eea0b3d059c4594dbedb46a4cb3c040b39f78751568a8f65c295a277992db48,5ee10d3503a2fbd774f0a59ab2a8226e4320f1fd41c247934a432c8c752fa642
modified,validation,impostor,108,108_4,109_5,140,140,77,74,293,394.45,c75d322a2af09ad76c57c0777424e359232cf47d3ccbe3483b6d60737fa537b9,414d9abdd9730d0a0de8c2b15fddb205d28076df5408761a0908a5697a969bbb
modified,validation,impostor,108,108_4,109_6,140,140,77,70,187,400.66,c75d322a2af09ad76c57c0777424e359232cf47d3ccbe3483b6d60737fa537b9,9e4acbc7d549236733333323beefbeceb935ad5e67fa2543e5ab2a56275c80c5
modified,validation,impostor,108,108_4,109_7,140,140,77,75,196,1177.12,c75d322a2af09ad76c57c0777424e359232cf47d3ccbe3483b6d60737fa537b9,4779031d5a48cc060993f998000ebb6b29ee8aef45af9c4ce437b8e3f4a376e3
modified,validation,impostor,108,108_4,109_8,140,140,77,72,219,431.6,c75d322a2af09ad76c57c0777424e359232cf47d3ccbe3483b6d60737fa537b9,5ee10d3503a2fbd774f0a59ab2a8226e4320f1fd41c247934a432c8c752fa642
modified,validation,impostor,108,108_5,109_6,140,140,78,70,205,661.32,9ad5417e5ef34e74f3f0b01ecf4e261914ccb309b2a2ebadcac0df4e43562c03,9e4acbc7d549236733333323beefbeceb935ad5e67fa2543e5ab2a56275c80c5
modified,validation,impostor,108,108_5,109_7,140,140,78,75,29,563.12,9ad5417e5ef34e74f3f0b01ecf4e261914ccb309b2a2ebadcac0df4e43562c03,4779031d5a48cc060993f998000ebb6b29ee8aef45af9c4ce437b8e3f4a376e3
modified,validation,impostor,108,108_5,109_8,140,140,78,72,20,361.2,9ad5417e5ef34e74f3f0b01ecf4e261914ccb309b2a2ebadcac0df4e43562c03,5ee10d3503a2fbd774f0a59ab2a8226e4320f1fd41c247934a432c8c752fa642
modified,validation,impostor,108,108_6,109_7,140,140,77,75,212,934.81,32ad84bf727a93d486393cb97bd78d51e8374902e19537d8c2d4deb74cf909e2,4779031d5a48cc060993f998000ebb6b29ee8aef45af9c4ce437b8e3f4a376e3
modified,validation,impostor,108,108_6,109_8,140,140,77,72,224,659,32ad84bf727a93d486393cb97bd78d51e8374902e19537d8c2d4deb74cf909e2,5ee10d3503a2fbd774f0a59ab2a8226e4320f1fd41c247934a432c8c752fa642
modified,validation,impostor,108,108_7,109_8,140,140,78,72,219,517.86,d42894485daa4bdf77ea6be7dd43ff442d936c8a195feea7dadc47cb38ff452b,5ee10d3503a2fbd774f0a59ab2a8226e4320f1fd41c247934a432c8c752fa642
modified,validation,impostor,109,109_1,110_2,140,140,74,72,234,357.27,5a3f648dc2b9d5314003168934beecdc89f03e2865ba2cc3d39eab3de82d4a5d,93e3def186f910fa3e16efdcc7957936986cd1f030fe55b08e646c78593ec494
modified,validation,impostor,109,109_1,110_3,140,140,74,76,235,378.08,5a3f648dc2b9d5314003168934beecdc89f03e2865ba2cc3d39eab3de82d4a5d,a38e2064ab5f6645f49858a1c2e30027755e1c925caf5ff64fe460312d1e3254
modified,validation,impostor,109,109_1,110_4,140,140,74,76,227,379.41,5a3f648dc2b9d5314003168934beecdc89f03e2865ba2cc3d39eab3de82d4a5d,386ae83e5d0baa094d1e24fd40b44195592cdebb20b58c90e922e4380707e429
modified,validation,impostor,109,109_1,110_5,140,140,74,74,223,405.59,5a3f648dc2b9d5314003168934beecdc89f03e2865ba2cc3d39eab3de82d4a5d,55da6102a20556c4e77f3731444e595856522a1a83fd774e59d5ac37b9d8a3df
modified,validation,impostor,109,109_1,110_6,140,140,74,75,212,401.49,5a3f648dc2b9d5314003168934beecdc89f03e2865ba2cc3d39eab3de82d4a5d,2692302877503af865b11c2889c0ad2c9038935cff28f67e64634e65b7079429
modified,validation,impostor,109,109_1,110_7,140,140,74,73,126,756.58,5a3f648dc2b9d5314003168934beecdc89f03e2865ba2cc3d39eab3de82d4a5d,2433bc5f8922541d0fa116c582b9b39fe06eb8bc03de35a66d796260c069249d
modified,validation,impostor,109,109_1,110_8,140,140,74,73,171,376.4,5a3f648dc2b9d5314003168934beecdc89f03e2865ba2cc3d39eab3de82d4a5d,1974221e915cbcd6d2cc1570f781c5c4e0c08e00e477f5a040274782638e4005
modified,validation,impostor,109,109_2,110_3,140,140,73,76,120,886.01,1f6499cc82d4fb76ef7aa7b8052878bdb5f316386523ee36e98a7aacfe0f70ee,a38e2064ab5f6645f49858a1c2e30027755e1c925caf5ff64fe460312d1e3254
modified,validation,impostor,109,109_2,110_4,140,140,73,76,118,859.13,1f6499cc82d4fb76ef7aa7b8052878bdb5f316386523ee36e98a7aacfe0f70ee,386ae83e5d0baa094d1e24fd40b44195592cdebb20b58c90e922e4380707e429
modified,validation,impostor,109,109_2,110_5,140,140,73,74,109,842.88,1f6499cc82d4fb76ef7aa7b8052878bdb5f316386523ee36e98a7aacfe0f70ee,55da6102a20556c4e77f3731444e595856522a1a83fd774e59d5ac37b9d8a3df
modified,validation,impostor,109,109_2,110_6,140,140,73,75,108,818.08,1f6499cc82d4fb76ef7aa7b8052878bdb5f316386523ee36e98a7aacfe0f70ee,2692302877503af865b11c2889c0ad2c9038935cff28f67e64634e65b7079429
modified,validation,impostor,109,109_2,110_7,140,140,73,73,60,334.5,1f6499cc82d4fb76ef7aa7b8052878bdb5f316386523ee36e98a7aacfe0f70ee,2433bc5f8922541d0fa116c582b9b39fe06eb8bc03de35a66d796260c069249d
modified,validation,impostor,109,109_2,110_8,140,140,73,73,123,771.62,1f6499cc82d4fb76ef7aa7b8052878bdb5f316386523ee36e98a7aacfe0f70ee,1974221e915cbcd6d2cc1570f781c5c4e0c08e00e477f5a040274782638e4005
modified,validation,impostor,109,109_3,110_4,140,140,73,76,96,601.37,417445c934a6a0e76c38843b523e5bed4c57f910e690c62ebf55f4a764618ca9,386ae83e5d0baa094d1e24fd40b44195592cdebb20b58c90e922e4380707e429
modified,validation,impostor,109,109_3,110_5,140,140,73,74,83,689.26,417445c934a6a0e76c38843b523e5bed4c57f910e690c62ebf55f4a764618ca9,55da6102a20556c4e77f3731444e595856522a1a83fd774e59d5ac37b9d8a3df
modified,validation,impostor,109,109_3,110_6,140,140,73,75,81,660.68,417445c934a6a0e76c38843b523e5bed4c57f910e690c62ebf55f4a764618ca9,2692302877503af865b11c2889c0ad2c9038935cff28f67e64634e65b7079429
modified,validation,impostor,109,109_3,110_7,140,140,73,73,112,337.65,417445c934a6a0e76c38843b523e5bed4c57f910e690c62ebf55f4a764618ca9,2433bc5f8922541d0fa116c582b9b39fe06eb8bc03de35a66d796260c069249d
modified,validation,impostor,109,109_3,110_8,140,140,73,73,70,435.12,417445c934a6a0e76c38843b523e5bed4c57f910e690c62ebf55f4a764618ca9,1974221e915cbcd6d2cc1570f781c5c4e0c08e00e477f5a040274782638e4005
modified,validation,impostor,109,109_4,110_5,140,140,73,74,125,909.45,6383d3505ca83c1bf88151af44216e8ebcac4a8a1e772c21b3421a7fa8b201d6,55da6102a20556c4e77f3731444e595856522a1a83fd774e59d5ac37b9d8a3df
modified,validation,impostor,109,109_4,110_6,140,140,73,75,125,888.13,6383d3505ca83c1bf88151af44216e8ebcac4a8a1e772c21b3421a7fa8b201d6,2692302877503af865b11c2889c0ad2c9038935cff28f67e64634e65b7079429
modified,validation,impostor,109,109_4,110_7,140,140,73,73,67,274.52,6383d3505ca83c1bf88151af44216e8ebcac4a8a1e772c21b3421a7fa8b201d6,2433bc5f8922541d0fa116c582b9b39fe06eb8bc03de35a66d796260c069249d
modified,validation,impostor,109,109_4,110_8,140,140,73,73,42,496.72,6383d3505ca83c1bf88151af44216e8ebcac4a8a1e772c21b3421a7fa8b201d6,1974221e915cbcd6d2cc1570f781c5c4e0c08e00e477f5a040274782638e4005
modified,validation,impostor,109,109_5,110_6,140,140,74,75,226,365.36,414d9abdd9730d0a0de8c2b15fddb205d28076df5408761a0908a5697a969bbb,2692302877503af865b11c2889c0ad2c9038935cff28f67e64634e65b7079429
modified,validation,impostor,109,109_5,110_7,140,140,74,73,97,418.19,414d9abdd9730d0a0de8c2b15fddb205d28076df5408761a0908a5697a969bbb,2433bc5f8922541d0fa116c582b9b39fe06eb8bc03de35a66d796260c069249d
modified,validation,impostor,109,109_5,110_8,140,140,74,73,166,648.75,414d9abdd9730d0a0de8c2b15fddb205d28076df5408761a0908a5697a969bbb,1974221e915cbcd6d2cc1570f781c5c4e0c08e00e477f5a040274782638e4005
modified,validation,impostor,109,109_6,110_7,140,140,70,73,84,518.38,9e4acbc7d549236733333323beefbeceb935ad5e67fa2543e5ab2a56275c80c5,2433bc5f8922541d0fa116c582b9b39fe06eb8bc03de35a66d796260c069249d
modified,validation,impostor,109,109_6,110_8,140,140,70,73,165,457.45,9e4acbc7d549236733333323beefbeceb935ad5e67fa2543e5ab2a56275c80c5,1974221e915cbcd6d2cc1570f781c5c4e0c08e00e477f5a040274782638e4005
modified,validation,impostor,109,109_7,110_8,140,140,75,73,60,357.27,4779031d5a48cc060993f998000ebb6b29ee8aef45af9c4ce437b8e3f4a376e3,1974221e915cbcd6d2cc1570f781c5c4e0c08e00e477f5a040274782638e4005
modified,validation,impostor,110,110_1,101_2,140,140,72,76,230,1477.95,f9180c4deb2b35902346c95f6664387d9ed1e69edc7873bc794a03db8564170a,7fe2df44ffd7e70310b78e590388cb9ad69567d004f36a7ca6d183137e981dd3
modified,validation,impostor,110,110_1,101_3,140,140,72,71,78,469.58,f9180c4deb2b35902346c95f6664387d9ed1e69edc7873bc794a03db8564170a,868ba2378c8c3b528d348f71960a20a1669f5b8662527a0dbfb5067b2c7e7e05
modified,validation,impostor,110,110_1,101_4,140,140,72,72,275,1707.91,f9180c4deb2b35902346c95f6664387d9ed1e69edc7873bc794a03db8564170a,48aecebf751b608790fc7c0f57ce6c1da4030263b7e6f6cbd47418b026bb4bd7
modified,validation,impostor,110,110_1,101_5,140,140,72,73,241,1622.29,f9180c4deb2b35902346c95f6664387d9ed1e69edc7873bc794a03db8564170a,4f8324194b729ad6ec2d08d58a9bbba3d85a1d1d4e16487c1fead278795388fc
modified,validation,impostor,110,110_1,101_6,140,140,72,74,66,395.97,f9180c4deb2b35902346c95f6664387d9ed1e69edc7873bc794a03db8564170a,4b42e59a7336be4817774e9ec0e9c4aaa3e45f556a03b75f190aacc6a4067581
modified,validation,impostor,110,110_1,101_7,140,140,72,74,95,478.78,f9180c4deb2b35902346c95f6664387d9ed1e69edc7873bc794a03db8564170a,22012d41b299c696726703c188e374c1678cce37d06640c083f7f45d48d32c0a
modified,validation,impostor,110,110_1,101_8,140,140,72,72,230,628.77,f9180c4deb2b35902346c95f6664387d9ed1e69edc7873bc794a03db8564170a,2cd89d2aef9c8e0ab5eb14d47574d934101e98aa98f334bb0d48fbd65bb15031
modified,validation,impostor,110,110_2,101_3,140,140,72,71,195,766.06,93e3def186f910fa3e16efdcc7957936986cd1f030fe55b08e646c78593ec494,868ba2378c8c3b528d348f71960a20a1669f5b8662527a0dbfb5067b2c7e7e05
modified,validation,impostor,110,110_2,101_4,140,140,72,72,261,365.56,93e3def186f910fa3e16efdcc7957936986cd1f030fe55b08e646c78593ec494,48aecebf751b608790fc7c0f57ce6c1da4030263b7e6f6cbd47418b026bb4bd7
modified,validation,impostor,110,110_2,101_5,140,140,72,73,263,447.7,93e3def186f910fa3e16efdcc7957936986cd1f030fe55b08e646c78593ec494,4f8324194b729ad6ec2d08d58a9bbba3d85a1d1d4e16487c1fead278795388fc
modified,validation,impostor,110,110_2,101_6,140,140,72,74,84,702.82,93e3def186f910fa3e16efdcc7957936986cd1f030fe55b08e646c78593ec494,4b42e59a7336be4817774e9ec0e9c4aaa3e45f556a03b75f190aacc6a4067581
modified,validation,impostor,110,110_2,101_7,140,140,72,74,237,591.96,93e3def186f910fa3e16efdcc7957936986cd1f030fe55b08e646c78593ec494,22012d41b299c696726703c188e374c1678cce37d06640c083f7f45d48d32c0a
modified,validation,impostor,110,110_2,101_8,140,140,72,72,245,357.56,93e3def186f910fa3e16efdcc7957936986cd1f030fe55b08e646c78593ec494,2cd89d2aef9c8e0ab5eb14d47574d934101e98aa98f334bb0d48fbd65bb15031
modified,validation,impostor,110,110_3,101_4,140,140,76,72,262,362.16,a38e2064ab5f6645f49858a1c2e30027755e1c925caf5ff64fe460312d1e3254,48aecebf751b608790fc7c0f57ce6c1da4030263b7e6f6cbd47418b026bb4bd7
modified,validation,impostor,110,110_3,101_5,140,140,76,73,270,512.1,a38e2064ab5f6645f49858a1c2e30027755e1c925caf5ff64fe460312d1e3254,4f8324194b729ad6ec2d08d58a9bbba3d85a1d1d4e16487c1fead278795388fc
modified,validation,impostor,110,110_3,101_6,140,140,76,74,77,587.91,a38e2064ab5f6645f49858a1c2e30027755e1c925caf5ff64fe460312d1e3254,4b42e59a7336be4817774e9ec0e9c4aaa3e45f556a03b75f190aacc6a4067581
modified,validation,impostor,110,110_3,101_7,140,140,76,74,240,629.54,a38e2064ab5f6645f49858a1c2e30027755e1c925caf5ff64fe460312d1e3254,22012d41b299c696726703c188e374c1678cce37d06640c083f7f45d48d32c0a
modified,validation,impostor,110,110_3,101_8,140,140,76,72,248,365.86,a38e2064ab5f6645f49858a1c2e30027755e1c925caf5ff64fe460312d1e3254,2cd89d2aef9c8e0ab5eb14d47574d934101e98aa98f334bb0d48fbd65bb15031
modified,validation,impostor,110,110_4,101_5,140,140,76,73,267,652.92,386ae83e5d0baa094d1e24fd40b44195592cdebb20b58c90e922e4380707e429,4f8324194b729ad6ec2d08d58a9bbba3d85a1d1d4e16487c1fead278795388fc
modified,validation,impostor,110,110_4,101_6,140,140,76,74,83,764.79,386ae83e5d0baa094d1e24fd40b44195592cdebb20b58c90e922e4380707e429,4b42e59a7336be4817774e9ec0e9c4aaa3e45f556a03b75f190aacc6a4067581
modified,validation,impostor,110,110_4,101_7,140,140,76,74,242,734.44,386ae83e5d0baa094d1e24fd40b44195592cdebb20b58c90e922e4380707e429,22012d41b299c696726703c188e374c1678cce37d06640c083f7f45d48d32c0a
modified,validation,impostor,110,110_4,101_8,140,140,76,72,242,352.18,386ae83e5d0baa094d1e24fd40b44195592cdebb20b58c90e922e4380707e429,2cd89d2aef9c8e0ab5eb14d47574d934101e98aa98f334bb0d48fbd65bb15031
modified,validation,impostor,110,110_5,101_6,140,140,74,74,95,608.64,55da6102a20556c4e77f3731444e595856522a1a83fd774e59d5ac37b9d8a3df,4b42e59a7336be4817774e9ec0e9c4aaa3e45f556a03b75f190aacc6a4067581
modified,validation,impostor,110,110_5,101_7,140,140,74,74,217,465.91,55da6102a20556c4e77f3731444e595856522a1a83fd774e59d5ac37b9d8a3df,22012d41b299c696726703c188e374c1678cce37d06640c083f7f45d48d32c0a
modified,validation,impostor,110,110_5,101_8,140,140,74,72,225,353.6,55da6102a20556c4e77f3731444e595856522a1a83fd774e59d5ac37b9d8a3df,2cd89d2aef9c8e0ab5eb14d47574d934101e98aa98f334bb0d48fbd65bb15031
modified,validation,impostor,110,110_6,101_7,140,140,75,74,213,448.39,2692302877503af865b11c2889c0ad2c9038935cff28f67e64634e65b7079429,22012d41b299c696726703c188e374c1678cce37d06640c083f7f45d48d32c0a
modified,validation,impostor,110,110_6,101_8,140,140,75,72,213,363.28,2692302877503af865b11c2889c0ad2c9038935cff28f67e64634e65b7079429,2cd89d2aef9c8e0ab5eb14d47574d934101e98aa98f334bb0d48fbd65bb15031
modified,validation,impostor,110,110_7,101_8,140,140,73,72,170,915.01,2433bc5f8922541d0fa116c582b9b39fe06eb8bc03de35a66d796260c069249d,2cd89d2aef9c8e0ab5eb14d47574d934101e98aa98f334bb0d48fbd65bb15031
