feed,split,label,subject,probe,reference,probeMinutiae,referenceMinutiae,probeQuality,referenceQuality,score,durationMs,probeTemplateHash,referenceTemplateHash
modified,train,genuine,101,101_1,101_2,99,77,53,69,32,225.54,a13a88f6d6cf5ff0e20cccc25f583e6b3e883153b7746bb61fcc309be59bd041,9c17d154297cbc3bf1c3b6a48e88792f225ef2f0c12f1f6d8dcc18fef7503a80
modified,train,genuine,101,101_1,101_3,99,67,53,59,4,218.99,a13a88f6d6cf5ff0e20cccc25f583e6b3e883153b7746bb61fcc309be59bd041,12df05142ec9f9afac6da9c12b76ab27294891811c6b1e26967f36e7bec2f8b3
modified,train,genuine,101,101_1,101_4,99,115,53,56,8,215.2,a13a88f6d6cf5ff0e20cccc25f583e6b3e883153b7746bb61fcc309be59bd041,791771e41903b1a6954e73fd0638dd69ff984eebaff24b1e3f191cb8ad1d6b10
modified,train,genuine,101,101_1,101_5,99,113,53,59,20,203.55,a13a88f6d6cf5ff0e20cccc25f583e6b3e883153b7746bb61fcc309be59bd041,3162e355ae5f457155d2e19c47574669e2ef47f47ca658bbefaf3738677bda36
modified,train,genuine,101,101_1,101_6,99,83,53,64,9,206.63,a13a88f6d6cf5ff0e20cccc25f583e6b3e883153b7746bb61fcc309be59bd041,64082b6470c40b1b3f38b487440ee5bd6986ee897b3184c1b79bf5738ae0cfea
modified,train,genuine,101,101_1,101_7,99,68,53,64,28,194.64,a13a88f6d6cf5ff0e20cccc25f583e6b3e883153b7746bb61fcc309be59bd041,8d86864ad3f8e14b6110f4f1c14aac29c8215391a446c4b1609d15054ceb3f05
modified,train,genuine,101,101_1,101_8,99,81,53,58,10,205.19,a13a88f6d6cf5ff0e20cccc25f583e6b3e883153b7746bb61fcc309be59bd041,3561dcf03008767ffe1e7ba2befdbcd5fbe9efdd776456f976d719c5ee14306b
modified,train,genuine,101,101_2,101_3,77,67,69,59,8,209.11,9c17d154297cbc3bf1c3b6a48e88792f225ef2f0c12f1f6d8dcc18fef7503a80,12df05142ec9f9afac6da9c12b76ab27294891811c6b1e26967f36e7bec2f8b3
modified,train,genuine,101,101_2,101_4,77,115,69,56,11,204.14,9c17d154297cbc3bf1c3b6a48e88792f225ef2f0c12f1f6d8dcc18fef7503a80,791771e41903b1a6954e73fd0638dd69ff984eebaff24b1e3f191cb8ad1d6b10
modified,train,genuine,101,101_2,101_5,77,113,69,59,10,220.11,9c17d154297cbc3bf1c3b6a48e88792f225ef2f0c12f1f6d8dcc18fef7503a80,3162e355ae5f457155d2e19c47574669e2ef47f47ca658bbefaf3738677bda36
modified,train,genuine,101,101_2,101_6,77,83,69,64,26,202.14,9c17d154297cbc3bf1c3b6a48e88792f225ef2f0c12f1f6d8dcc18fef7503a80,64082b6470c40b1b3f38b487440ee5bd6986ee897b3184c1b79bf5738ae0cfea
modified,train,genuine,101,101_2,101_7,77,68,69,64,85,228,9c17d154297cbc3bf1c3b6a48e88792f225ef2f0c12f1f6d8dcc18fef7503a80,8d86864ad3f8e14b6110f4f1c14aac29c8215391a446c4b1609d15054ceb3f05
modified,train,genuine,101,101_2,101_8,77,81,69,58,30,233.62,9c17d154297cbc3bf1c3b6a48e88792f225ef2f0c12f1f6d8dcc18fef7503a80,3561dcf03008767ffe1e7ba2befdbcd5fbe9efdd776456f976d719c5ee14306b
modified,train,genuine,101,101_3,101_4,67,115,59,56,26,192.32,12df05142ec9f9afac6da9c12b76ab27294891811c6b1e26967f36e7bec2f8b3,791771e41903b1a6954e73fd0638dd69ff984eebaff24b1e3f191cb8ad1d6b10
modified,train,genuine,101,101_3,101_5,67,113,59,59,13,359.35,12df05142ec9f9afac6da9c12b76ab27294891811c6b1e26967f36e7bec2f8b3,3162e355ae5f457155d2e19c47574669e2ef47f47ca658bbefaf3738677bda36
modified,train,genuine,101,101_3,101_6,67,83,59,64,49,217.39,12df05142ec9f9afac6da9c12b76ab27294891811c6b1e26967f36e7bec2f8b3,64082b6470c40b1b3f38b487440ee5bd6986ee897b3184c1b79bf5738ae0cfea
modified,train,genuine,101,101_3,101_7,67,68,59,64,8,210.61,12df05142ec9f9afac6da9c12b76ab27294891811c6b1e26967f36e7bec2f8b3,8d86864ad3f8e14b6110f4f1c14aac29c8215391a446c4b1609d15054ceb3f05
modified,train,genuine,101,101_3,101_8,67,81,59,58,5,193.22,12df05142ec9f9afac6da9c12b76ab27294891811c6b1e26967f36e7bec2f8b3,3561dcf03008767ffe1e7ba2befdbcd5fbe9efdd776456f976d719c5ee14306b
modified,train,genuine,101,101_4,101_5,115,113,56,59,8,199.74,791771e41903b1a6954e73fd0638dd69ff984eebaff24b1e3f191cb8ad1d6b10,3162e355ae5f457155d2e19c47574669e2ef47f47ca658bbefaf3738677bda36
modified,train,genuine,101,101_4,101_6,115,83,56,64,19,189.21,791771e41903b1a6954e73fd0638dd69ff984eebaff24b1e3f191cb8ad1d6b10,64082b6470c40b1b3f38b487440ee5bd6986ee897b3184c1b79bf5738ae0cfea
modified,train,genuine,101,101_4,101_7,115,68,56,64,7,203.45,791771e41903b1a6954e73fd0638dd69ff984eebaff24b1e3f191cb8ad1d6b10,8d86864ad3f8e14b6110f4f1c14aac29c8215391a446c4b1609d15054ceb3f05
modified,train,genuine,101,101_4,101_8,115,81,56,58,8,212.03,791771e41903b1a6954e73fd0638dd69ff984eebaff24b1e3f191cb8ad1d6b10,3561dcf03008767ffe1e7ba2befdbcd5fbe9efdd776456f976d719c5ee14306b
modified,train,genuine,101,101_5,101_6,113,83,59,64,9,196.62,3162e355ae5f457155d2e19c47574669e2ef47f47ca658bbefaf3738677bda36,64082b6470c40b1b3f38b487440ee5bd6986ee897b3184c1b79bf5738ae0cfea
modified,train,genuine,101,101_5,101_7,113,68,59,64,14,195.36,3162e355ae5f457155d2e19c47574669e2ef47f47ca658bbefaf3738677bda36,8d86864ad3f8e14b6110f4f1c14aac29c8215391a446c4b1609d15054ceb3f05
modified,train,genuine,101,101_5,101_8,113,81,59,58,11,191.12,3162e355ae5f457155d2e19c47574669e2ef47f47ca658bbefaf3738677bda36,3561dcf03008767ffe1e7ba2befdbcd5fbe9efdd776456f976d719c5ee14306b
modified,train,genuine,101,101_6,101_7,83,68,64,64,17,209,64082b6470c40b1b3f38b487440ee5bd6986ee897b3184c1b79bf5738ae0cfea,8d86864ad3f8e14b6110f4f1c14aac29c8215391a446c4b1609d15054ceb3f05
modified,train,genuine,101,101_6,101_8,83,81,64,58,15,214.94,64082b6470c40b1b3f38b487440ee5bd6986ee897b3184c1b79bf5738ae0cfea,3561dcf03008767ffe1e7ba2befdbcd5fbe9efdd776456f976d719c5ee14306b
modified,train,genuine,101,101_7,101_8,68,81,64,58,32,219.91,8d86864ad3f8e14b6110f4f1c14aac29c8215391a446c4b1609d15054ceb3f05,3561dcf03008767ffe1e7ba2befdbcd5fbe9efdd776456f976d719c5ee14306b
modified,train,genuine,102,102_1,102_2,109,92,77,75,235,209.23,5fba67c6d49702a2ae36388410f528d1050be8f924ce9022f8748ef170386d07,93f2ea0b38206dc8bd31ccd78cc6895ec124ab41076cfdb05c8f27d65b0da861
modified,train,genuine,102,102_1,102_3,109,86,77,75,188,201.75,5fba67c6d49702a2ae36388410f528d1050be8f924ce9022f8748ef170386d07,f81ff06a65b93687a02cb1c34774b572f64459cc1736b85ca6156db84e2a0382
modified,train,genuine,102,102_1,102_4,109,83,77,75,176,222.5,5fba67c6d49702a2ae36388410f528d1050be8f924ce9022f8748ef170386d07,dc50fa608412e030455688dcd15e62a589bfb90a3f9de58b393f4a2dc6d13c23
modified,train,genuine,102,102_1,102_5,109,111,77,70,212,197.77,5fba67c6d49702a2ae36388410f528d1050be8f924ce9022f8748ef170386d07,aa51f5847c134d39f01be1c52ae899d6088fbdfec6015885fb56467185de10f4
modified,train,genuine,102,102_1,102_6,109,85,77,73,78,224.83,5fba67c6d49702a2ae36388410f528d1050be8f924ce9022f8748ef170386d07,09d21914ee265445826f0a28be1052145d159febb36f94592ea61dafc2852319
modified,train,genuine,102,102_1,102_7,109,97,77,75,274,229.42,5fba67c6d49702a2ae36388410f528d1050be8f924ce9022f8748ef170386d07,6ce8ba02e15625552ac0dd0adf1f520144fa09bcd5415de640b96fed03676f88
modified,train,genuine,102,102_1,102_8,109,91,77,73,186,222.31,5fba67c6d49702a2ae36388410f528d1050be8f924ce9022f8748ef170386d07,59fd2a8418c902c704588c33b1e1c10da37a21978f9b379707af54822881a061
modified,train,genuine,102,102_2,102_3,92,86,75,75,189,225.09,93f2ea0b38206dc8bd31ccd78cc6895ec124ab41076cfdb05c8f27d65b0da861,f81ff06a65b93687a02cb1c34774b572f64459cc1736b85ca6156db84e2a0382
modified,train,genuine,102,102_2,102_4,92,83,75,75,181,212.57,93f2ea0b38206dc8bd31ccd78cc6895ec124ab41076cfdb05c8f27d65b0da861,dc50fa608412e030455688dcd15e62a589bfb90a3f9de58b393f4a2dc6d13c23
modified,train,genuine,102,102_2,102_5,92,111,75,70,220,198.91,93f2ea0b38206dc8bd31ccd78cc6895ec124ab41076cfdb05c8f27d65b0da861,aa51f5847c134d39f01be1c52ae899d6088fbdfec6015885fb56467185de10f4
modified,train,genuine,102,102_2,102_6,92,85,75,73,54,335.41,93f2ea0b38206dc8bd31ccd78cc6895ec124ab41076cfdb05c8f27d65b0da861,09d21914ee265445826f0a28be1052145d159febb36f94592ea61dafc2852319
modified,train,genuine,102,102_2,102_7,92,97,75,75,218,199.39,93f2ea0b38206dc8bd31ccd78cc6895ec124ab41076cfdb05c8f27d65b0da861,6ce8ba02e15625552ac0dd0adf1f520144fa09bcd5415de640b96fed03676f88
modified,train,genuine,102,102_2,102_8,92,91,75,73,184,196.64,93f2ea0b38206dc8bd31ccd78cc6895ec124ab41076cfdb05c8f27d65b0da861,59fd2a8418c902c704588c33b1e1c10da37a21978f9b379707af54822881a061
modified,train,genuine,102,102_3,102_4,86,83,75,75,240,199.5,f81ff06a65b93687a02cb1c34774b572f64459cc1736b85ca6156db84e2a0382,dc50fa608412e030455688dcd15e62a589bfb90a3f9de58b393f4a2dc6d13c23
modified,train,genuine,102,102_3,102_5,86,111,75,70,145,216.62,f81ff06a65b93687a02cb1c34774b572f64459cc1736b85ca6156db84e2a0382,aa51f5847c134d39f01be1c52ae899d6088fbdfec6015885fb56467185de10f4
modified,train,genuine,102,102_3,102_6,86,85,75,73,85,211.81,f81ff06a65b93687a02cb1c34774b572f64459cc1736b85ca6156db84e2a0382,09d21914ee265445826f0a28be1052145d159febb36f94592ea61dafc2852319
modified,train,genuine,102,102_3,102_7,86,97,75,75,186,213.4,f81ff06a65b93687a02cb1c34774b572f64459cc1736b85ca6156db84e2a0382,6ce8ba02e15625552ac0dd0adf1f520144fa09bcd5415de640b96fed03676f88
modified,train,genuine,102,102_3,102_8,86,91,75,73,182,223.76,f81ff06a65b93687a02cb1c34774b572f64459cc1736b85ca6156db84e2a0382,59fd2a8418c902c704588c33b1e1c10da37a21978f9b379707af54822881a061
modified,train,genuine,102,102_4,102_5,83,111,75,70,166,226.92,dc50fa608412e030455688dcd15e62a589bfb90a3f9de58b393f4a2dc6d13c23,aa51f5847c134d39f01be1c52ae899d6088fbdfec6015885fb56467185de10f4
modified,train,genuine,102,102_4,102_6,83,85,75,73,53,191.05,dc50fa608412e030455688dcd15e62a589bfb90a3f9de58b393f4a2dc6d13c23,09d21914ee265445826f0a28be1052145d159febb36f94592ea61dafc2852319
modified,train,genuine,102,102_4,102_7,83,97,75,75,151,217.89,dc50fa608412e030455688dcd15e62a589bfb90a3f9de58b393f4a2dc6d13c23,6ce8ba02e15625552ac0dd0adf1f520144fa09bcd5415de640b96fed03676f88
modified,train,genuine,102,102_4,102_8,83,91,75,73,171,202.76,dc50fa608412e030455688dcd15e62a589bfb90a3f9de58b393f4a2dc6d13c23,59fd2a8418c902c704588c33b1e1c10da37a21978f9b379707af54822881a061
modified,train,genuine,102,102_5,102_6,111,85,70,73,45,205.07,aa51f5847c134d39f01be1c52ae899d6088fbdfec6015885fb56467185de10f4,09d21914ee265445826f0a28be1052145d159febb36f94592ea61dafc2852319
modified,train,genuine,102,102_5,102_7,111,97,70,75,235,225.06,aa51f5847c134d39f01be1c52ae899d6088fbdfec6015885fb56467185de10f4,6ce8ba02e15625552ac0dd0adf1f520144fa09bcd5415de640b96fed03676f88
modified,train,genuine,102,102_5,102_8,111,91,70,73,161,209.61,aa51f5847c134d39f01be1c52ae899d6088fbdfec6015885fb56467185de10f4,59fd2a8418c902c704588c33b1e1c10da37a21978f9b379707af54822881a061
modified,train,genuine,102,102_6,102_7,85,97,73,75,42,220.08,09d21914ee265445826f0a28be1052145d159febb36f94592ea61dafc2852319,6ce8ba02e15625552ac0dd0adf1f520144fa09bcd5415de640b96fed03676f88
modified,train,genuine,102,102_6,102_8,85,91,73,73,47,232.39,09d21914ee265445826f0a28be1052145d159febb36f94592ea61dafc2852319,59fd2a8418c902c704588c33b1e1c10da37a21978f9b379707af54822881a061
modified,train,genuine,102,102_7,102_8,97,91,75,73,177,228.09,6ce8ba02e15625552ac0dd0adf1f520144fa09bcd5415de640b96fed03676f88,59fd2a8418c902c704588c33b1e1c10da37a21978f9b379707af54822881a061
modified,train,genuine,103,103_1,103_2,71,87,74,74,93,202.59,5c627c13771140151439336021bfc985c0cd88c22ad8910eaca70789de660cc2,e7846128807a16eccc1b1c7e6625f440f3b150cc38c01681c99fb6848b12e151
modified,train,genuine,103,103_1,103_3,71,75,74,75,211,248.86,5c627c13771140151439336021bfc985c0cd88c22ad8910eaca70789de660cc2,7bf862e8eb1ba41047104e2f4d5d9ee6e2c7e6e02969efec6fdcdec5cdb5c65b
modified,train,genuine,103,103_1,103_4,71,51,74,75,68,221.55,5c627c13771140151439336021bfc985c0cd88c22ad8910eaca70789de660cc2,19de5b079f1d24f0bcf47a817e218d2e265ff4ada1f709aaf1c330316816edaf
modified,train,genuine,103,103_1,103_5,71,83,74,73,69,224.16,5c627c13771140151439336021bfc985c0cd88c22ad8910eaca70789de660cc2,87455c9373eb64e62d38cc349b4d30c027a08acd2b4bf7c1c4d200e22d706b21
modified,train,genuine,103,103_1,103_6,71,84,74,76,134,241.9,5c627c13771140151439336021bfc985c0cd88c22ad8910eaca70789de660cc2,eb87f61cdecea25de8f80fa04fcd3b0a88e7a8f772d3bbf73d51a7d41b3f459f
modified,train,genuine,103,103_1,103_7,71,57,74,75,84,298.61,5c627c13771140151439336021bfc985c0cd88c22ad8910eaca70789de660cc2,a36fb5b62ea144d51a2ab3b6a597d65749ace30c5fc9a34b0618a2b3ab6b82d9
modified,train,genuine,103,103_1,103_8,71,70,74,73,128,269.58,5c627c13771140151439336021bfc985c0cd88c22ad8910eaca70789de660cc2,f247673ad0b9e19f13a396739344c23363aef21827a65131266e23aaf2826a60
modified,train,genuine,103,103_2,103_3,87,75,74,75,189,220.66,e7846128807a16eccc1b1c7e6625f440f3b150cc38c01681c99fb6848b12e151,7bf862e8eb1ba41047104e2f4d5d9ee6e2c7e6e02969efec6fdcdec5cdb5c65b
modified,train,genuine,103,103_2,103_4,87,51,74,75,70,223.46,e7846128807a16eccc1b1c7e6625f440f3b150cc38c01681c99fb6848b12e151,19de5b079f1d24f0bcf47a817e218d2e265ff4ada1f709aaf1c330316816edaf
modified,train,genuine,103,103_2,103_5,87,83,74,73,57,212.86,e7846128807a16eccc1b1c7e6625f440f3b150cc38c01681c99fb6848b12e151,87455c9373eb64e62d38cc349b4d30c027a08acd2b4bf7c1c4d200e22d706b21
modified,train,genuine,103,103_2,103_6,87,84,74,76,228,235.54,e7846128807a16eccc1b1c7e6625f440f3b150cc38c01681c99fb6848b12e151,eb87f61cdecea25de8f80fa04fcd3b0a88e7a8f772d3bbf73d51a7d41b3f459f
modified,train,genuine,103,103_2,103_7,87,57,74,75,91,205.98,e7846128807a16eccc1b1c7e6625f440f3b150cc38c01681c99fb6848b12e151,a36fb5b62ea144d51a2ab3b6a597d65749ace30c5fc9a34b0618a2b3ab6b82d9
modified,train,genuine,103,103_2,103_8,87,70,74,73,112,205.68,e7846128807a16eccc1b1c7e6625f440f3b150cc38c01681c99fb6848b12e151,f247673ad0b9e19f13a396739344c23363aef21827a65131266e23aaf2826a60
modified,train,genuine,103,103_3,103_4,75,51,75,75,109,215.17,7bf862e8eb1ba41047104e2f4d5d9ee6e2c7e6e02969efec6fdcdec5cdb5c65b,19de5b079f1d24f0bcf47a817e218d2e265ff4ada1f709aaf1c330316816edaf
modified,train,genuine,103,103_3,103_5,75,83,75,73,127,215.51,7bf862e8eb1ba41047104e2f4d5d9ee6e2c7e6e02969efec6fdcdec5cdb5c65b,87455c9373eb64e62d38cc349b4d30c027a08acd2b4bf7c1c4d200e22d706b21
modified,train,genuine,103,103_3,103_6,75,84,75,76,175,258.08,7bf862e8eb1ba41047104e2f4d5d9ee6e2c7e6e02969efec6fdcdec5cdb5c65b,eb87f61cdecea25de8f80fa04fcd3b0a88e7a8f772d3bbf73d51a7d41b3f459f
modified,train,genuine,103,103_3,103_7,75,57,75,75,144,241.52,7bf862e8eb1ba41047104e2f4d5d9ee6e2c7e6e02969efec6fdcdec5cdb5c65b,a36fb5b62ea144d51a2ab3b6a597d65749ace30c5fc9a34b0618a2b3ab6b82d9
modified,train,genuine,103,103_3,103_8,75,70,75,73,164,219.24,7bf862e8eb1ba41047104e2f4d5d9ee6e2c7e6e02969efec6fdcdec5cdb5c65b,f247673ad0b9e19f13a396739344c23363aef21827a65131266e23aaf2826a60
modified,train,genuine,103,103_4,103_5,51,83,75,73,133,218.24,19de5b079f1d24f0bcf47a817e218d2e265ff4ada1f709aaf1c330316816edaf,87455c9373eb64e62d38cc349b4d30c027a08acd2b4bf7c1c4d200e22d706b21
modified,train,genuine,103,103_4,103_6,51,84,75,76,77,211.43,19de5b079f1d24f0bcf47a817e218d2e265ff4ada1f709aaf1c330316816edaf,eb87f61cdecea25de8f80fa04fcd3b0a88e7a8f772d3bbf73d51a7d41b3f459f
modified,train,genuine,103,103_4,103_7,51,57,75,75,114,208.37,19de5b079f1d24f0bcf47a817e218d2e265ff4ada1f709aaf1c330316816edaf,a36fb5b62ea144d51a2ab3b6a597d65749ace30c5fc9a34b0618a2b3ab6b82d9
modified,train,genuine,103,103_4,103_8,51,70,75,73,90,208.09,19de5b079f1d24f0bcf47a817e218d2e265ff4ada1f709aaf1c330316816edaf,f247673ad0b9e19f13a396739344c23363aef21827a65131266e23aaf2826a60
modified,train,genuine,103,103_5,103_6,83,84,73,76,99,231.52,87455c9373eb64e62d38cc349b4d30c027a08acd2b4bf7c1c4d200e22d706b21,eb87f61cdecea25de8f80fa04fcd3b0a88e7a8f772d3bbf73d51a7d41b3f459f
modified,train,genuine,103,103_5,103_7,83,57,73,75,101,195.41,87455c9373eb64e62d38cc349b4d30c027a08acd2b4bf7c1c4d200e22d706b21,a36fb5b62ea144d51a2ab3b6a597d65749ace30c5fc9a34b0618a2b3ab6b82d9
modified,train,genuine,103,103_5,103_8,83,70,73,73,62,209.97,87455c9373eb64e62d38cc349b4d30c027a08acd2b4bf7c1c4d200e22d706b21,f247673ad0b9e19f13a396739344c23363aef21827a65131266e23aaf2826a60
modified,train,genuine,103,103_6,103_7,84,57,76,75,133,211.52,eb87f61cdecea25de8f80fa04fcd3b0a88e7a8f772d3bbf73d51a7d41b3f459f,a36fb5b62ea144d51a2ab3b6a597d65749ace30c5fc9a34b0618a2b3ab6b82d9
modified,train,genuine,103,103_6,103_8,84,70,76,73,150,197.82,eb87f61cdecea25de8f80fa04fcd3b0a88e7a8f772d3bbf73d51a7d41b3f459f,f247673ad0b9e19f13a396739344c23363aef21827a65131266e23aaf2826a60
modified,train,genuine,103,103_7,103_8,57,70,75,73,144,193.33,a36fb5b62ea144d51a2ab3b6a597d65749ace30c5fc9a34b0618a2b3ab6b82d9,f247673ad0b9e19f13a396739344c23363aef21827a65131266e23aaf2826a60
modified,train,genuine,104,104_1,104_2,74,59,65,57,32,303.64,42c43d155053e05f78f8cfdce43e6853f9e37bb00788100bec2b26b75ec754f0,60f353c63afe8cbfef463b8ad5c2261e171d84cdff4dca94c8f4c24278f6d73f
modified,train,genuine,104,104_1,104_3,74,61,65,58,17,279.94,42c43d155053e05f78f8cfdce43e6853f9e37bb00788100bec2b26b75ec754f0,9c09800ea79c6457c19d7e990a49f7dd8000d80a1eeafa6c7630deb3b69f3151
modified,train,genuine,104,104_1,104_4,74,65,65,63,32,201.69,42c43d155053e05f78f8cfdce43e6853f9e37bb00788100bec2b26b75ec754f0,1a70f8a9e44845bf217acf3583c6b476bbe94106d8322cdf8e578c7d6d3e731e
modified,train,genuine,104,104_1,104_5,74,49,65,53,31,214.34,42c43d155053e05f78f8cfdce43e6853f9e37bb00788100bec2b26b75ec754f0,136f9d0974710fed18b428da32946929b8a8668d291a927fbb374d7d6e237be1
modified,train,genuine,104,104_1,104_6,74,74,65,62,54,202.95,42c43d155053e05f78f8cfdce43e6853f9e37bb00788100bec2b26b75ec754f0,b768b779036044ffb2d2f585a30fa8058a3e2961f290e2d13ec766a02fee8785
modified,train,genuine,104,104_1,104_7,74,61,65,56,34,215.73,42c43d155053e05f78f8cfdce43e6853f9e37bb00788100bec2b26b75ec754f0,7e6bf37e9c8c92ed3cf9bf92943c7ae82c94c5b38f44ab53093f37de252695b0
modified,train,genuine,104,104_1,104_8,74,60,65,58,25,213.66,42c43d155053e05f78f8cfdce43e6853f9e37bb00788100bec2b26b75ec754f0,5103953b3ebf1738429bf415f36e25014b96d7760243ab167313bc5f7cc991fd
modified,train,genuine,104,104_2,104_3,59,61,57,58,20,224.54,60f353c63afe8cbfef463b8ad5c2261e171d84cdff4dca94c8f4c24278f6d73f,9c09800ea79c6457c19d7e990a49f7dd8000d80a1eeafa6c7630deb3b69f3151
modified,train,genuine,104,104_2,104_4,59,65,57,63,29,190.12,60f353c63afe8cbfef463b8ad5c2261e171d84cdff4dca94c8f4c24278f6d73f,1a70f8a9e44845bf217acf3583c6b476bbe94106d8322cdf8e578c7d6d3e731e
modified,train,genuine,104,104_2,104_5,59,49,57,53,21,198,60f353c63afe8cbfef463b8ad5c2261e171d84cdff4dca94c8f4c24278f6d73f,136f9d0974710fed18b428da32946929b8a8668d291a927fbb374d7d6e237be1
modified,train,genuine,104,104_2,104_6,59,74,57,62,37,194.04,60f353c63afe8cbfef463b8ad5c2261e171d84cdff4dca94c8f4c24278f6d73f,b768b779036044ffb2d2f585a30fa8058a3e2961f290e2d13ec766a02fee8785
modified,train,genuine,104,104_2,104_7,59,61,57,56,37,201.57,60f353c63afe8cbfef463b8ad5c2261e171d84cdff4dca94c8f4c24278f6d73f,7e6bf37e9c8c92ed3cf9bf92943c7ae82c94c5b38f44ab53093f37de252695b0
modified,train,genuine,104,104_2,104_8,59,60,57,58,25,231.64,60f353c63afe8cbfef463b8ad5c2261e171d84cdff4dca94c8f4c24278f6d73f,5103953b3ebf1738429bf415f36e25014b96d7760243ab167313bc5f7cc991fd
modified,train,genuine,104,104_3,104_4,61,65,58,63,20,203.09,9c09800ea79c6457c19d7e990a49f7dd8000d80a1eeafa6c7630deb3b69f3151,1a70f8a9e44845bf217acf3583c6b476bbe94106d8322cdf8e578c7d6d3e731e
modified,train,genuine,104,104_3,104_5,61,49,58,53,29,195.92,9c09800ea79c6457c19d7e990a49f7dd8000d80a1eeafa6c7630deb3b69f3151,136f9d0974710fed18b428da32946929b8a8668d291a927fbb374d7d6e237be1
modified,train,genuine,104,104_3,104_6,61,74,58,62,35,209.15,9c09800ea79c6457c19d7e990a49f7dd8000d80a1eeafa6c7630deb3b69f3151,b768b779036044ffb2d2f585a30fa8058a3e2961f290e2d13ec766a02fee8785
modified,train,genuine,104,104_3,104_7,61,61,58,56,21,197.14,9c09800ea79c6457c19d7e990a49f7dd8000d80a1eeafa6c7630deb3b69f3151,7e6bf37e9c8c92ed3cf9bf92943c7ae82c94c5b38f44ab53093f37de252695b0
modified,train,genuine,104,104_3,104_8,61,60,58,58,17,220.23,9c09800ea79c6457c19d7e990a49f7dd8000d80a1eeafa6c7630deb3b69f3151,5103953b3ebf1738429bf415f36e25014b96d7760243ab167313bc5f7cc991fd
modified,train,genuine,104,104_4,104_5,65,49,63,53,18,203.49,1a70f8a9e44845bf217acf3583c6b476bbe94106d8322cdf8e578c7d6d3e731e,136f9d0974710fed18b428da32946929b8a8668d291a927fbb374d7d6e237be1
modified,train,genuine,104,104_4,104_6,65,74,63,62,40,203.42,1a70f8a9e44845bf217acf3583c6b476bbe94106d8322cdf8e578c7d6d3e731e,b768b779036044ffb2d2f585a30fa8058a3e2961f290e2d13ec766a02fee8785
modified,train,genuine,104,104_4,104_7,65,61,63,56,23,214.24,1a70f8a9e44845bf217acf3583c6b476bbe94106d8322cdf8e578c7d6d3e731e,7e6bf37e9c8c92ed3cf9bf92943c7ae82c94c5b38f44ab53093f37de252695b0
modified,train,genuine,104,104_4,104_8,65,60,63,58,30,204.26,1a70f8a9e44845bf217acf3583c6b476bbe94106d8322cdf8e578c7d6d3e731e,5103953b3ebf1738429bf415f36e25014b96d7760243ab167313bc5f7cc991fd
modified,train,genuine,104,104_5,104_6,49,74,53,62,32,213.56,136f9d0974710fed18b428da32946929b8a8668d291a927fbb374d7d6e237be1,b768b779036044ffb2d2f585a30fa8058a3e2961f290e2d13ec766a02fee8785
modified,train,genuine,104,104_5,104_7,49,61,53,56,23,197.93,136f9d0974710fed18b428da32946929b8a8668d291a927fbb374d7d6e237be1,7e6bf37e9c8c92ed3cf9bf92943c7ae82c94c5b38f44ab53093f37de252695b0
modified,train,genuine,104,104_5,104_8,49,60,53,58,29,205.91,136f9d0974710fed18b428da32946929b8a8668d291a927fbb374d7d6e237be1,5103953b3ebf1738429bf415f36e25014b96d7760243ab167313bc5f7cc991fd
modified,train,genuine,104,104_6,104_7,74,61,62,56,32,328.15,b768b779036044ffb2d2f585a30fa8058a3e2961f290e2d13ec766a02fee8785,7e6bf37e9c8c92ed3cf9bf92943c7ae82c94c5b38f44ab53093f37de252695b0
modified,train,genuine,104,104_6,104_8,74,60,62,58,32,192.04,b768b779036044ffb2d2f585a30fa8058a3e2961f290e2d13ec766a02fee8785,5103953b3ebf1738429bf415f36e25014b96d7760243ab167313bc5f7cc991fd
modified,train,genuine,104,104_7,104_8,61,60,56,58,19,206.7,7e6bf37e9c8c92ed3cf9bf92943c7ae82c94c5b38f44ab53093f37de252695b0,5103953b3ebf1738429bf415f36e25014b96d7760243ab167313bc5f7cc991fd
modified,train,genuine,105,105_1,105_2,72,73,73,72,116,231.7,e132a5abfaf1dc75ccaccee91c85d1e59529b230b9ad8e64db841d5daabae415,cf948549d11300098cbb8d65832e9510322974e75371f592561287637fd4f162
modified,train,genuine,105,105_1,105_3,72,59,73,68,44,208.57,e132a5abfaf1dc75ccaccee91c85d1e59529b230b9ad8e64db841d5daabae415,03bded64f4b57405dc6dc6cc1b6e677693a2619d68493fff3a38e09431b0ab41
modified,train,genuine,105,105_1,105_4,72,77,73,69,55,208.77,e132a5abfaf1dc75ccaccee91c85d1e59529b230b9ad8e64db841d5daabae415,77df61781424a7f3ab4ad50478833e2be58b946a1de97819d8f4a578e3a9f88c
modified,train,genuine,105,105_1,105_5,72,78,73,67,38,195.23,e132a5abfaf1dc75ccaccee91c85d1e59529b230b9ad8e64db841d5daabae415,c3c9428ab86246dcae062f39360e3ee0691fd46442653e3ff03258670dad8e7b
modified,train,genuine,105,105_1,105_6,72,88,73,67,69,207.96,e132a5abfaf1dc75ccaccee91c85d1e59529b230b9ad8e64db841d5daabae415,e974a58cedd6e8de3f0fba6b0a78f6bdeb37a7ebd3f77f249ad9b3bbfd26fc34
modified,train,genuine,105,105_1,105_7,72,66,73,66,40,201.6,e132a5abfaf1dc75ccaccee91c85d1e59529b230b9ad8e64db841d5daabae415,9da1010506f2b16a444fa4016247f59c50ee6431dca1d0ebc8b7a22193d27a88
modified,train,genuine,105,105_1,105_8,72,69,73,69,63,221.22,e132a5abfaf1dc75ccaccee91c85d1e59529b230b9ad8e64db841d5daabae415,6fa513a58c2f22bc43624ada1c993377ee0b9885774405bab01db0e7a4758a34
modified,train,genuine,105,105_2,105_3,73,59,72,68,48,186.77,cf948549d11300098cbb8d65832e9510322974e75371f592561287637fd4f162,03bded64f4b57405dc6dc6cc1b6e677693a2619d68493fff3a38e09431b0ab41
modified,train,genuine,105,105_2,105_4,73,77,72,69,49,199.82,cf948549d11300098cbb8d65832e9510322974e75371f592561287637fd4f162,77df61781424a7f3ab4ad50478833e2be58b946a1de97819d8f4a578e3a9f88c
modified,train,genuine,105,105_2,105_5,73,78,72,67,75,199.59,cf948549d11300098cbb8d65832e9510322974e75371f592561287637fd4f162,c3c9428ab86246dcae062f39360e3ee0691fd46442653e3ff03258670dad8e7b
modified,train,genuine,105,105_2,105_6,73,88,72,67,61,209.23,cf948549d11300098cbb8d65832e9510322974e75371f592561287637fd4f162,e974a58cedd6e8de3f0fba6b0a78f6bdeb37a7ebd3f77f249ad9b3bbfd26fc34
modified,train,genuine,105,105_2,105_7,73,66,72,66,62,198.72,cf948549d11300098cbb8d65832e9510322974e75371f592561287637fd4f162,9da1010506f2b16a444fa4016247f59c50ee6431dca1d0ebc8b7a22193d27a88
modified,train,genuine,105,105_2,105_8,73,69,72,69,101,206.68,cf948549d11300098cbb8d65832e9510322974e75371f592561287637fd4f162,6fa513a58c2f22bc43624ada1c993377ee0b9885774405bab01db0e7a4758a34
modified,train,genuine,105,105_3,105_4,59,77,68,69,68,218.99,03bded64f4b57405dc6dc6cc1b6e677693a2619d68493fff3a38e09431b0ab41,77df61781424a7f3ab4ad50478833e2be58b946a1de97819d8f4a578e3a9f88c
modified,train,genuine,105,105_3,105_5,59,78,68,67,95,211.38,03bded64f4b57405dc6dc6cc1b6e677693a2619d68493fff3a38e09431b0ab41,c3c9428ab86246dcae062f39360e3ee0691fd46442653e3ff03258670dad8e7b
modified,train,genuine,105,105_3,105_6,59,88,68,67,54,222.37,03bded64f4b57405dc6dc6cc1b6e677693a2619d68493fff3a38e09431b0ab41,e974a58cedd6e8de3f0fba6b0a78f6bdeb37a7ebd3f77f249ad9b3bbfd26fc34
modified,train,genuine,105,105_3,105_7,59,66,68,66,123,235.67,03bded64f4b57405dc6dc6cc1b6e677693a2619d68493fff3a38e09431b0ab41,9da1010506f2b16a444fa4016247f59c50ee6431dca1d0ebc8b7a22193d27a88
modified,train,genuine,105,105_3,105_8,59,69,68,69,63,212.57,03bded64f4b57405dc6dc6cc1b6e677693a2619d68493fff3a38e09431b0ab41,6fa513a58c2f22bc43624ada1c993377ee0b9885774405bab01db0e7a4758a34
modified,train,genuine,105,105_4,105_5,77,78,69,67,60,210.47,77df61781424a7f3ab4ad50478833e2be58b946a1de97819d8f4a578e3a9f88c,c3c9428ab86246dcae062f39360e3ee0691fd46442653e3ff03258670dad8e7b
modified,train,genuine,105,105_4,105_6,77,88,69,67,59,199.75,77df61781424a7f3ab4ad50478833e2be58b946a1de97819d8f4a578e3a9f88c,e974a58cedd6e8de3f0fba6b0a78f6bdeb37a7ebd3f77f249ad9b3bbfd26fc34
modified,train,genuine,105,105_4,105_7,77,66,69,66,104,225.26,77df61781424a7f3ab4ad50478833e2be58b946a1de97819d8f4a578e3a9f88c,9da1010506f2b16a444fa4016247f59c50ee6431dca1d0ebc8b7a22193d27a88
modified,train,genuine,105,105_4,105_8,77,69,69,69,65,317.41,77df61781424a7f3ab4ad50478833e2be58b946a1de97819d8f4a578e3a9f88c,6fa513a58c2f22bc43624ada1c993377ee0b9885774405bab01db0e7a4758a34
modified,train,genuine,105,105_5,105_6,78,88,67,67,79,209.76,c3c9428ab86246dcae062f39360e3ee0691fd46442653e3ff03258670dad8e7b,e974a58cedd6e8de3f0fba6b0a78f6bdeb37a7ebd3f77f249ad9b3bbfd26fc34
modified,train,genuine,105,105_5,105_7,78,66,67,66,75,215.29,c3c9428ab86246dcae062f39360e3ee0691fd46442653e3ff03258670dad8e7b,9da1010506f2b16a444fa4016247f59c50ee6431dca1d0ebc8b7a22193d27a88
modified,train,genuine,105,105_5,105_8,78,69,67,69,79,222.24,c3c9428ab86246dcae062f39360e3ee0691fd46442653e3ff03258670dad8e7b,6fa513a58c2f22bc43624ada1c993377ee0b9885774405bab01db0e7a4758a34
modified,train,genuine,105,105_6,105_7,88,66,67,66,48,207.12,e974a58cedd6e8de3f0fba6b0a78f6bdeb37a7ebd3f77f249ad9b3bbfd26fc34,9da1010506f2b16a444fa4016247f59c50ee6431dca1d0ebc8b7a22193d27a88
modified,train,genuine,105,105_6,105_8,88,69,67,69,49,214.06,e974a58cedd6e8de3f0fba6b0a78f6bdeb37a7ebd3f77f249ad9b3bbfd26fc34,6fa513a58c2f22bc43624ada1c993377ee0b9885774405bab01db0e7a4758a34
modified,train,genuine,105,105_7,105_8,66,69,66,69,81,217.31,9da1010506f2b16a444fa4016247f59c50ee6431dca1d0ebc8b7a22193d27a88,6fa513a58c2f22bc43624ada1c993377ee0b9885774405bab01db0e7a4758a34
modified,validation,genuine,106,106_1,106_2,53,67,60,62,32,232.39,67a3a1e8e437a73957a804f2aad2e74164ad7de43ee3a7fc165603dcc20eeb84,3b63c783449eb7b0c322a512c6a59a84cdd3bb7d8f4a2e23730c0234fc224a4f
modified,validation,genuine,106,106_1,106_3,53,67,60,62,33,231.17,67a3a1e8e437a73957a804f2aad2e74164ad7de43ee3a7fc165603dcc20eeb84,8fc7177f4cb3a2ef84afd7fbbfbabe6a0ac83e8a82241cab8d82e1ba1c0f6ffc
modified,validation,genuine,106,106_1,106_4,53,68,60,64,20,239.4,67a3a1e8e437a73957a804f2aad2e74164ad7de43ee3a7fc165603dcc20eeb84,90cf9465a27ea0042127c2641653705d2f7dca700d8fa5fa48965360035ab242
modified,validation,genuine,106,106_1,106_5,53,71,60,53,7,235.14,67a3a1e8e437a73957a804f2aad2e74164ad7de43ee3a7fc165603dcc20eeb84,e8666b40d0bd096b1137a464e09e27bace2f12933fdf90f0b65df64d7d2db57f
modified,validation,genuine,106,106_1,106_6,53,68,60,57,17,231.98,67a3a1e8e437a73957a804f2aad2e74164ad7de43ee3a7fc165603dcc20eeb84,7fa4a1e3f55296d40d63bc4b5b1da7e914f9af54cd8205cf3021d50de7272910
modified,validation,genuine,106,106_1,106_7,53,72,60,61,30,234.82,67a3a1e8e437a73957a804f2aad2e74164ad7de43ee3a7fc165603dcc20eeb84,895a718d11ae33c0d32d9ad97af3d3adbef3bcedbc93424f7c60686d8d9ca9b8
modified,validation,genuine,106,106_1,106_8,53,58,60,59,19,234.2,67a3a1e8e437a73957a804f2aad2e74164ad7de43ee3a7fc165603dcc20eeb84,1ac7fe676dfe2865c15516fe9e5436924a2e142b8db7d5d56b657a26ad658eee
modified,validation,genuine,106,106_2,106_3,67,67,62,62,61,221.42,3b63c783449eb7b0c322a512c6a59a84cdd3bb7d8f4a2e23730c0234fc224a4f,8fc7177f4cb3a2ef84afd7fbbfbabe6a0ac83e8a82241cab8d82e1ba1c0f6ffc
modified,validation,genuine,106,106_2,106_4,67,68,62,64,21,221.93,3b63c783449eb7b0c322a512c6a59a84cdd3bb7d8f4a2e23730c0234fc224a4f,90cf9465a27ea0042127c2641653705d2f7dca700d8fa5fa48965360035ab242
modified,validation,genuine,106,106_2,106_5,67,71,62,53,5,224,3b63c783449eb7b0c322a512c6a59a84cdd3bb7d8f4a2e23730c0234fc224a4f,e8666b40d0bd096b1137a464e09e27bace2f12933fdf90f0b65df64d7d2db57f
modified,validation,genuine,106,106_2,106_6,67,68,62,57,25,197.22,3b63c783449eb7b0c322a512c6a59a84cdd3bb7d8f4a2e23730c0234fc224a4f,7fa4a1e3f55296d40d63bc4b5b1da7e914f9af54cd8205cf3021d50de7272910
modified,validation,genuine,106,106_2,106_7,67,72,62,61,28,224.41,3b63c783449eb7b0c322a512c6a59a84cdd3bb7d8f4a2e23730c0234fc224a4f,895a718d11ae33c0d32d9ad97af3d3adbef3bcedbc93424f7c60686d8d9ca9b8
modified,validation,genuine,106,106_2,106_8,67,58,62,59,22,209.37,3b63c783449eb7b0c322a512c6a59a84cdd3bb7d8f4a2e23730c0234fc224a4f,1ac7fe676dfe2865c15516fe9e5436924a2e142b8db7d5d56b657a26ad658eee
modified,validation,genuine,106,106_3,106_4,67,68,62,64,26,199.44,8fc7177f4cb3a2ef84afd7fbbfbabe6a0ac83e8a82241cab8d82e1ba1c0f6ffc,90cf9465a27ea0042127c2641653705d2f7dca700d8fa5fa48965360035ab242
modified,validation,genuine,106,106_3,106_5,67,71,62,53,8,210.03,8fc7177f4cb3a2ef84afd7fbbfbabe6a0ac83e8a82241cab8d82e1ba1c0f6ffc,e8666b40d0bd096b1137a464e09e27bace2f12933fdf90f0b65df64d7d2db57f
modified,validation,genuine,106,106_3,106_6,67,68,62,57,26,217.13,8fc7177f4cb3a2ef84afd7fbbfbabe6a0ac83e8a82241cab8d82e1ba1c0f6ffc,7fa4a1e3f55296d40d63bc4b5b1da7e914f9af54cd8205cf3021d50de7272910
modified,validation,genuine,106,106_3,106_7,67,72,62,61,57,282.78,8fc7177f4cb3a2ef84afd7fbbfbabe6a0ac83e8a82241cab8d82e1ba1c0f6ffc,895a718d11ae33c0d32d9ad97af3d3adbef3bcedbc93424f7c60686d8d9ca9b8
modified,validation,genuine,106,106_3,106_8,67,58,62,59,30,197.8,8fc7177f4cb3a2ef84afd7fbbfbabe6a0ac83e8a82241cab8d82e1ba1c0f6ffc,1ac7fe676dfe2865c15516fe9e5436924a2e142b8db7d5d56b657a26ad658eee
modified,validation,genuine,106,106_4,106_5,68,71,64,53,30,212.74,90cf9465a27ea0042127c2641653705d2f7dca700d8fa5fa48965360035ab242,e8666b40d0bd096b1137a464e09e27bace2f12933fdf90f0b65df64d7d2db57f
modified,validation,genuine,106,106_4,106_6,68,68,64,57,20,192.07,90cf9465a27ea0042127c2641653705d2f7dca700d8fa5fa48965360035ab242,7fa4a1e3f55296d40d63bc4b5b1da7e914f9af54cd8205cf3021d50de7272910
modified,validation,genuine,106,106_4,106_7,68,72,64,61,95,212.09,90cf9465a27ea0042127c2641653705d2f7dca700d8fa5fa48965360035ab242,895a718d11ae33c0d32d9ad97af3d3adbef3bcedbc93424f7c60686d8d9ca9b8
modified,validation,genuine,106,106_4,106_8,68,58,64,59,31,211.78,90cf9465a27ea0042127c2641653705d2f7dca700d8fa5fa48965360035ab242,1ac7fe676dfe2865c15516fe9e5436924a2e142b8db7d5d56b657a26ad658eee
modified,validation,genuine,106,106_5,106_6,71,68,53,57,10,209.14,e8666b40d0bd096b1137a464e09e27bace2f12933fdf90f0b65df64d7d2db57f,7fa4a1e3f55296d40d63bc4b5b1da7e914f9af54cd8205cf3021d50de7272910
modified,validation,genuine,106,106_5,106_7,71,72,53,61,31,203.73,e8666b40d0bd096b1137a464e09e27bace2f12933fdf90f0b65df64d7d2db57f,895a718d11ae33c0d32d9ad97af3d3adbef3bcedbc93424f7c60686d8d9ca9b8
modified,validation,genuine,106,106_5,106_8,71,58,53,59,18,206.44,e8666b40d0bd096b1137a464e09e27bace2f12933fdf90f0b65df64d7d2db57f,1ac7fe676dfe2865c15516fe9e5436924a2e142b8db7d5d56b657a26ad658eee
modified,validation,genuine,106,106_6,106_7,68,72,57,61,45,203.05,7fa4a1e3f55296d40d63bc4b5b1da7e914f9af54cd8205cf3021d50de7272910,895a718d11ae33c0d32d9ad97af3d3adbef3bcedbc93424f7c60686d8d9ca9b8
modified,validation,genuine,106,106_6,106_8,68,58,57,59,21,197.34,7fa4a1e3f55296d40d63bc4b5b1da7e914f9af54cd8205cf3021d50de7272910,1ac7fe676dfe2865c15516fe9e5436924a2e142b8db7d5d56b657a26ad658eee
modified,validation,genuine,106,106_7,106_8,72,58,61,59,31,205.85,895a718d11ae33c0d32d9ad97af3d3adbef3bcedbc93424f7c60686d8d9ca9b8,1ac7fe676dfe2865c15516fe9e5436924a2e142b8db7d5d56b657a26ad658eee
modified,validation,genuine,107,107_1,107_2,59,50,64,65,57,205.4,1801e65cf63d92c68943e0128966cfeb6f92f7ced92db364f43e430c2df09bb9,feb7776b7c68b68a992ffffedf9823e74e0b6a9d8ce0405c6a0c6cae22479c2d
modified,validation,genuine,107,107_1,107_3,59,46,64,63,37,207.82,1801e65cf63d92c68943e0128966cfeb6f92f7ced92db364f43e430c2df09bb9,935a4b1abed30df8c6b5a0e3c05a5e0059b8e327ea79b0f31ca4ff6391effaaf
modified,validation,genuine,107,107_1,107_4,59,39,64,60,45,197.67,1801e65cf63d92c68943e0128966cfeb6f92f7ced92db364f43e430c2df09bb9,dc257787221b5bd8b84a58c7a1eb497adf46a8d464e93e44f4c87f490b4b791e
modified,validation,genuine,107,107_1,107_5,59,57,64,58,37,196.66,1801e65cf63d92c68943e0128966cfeb6f92f7ced92db364f43e430c2df09bb9,bd4f77b545589078584732dcf8f818208c0da6327d92d9dd7ee5b7ac1a28dde1
modified,validation,genuine,107,107_1,107_6,59,43,64,58,23,246.68,1801e65cf63d92c68943e0128966cfeb6f92f7ced92db364f43e430c2df09bb9,b55baf6371e933d468eb4a529e76fa6714edfee0a504cad70ab1483a07a783d6
modified,validation,genuine,107,107_1,107_7,59,49,64,55,42,205.25,1801e65cf63d92c68943e0128966cfeb6f92f7ced92db364f43e430c2df09bb9,9eddaf1e916ee85334e588015d739003c6756a4c3016bea83654ea53cb2370d7
modified,validation,genuine,107,107_1,107_8,59,37,64,57,26,212.13,1801e65cf63d92c68943e0128966cfeb6f92f7ced92db364f43e430c2df09bb9,033f2cfa804c1c9ba0ea7dbdf7cf78cf215cb8646c80ae3ce0edf8e8cb709a7d
modified,validation,genuine,107,107_2,107_3,50,46,65,63,47,197.66,feb7776b7c68b68a992ffffedf9823e74e0b6a9d8ce0405c6a0c6cae22479c2d,935a4b1abed30df8c6b5a0e3c05a5e0059b8e327ea79b0f31ca4ff6391effaaf
modified,validation,genuine,107,107_2,107_4,50,39,65,60,74,204.49,feb7776b7c68b68a992ffffedf9823e74e0b6a9d8ce0405c6a0c6cae22479c2d,dc257787221b5bd8b84a58c7a1eb497adf46a8d464e93e44f4c87f490b4b791e
modified,validation,genuine,107,107_2,107_5,50,57,65,58,43,196.47,feb7776b7c68b68a992ffffedf9823e74e0b6a9d8ce0405c6a0c6cae22479c2d,bd4f77b545589078584732dcf8f818208c0da6327d92d9dd7ee5b7ac1a28dde1
modified,validation,genuine,107,107_2,107_6,50,43,65,58,17,212.32,feb7776b7c68b68a992ffffedf9823e74e0b6a9d8ce0405c6a0c6cae22479c2d,b55baf6371e933d468eb4a529e76fa6714edfee0a504cad70ab1483a07a783d6
modified,validation,genuine,107,107_2,107_7,50,49,65,55,64,207.98,feb7776b7c68b68a992ffffedf9823e74e0b6a9d8ce0405c6a0c6cae22479c2d,9eddaf1e916ee85334e588015d739003c6756a4c3016bea83654ea53cb2370d7
modified,validation,genuine,107,107_2,107_8,50,37,65,57,50,195.39,feb7776b7c68b68a992ffffedf9823e74e0b6a9d8ce0405c6a0c6cae22479c2d,033f2cfa804c1c9ba0ea7dbdf7cf78cf215cb8646c80ae3ce0edf8e8cb709a7d
modified,validation,genuine,107,107_3,107_4,46,39,63,60,56,341.52,935a4b1abed30df8c6b5a0e3c05a5e0059b8e327ea79b0f31ca4ff6391effaaf,dc257787221b5bd8b84a58c7a1eb497adf46a8d464e93e44f4c87f490b4b791e
modified,validation,genuine,107,107_3,107_5,46,57,63,58,42,210.84,935a4b1abed30df8c6b5a0e3c05a5e0059b8e327ea79b0f31ca4ff6391effaaf,bd4f77b545589078584732dcf8f818208c0da6327d92d9dd7ee5b7ac1a28dde1
modified,validation,genuine,107,107_3,107_6,46,43,63,58,12,200.31,935a4b1abed30df8c6b5a0e3c05a5e0059b8e327ea79b0f31ca4ff6391effaaf,b55baf6371e933d468eb4a529e76fa6714edfee0a504cad70ab1483a07a783d6
modified,validation,genuine,107,107_3,107_7,46,49,63,55,42,191.57,935a4b1abed30df8c6b5a0e3c05a5e0059b8e327ea79b0f31ca4ff6391effaaf,9eddaf1e916ee85334e588015d739003c6756a4c3016bea83654ea53cb2370d7
modified,validation,genuine,107,107_3,107_8,46,37,63,57,34,190.25,935a4b1abed30df8c6b5a0e3c05a5e0059b8e327ea79b0f31ca4ff6391effaaf,033f2cfa804c1c9ba0ea7dbdf7cf78cf215cb8646c80ae3ce0edf8e8cb709a7d
modified,validation,genuine,107,107_4,107_5,39,57,60,58,37,195.52,dc257787221b5bd8b84a58c7a1eb497adf46a8d464e93e44f4c87f490b4b791e,bd4f77b545589078584732dcf8f818208c0da6327d92d9dd7ee5b7ac1a28dde1
modified,validation,genuine,107,107_4,107_6,39,43,60,58,4,200.16,dc257787221b5bd8b84a58c7a1eb497adf46a8d464e93e44f4c87f490b4b791e,b55baf6371e933d468eb4a529e76fa6714edfee0a504cad70ab1483a07a783d6
modified,validation,genuine,107,107_4,107_7,39,49,60,55,34,212.49,dc257787221b5bd8b84a58c7a1eb497adf46a8d464e93e44f4c87f490b4b791e,9eddaf1e916ee85334e588015d739003c6756a4c3016bea83654ea53cb2370d7
modified,validation,genuine,107,107_4,107_8,39,37,60,57,34,201.79,dc257787221b5bd8b84a58c7a1eb497adf46a8d464e93e44f4c87f490b4b791e,033f2cfa804c1c9ba0ea7dbdf7cf78cf215cb8646c80ae3ce0edf8e8cb709a7d
modified,validation,genuine,107,107_5,107_6,57,43,58,58,14,235.41,bd4f77b545589078584732dcf8f818208c0da6327d92d9dd7ee5b7ac1a28dde1,b55baf6371e933d468eb4a529e76fa6714edfee0a504cad70ab1483a07a783d6
modified,validation,genuine,107,107_5,107_7,57,49,58,55,43,195.37,bd4f77b545589078584732dcf8f818208c0da6327d92d9dd7ee5b7ac1a28dde1,9eddaf1e916ee85334e588015d739003c6756a4c3016bea83654ea53cb2370d7
modified,validation,genuine,107,107_5,107_8,57,37,58,57,29,195.44,bd4f77b545589078584732dcf8f818208c0da6327d92d9dd7ee5b7ac1a28dde1,033f2cfa804c1c9ba0ea7dbdf7cf78cf215cb8646c80ae3ce0edf8e8cb709a7d
modified,validation,genuine,107,107_6,107_7,43,49,58,55,18,225.84,b55baf6371e933d468eb4a529e76fa6714edfee0a504cad70ab1483a07a783d6,9eddaf1e916ee85334e588015d739003c6756a4c3016bea83654ea53cb2370d7
modified,validation,genuine,107,107_6,107_8,43,37,58,57,20,194.17,b55baf6371e933d468eb4a529e76fa6714edfee0a504cad70ab1483a07a783d6,033f2cfa804c1c9ba0ea7dbdf7cf78cf215cb8646c80ae3ce0edf8e8cb709a7d
modified,validation,genuine,107,107_7,107_8,49,37,55,57,26,199.53,9eddaf1e916ee85334e588015d739003c6756a4c3016bea83654ea53cb2370d7,033f2cfa804c1c9ba0ea7dbdf7cf78cf215cb8646c80ae3ce0edf8e8cb709a7d
modified,validation,genuine,108,108_1,108_2,58,62,68,65,73,236.64,685d9854b81c06e8a4f66f93e3e75fcbc39d829ed03569ac010ed2b555b5e42f,457bca22928c9bfc6ccaeff0e348702ec75653f8422458cf1635aad49824cc62
modified,validation,genuine,108,108_1,108_3,58,56,68,69,36,232.27,685d9854b81c06e8a4f66f93e3e75fcbc39d829ed03569ac010ed2b555b5e42f,51379adb91f0d874fb1ba65196161dd07437145922b3636a2018fb4e831bd032
modified,validation,genuine,108,108_1,108_4,58,62,68,68,31,217.79,685d9854b81c06e8a4f66f93e3e75fcbc39d829ed03569ac010ed2b555b5e42f,5fef4834563d904fb169d0ff2ce46126236943f09f7e629acb0cfaf3e45b900d
modified,validation,genuine,108,108_1,108_5,58,63,68,72,22,215.57,685d9854b81c06e8a4f66f93e3e75fcbc39d829ed03569ac010ed2b555b5e42f,987fcf5810ef387a1a50b94e04666e32c6c005b8a21b3af8f402b2e4c51b50f8
modified,validation,genuine,108,108_1,108_6,58,76,68,70,48,201.39,685d9854b81c06e8a4f66f93e3e75fcbc39d829ed03569ac010ed2b555b5e42f,f34b646c693931e6ee49d11b3fc0b6d69db74012d8a1d1eaa18d3155a6f92d07
modified,validation,genuine,108,108_1,108_7,58,78,68,69,60,217.88,685d9854b81c06e8a4f66f93e3e75fcbc39d829ed03569ac010ed2b555b5e42f,a018cf67a43f1ac795747c667eddf689b976f081630f398496775ace25e1c368
modified,validation,genuine,108,108_1,108_8,58,61,68,72,44,244.75,685d9854b81c06e8a4f66f93e3e75fcbc39d829ed03569ac010ed2b555b5e42f,fa4a30c3b6b74ea65618f899c8755be3e3e5b5fd9dc685b82df654212bc4338d
modified,validation,genuine,108,108_2,108_3,62,56,65,69,68,219.34,457bca22928c9bfc6ccaeff0e348702ec75653f8422458cf1635aad49824cc62,51379adb91f0d874fb1ba65196161dd07437145922b3636a2018fb4e831bd032
modified,validation,genuine,108,108_2,108_4,62,62,65,68,67,209.85,457bca22928c9bfc6ccaeff0e348702ec75653f8422458cf1635aad49824cc62,5fef4834563d904fb169d0ff2ce46126236943f09f7e629acb0cfaf3e45b900d
modified,validation,genuine,108,108_2,108_5,62,63,65,72,75,344.18,457bca22928c9bfc6ccaeff0e348702ec75653f8422458cf1635aad49824cc62,987fcf5810ef387a1a50b94e04666e32c6c005b8a21b3af8f402b2e4c51b50f8
modified,validation,genuine,108,108_2,108_6,62,76,65,70,59,224.08,457bca22928c9bfc6ccaeff0e348702ec75653f8422458cf1635aad49824cc62,f34b646c693931e6ee49d11b3fc0b6d69db74012d8a1d1eaa18d3155a6f92d07
modified,validation,genuine,108,108_2,108_7,62,78,65,69,66,203.64,457bca22928c9bfc6ccaeff0e348702ec75653f8422458cf1635aad49824cc62,a018cf67a43f1ac795747c667eddf689b976f081630f398496775ace25e1c368
modified,validation,genuine,108,108_2,108_8,62,61,65,72,85,216.3,457bca22928c9bfc6ccaeff0e348702ec75653f8422458cf1635aad49824cc62,fa4a30c3b6b74ea65618f899c8755be3e3e5b5fd9dc685b82df654212bc4338d
modified,validation,genuine,108,108_3,108_4,56,62,69,68,116,229.88,51379adb91f0d874fb1ba65196161dd07437145922b3636a2018fb4e831bd032,5fef4834563d904fb169d0ff2ce46126236943f09f7e629acb0cfaf3e45b900d
modified,validation,genuine,108,108_3,108_5,56,63,69,72,95,215.95,51379adb91f0d874fb1ba65196161dd07437145922b3636a2018fb4e831bd032,987fcf5810ef387a1a50b94e04666e32c6c005b8a21b3af8f402b2e4c51b50f8
modified,validation,genuine,108,108_3,108_6,56,76,69,70,64,225.18,51379adb91f0d874fb1ba65196161dd07437145922b3636a2018fb4e831bd032,f34b646c693931e6ee49d11b3fc0b6d69db74012d8a1d1eaa18d3155a6f92d07
modified,validation,genuine,108,108_3,108_7,56,78,69,69,91,227.18,51379adb91f0d874fb1ba65196161dd07437145922b3636a2018fb4e831bd032,a018cf67a43f1ac795747c667eddf689b976f081630f398496775ace25e1c368
modified,validation,genuine,108,108_3,108_8,56,61,69,72,103,215.11,51379adb91f0d874fb1ba65196161dd07437145922b3636a2018fb4e831bd032,fa4a30c3b6b74ea65618f899c8755be3e3e5b5fd9dc685b82df654212bc4338d
modified,validation,genuine,108,108_4,108_5,62,63,68,72,177,213.21,5fef4834563d904fb169d0ff2ce46126236943f09f7e629acb0cfaf3e45b900d,987fcf5810ef387a1a50b94e04666e32c6c005b8a21b3af8f402b2e4c51b50f8
modified,validation,genuine,108,108_4,108_6,62,76,68,70,66,222.24,5fef4834563d904fb169d0ff2ce46126236943f09f7e629acb0cfaf3e45b900d,f34b646c693931e6ee49d11b3fc0b6d69db74012d8a1d1eaa18d3155a6f92d07
modified,validation,genuine,108,108_4,108_7,62,78,68,69,95,207.87,5fef4834563d904fb169d0ff2ce46126236943f09f7e629acb0cfaf3e45b900d,a018cf67a43f1ac795747c667eddf689b976f081630f398496775ace25e1c368
modified,validation,genuine,108,108_4,108_8,62,61,68,72,86,293.27,5fef4834563d904fb169d0ff2ce46126236943f09f7e629acb0cfaf3e45b900d,fa4a30c3b6b74ea65618f899c8755be3e3e5b5fd9dc685b82df654212bc4338d
modified,validation,genuine,108,108_5,108_6,63,76,72,70,74,206.25,987fcf5810ef387a1a50b94e04666e32c6c005b8a21b3af8f402b2e4c51b50f8,f34b646c693931e6ee49d11b3fc0b6d69db74012d8a1d1eaa18d3155a6f92d07
modified,validation,genuine,108,108_5,108_7,63,78,72,69,100,221.7,987fcf5810ef387a1a50b94e04666e32c6c005b8a21b3af8f402b2e4c51b50f8,a018cf67a43f1ac795747c667eddf689b976f081630f398496775ace25e1c368
modified,validation,genuine,108,108_5,108_8,63,61,72,72,70,226.85,987fcf5810ef387a1a50b94e04666e32c6c005b8a21b3af8f402b2e4c51b50f8,fa4a30c3b6b74ea65618f899c8755be3e3e5b5fd9dc685b82df654212bc4338d
modified,validation,genuine,108,108_6,108_7,76,78,70,69,109,194.49,f34b646c693931e6ee49d11b3fc0b6d69db74012d8a1d1eaa18d3155a6f92d07,a018cf67a43f1ac795747c667eddf689b976f081630f398496775ace25e1c368
modified,validation,genuine,108,108_6,108_8,76,61,70,72,92,216.94,f34b646c693931e6ee49d11b3fc0b6d69db74012d8a1d1eaa18d3155a6f92d07,fa4a30c3b6b74ea65618f899c8755be3e3e5b5fd9dc685b82df654212bc4338d
modified,validation,genuine,108,108_7,108_8,78,61,69,72,69,190.74,a018cf67a43f1ac795747c667eddf689b976f081630f398496775ace25e1c368,fa4a30c3b6b74ea65618f899c8755be3e3e5b5fd9dc685b82df654212bc4338d
modified,validation,genuine,109,109_1,109_2,60,40,61,58,13,200.44,439aa29d9dac8b7ca60df8060e8ecc95b5a60d6d0fd90308b62c97c41463b9e7,382dfa6f30e1c672f9cb0743e443b52e7613dc9f26ac9f6baf8068e3a0d6f4c4
modified,validation,genuine,109,109_1,109_3,60,48,61,59,11,215.51,439aa29d9dac8b7ca60df8060e8ecc95b5a60d6d0fd90308b62c97c41463b9e7,3d142d3c41e99b3f34f0baa0405172075ab63d0093f344ed22099b7e6948b531
modified,validation,genuine,109,109_1,109_4,60,31,61,60,30,210.15,439aa29d9dac8b7ca60df8060e8ecc95b5a60d6d0fd90308b62c97c41463b9e7,2dfefee7ed0776414a9b3b92ab3087f22cc5ea8be92527700ac7f68f01a31832
modified,validation,genuine,109,109_1,109_5,60,59,61,61,17,214.06,439aa29d9dac8b7ca60df8060e8ecc95b5a60d6d0fd90308b62c97c41463b9e7,a81ebb7ecd3fc702a189bbe32cde87ce1137c66a6167c180278727ec1c9f5739
modified,validation,genuine,109,109_1,109_6,60,49,61,52,8,328.89,439aa29d9dac8b7ca60df8060e8ecc95b5a60d6d0fd90308b62c97c41463b9e7,8b95877136708919c1b0b045d6c4a6146c5ee121127dff385cdf516fb43ca5f5
modified,validation,genuine,109,109_1,109_7,60,42,61,63,21,205.14,439aa29d9dac8b7ca60df8060e8ecc95b5a60d6d0fd90308b62c97c41463b9e7,c4eb7d80033b898d8e7601d7d74891be6a88149e7a871c301dcd838cf5b752fe
modified,validation,genuine,109,109_1,109_8,60,47,61,59,22,221.91,439aa29d9dac8b7ca60df8060e8ecc95b5a60d6d0fd90308b62c97c41463b9e7,975478e048c221393d086a02ddfb6f006bcf18be450e4215c3a3cbdf3f45741f
modified,validation,genuine,109,109_2,109_3,40,48,58,59,13,218.75,382dfa6f30e1c672f9cb0743e443b52e7613dc9f26ac9f6baf8068e3a0d6f4c4,3d142d3c41e99b3f34f0baa0405172075ab63d0093f344ed22099b7e6948b531
modified,validation,genuine,109,109_2,109_4,40,31,58,60,18,200.82,382dfa6f30e1c672f9cb0743e443b52e7613dc9f26ac9f6baf8068e3a0d6f4c4,2dfefee7ed0776414a9b3b92ab3087f22cc5ea8be92527700ac7f68f01a31832
modified,validation,genuine,109,109_2,109_5,40,59,58,61,15,205.27,382dfa6f30e1c672f9cb0743e443b52e7613dc9f26ac9f6baf8068e3a0d6f4c4,a81ebb7ecd3fc702a189bbe32cde87ce1137c66a6167c180278727ec1c9f5739
modified,validation,genuine,109,109_2,109_6,40,49,58,52,11,210.89,382dfa6f30e1c672f9cb0743e443b52e7613dc9f26ac9f6baf8068e3a0d6f4c4,8b95877136708919c1b0b045d6c4a6146c5ee121127dff385cdf516fb43ca5f5
modified,validation,genuine,109,109_2,109_7,40,42,58,63,17,199.94,382dfa6f30e1c672f9cb0743e443b52e7613dc9f26ac9f6baf8068e3a0d6f4c4,c4eb7d80033b898d8e7601d7d74891be6a88149e7a871c301dcd838cf5b752fe
modified,validation,genuine,109,109_2,109_8,40,47,58,59,4,222.13,382dfa6f30e1c672f9cb0743e443b52e7613dc9f26ac9f6baf8068e3a0d6f4c4,975478e048c221393d086a02ddfb6f006bcf18be450e4215c3a3cbdf3f45741f
modified,validation,genuine,109,109_3,109_4,48,31,59,60,3,196.56,3d142d3c41e99b3f34f0baa0405172075ab63d0093f344ed22099b7e6948b531,2dfefee7ed0776414a9b3b92ab3087f22cc5ea8be92527700ac7f68f01a31832
modified,validation,genuine,109,109_3,109_5,48,59,59,61,15,199.97,3d142d3c41e99b3f34f0baa0405172075ab63d0093f344ed22099b7e6948b531,a81ebb7ecd3fc702a189bbe32cde87ce1137c66a6167c180278727ec1c9f5739
modified,validation,genuine,109,109_3,109_6,48,49,59,52,9,206.05,3d142d3c41e99b3f34f0baa0405172075ab63d0093f344ed22099b7e6948b531,8b95877136708919c1b0b045d6c4a6146c5ee121127dff385cdf516fb43ca5f5
modified,validation,genuine,109,109_3,109_7,48,42,59,63,37,204.58,3d142d3c41e99b3f34f0baa0405172075ab63d0093f344ed22099b7e6948b531,c4eb7d80033b898d8e7601d7d74891be6a88149e7a871c301dcd838cf5b752fe
modified,validation,genuine,109,109_3,109_8,48,47,59,59,10,202.65,3d142d3c41e99b3f34f0baa0405172075ab63d0093f344ed22099b7e6948b531,975478e048c221393d086a02ddfb6f006bcf18be450e4215c3a3cbdf3f45741f
modified,validation,genuine,109,109_4,109_5,31,59,60,61,18,215.63,2dfefee7ed0776414a9b3b92ab3087f22cc5ea8be92527700ac7f68f01a31832,a81ebb7ecd3fc702a189bbe32cde87ce1137c66a6167c180278727ec1c9f5739
modified,validation,genuine,109,109_4,109_6,31,49,60,52,12,196.3,2dfefee7ed0776414a9b3b92ab3087f22cc5ea8be92527700ac7f68f01a31832,8b95877136708919c1b0b045d6c4a6146c5ee121127dff385cdf516fb43ca5f5
modified,validation,genuine,109,109_4,109_7,31,42,60,63,15,199.94,2dfefee7ed0776414a9b3b92ab3087f22cc5ea8be92527700ac7f68f01a31832,c4eb7d80033b898d8e7601d7d74891be6a88149e7a871c301dcd838cf5b752fe
modified,validation,genuine,109,109_4,109_8,31,47,60,59,16,198.99,2dfefee7ed0776414a9b3b92ab3087f22cc5ea8be92527700ac7f68f01a31832,975478e048c221393d086a02ddfb6f006bcf18be450e4215c3a3cbdf3f45741f
modified,validation,genuine,109,109_5,109_6,59,49,61,52,11,193.06,a81ebb7ecd3fc702a189bbe32cde87ce1137c66a6167c180278727ec1c9f5739,8b95877136708919c1b0b045d6c4a6146c5ee121127dff385cdf516fb43ca5f5
modified,validation,genuine,109,109_5,109_7,59,42,61,63,17,194.07,a81ebb7ecd3fc702a189bbe32cde87ce1137c66a6167c180278727ec1c9f5739,c4eb7d80033b898d8e7601d7d74891be6a88149e7a871c301dcd838cf5b752fe
modified,validation,genuine,109,109_5,109_8,59,47,61,59,12,192.26,a81ebb7ecd3fc702a189bbe32cde87ce1137c66a6167c180278727ec1c9f5739,975478e048c221393d086a02ddfb6f006bcf18be450e4215c3a3cbdf3f45741f
modified,validation,genuine,109,109_6,109_7,49,42,52,63,15,201.59,8b95877136708919c1b0b045d6c4a6146c5ee121127dff385cdf516fb43ca5f5,c4eb7d80033b898d8e7601d7d74891be6a88149e7a871c301dcd838cf5b752fe
modified,validation,genuine,109,109_6,109_8,49,47,52,59,5,199.24,8b95877136708919c1b0b045d6c4a6146c5ee121127dff385cdf516fb43ca5f5,975478e048c221393d086a02ddfb6f006bcf18be450e4215c3a3cbdf3f45741f
modified,validation,genuine,109,109_7,109_8,42,47,63,59,13,201.99,c4eb7d80033b898d8e7601d7d74891be6a88149e7a871c301dcd838cf5b752fe,975478e048c221393d086a02ddfb6f006bcf18be450e4215c3a3cbdf3f45741f
modified,validation,genuine,110,110_1,110_2,46,57,58,59,29,203.09,c65b430d70cb6f27e90fac217fbd81446ead8912606b542af06f817b29b1a6d9,2353e4ef894f4752f8c395ba7baba2c53f10da7866d9db14210610ec00a05629
modified,validation,genuine,110,110_1,110_3,46,57,58,63,36,381.43,c65b430d70cb6f27e90fac217fbd81446ead8912606b542af06f817b29b1a6d9,ed2bbe5aa0a8b4f5dcabbd3c6da065be125e8063a990d1bbfc3a9c20e452200e
modified,validation,genuine,110,110_1,110_4,46,42,58,64,8,199.19,c65b430d70cb6f27e90fac217fbd81446ead8912606b542af06f817b29b1a6d9,8d56e9b45d5bb691fe5463838857bdecb6442615a313d0302ba046d80942b3ac
modified,validation,genuine,110,110_1,110_5,46,47,58,63,8,226.08,c65b430d70cb6f27e90fac217fbd81446ead8912606b542af06f817b29b1a6d9,2ba7de40781d0414750fa33a198ee9a19949f5d597741bb8f3a6812839691359
modified,validation,genuine,110,110_1,110_6,46,52,58,66,79,208.14,c65b430d70cb6f27e90fac217fbd81446ead8912606b542af06f817b29b1a6d9,0fecd8857c81758d9492ea84e6e4e97ff3f440839317794eca71814de8470f44
modified,validation,genuine,110,110_1,110_7,46,68,58,59,38,204.73,c65b430d70cb6f27e90fac217fbd81446ead8912606b542af06f817b29b1a6d9,739e4a4cc440746d1f70e00aa3786ce9286a25ceb6367521506bfd316475433c
modified,validation,genuine,110,110_1,110_8,46,60,58,60,46,208.1,c65b430d70cb6f27e90fac217fbd81446ead8912606b542af06f817b29b1a6d9,f04a8d1376d955d320b6b1b7c1f1f4dba8699766905c78e8c74517b57e390521
modified,validation,genuine,110,110_2,110_3,57,57,59,63,34,194.73,2353e4ef894f4752f8c395ba7baba2c53f10da7866d9db14210610ec00a05629,ed2bbe5aa0a8b4f5dcabbd3c6da065be125e8063a990d1bbfc3a9c20e452200e
modified,validation,genuine,110,110_2,110_4,57,42,59,64,12,204.35,2353e4ef894f4752f8c395ba7baba2c53f10da7866d9db14210610ec00a05629,8d56e9b45d5bb691fe5463838857bdecb6442615a313d0302ba046d80942b3ac
modified,validation,genuine,110,110_2,110_5,57,47,59,63,10,190.31,2353e4ef894f4752f8c395ba7baba2c53f10da7866d9db14210610ec00a05629,2ba7de40781d0414750fa33a198ee9a19949f5d597741bb8f3a6812839691359
modified,validation,genuine,110,110_2,110_6,57,52,59,66,30,222.69,2353e4ef894f4752f8c395ba7baba2c53f10da7866d9db14210610ec00a05629,0fecd8857c81758d9492ea84e6e4e97ff3f440839317794eca71814de8470f44
modified,validation,genuine,110,110_2,110_7,57,68,59,59,33,216.68,2353e4ef894f4752f8c395ba7baba2c53f10da7866d9db14210610ec00a05629,739e4a4cc440746d1f70e00aa3786ce9286a25ceb6367521506bfd316475433c
modified,validation,genuine,110,110_2,110_8,57,60,59,60,32,200.3,2353e4ef894f4752f8c395ba7baba2c53f10da7866d9db14210610ec00a05629,f04a8d1376d955d320b6b1b7c1f1f4dba8699766905c78e8c74517b57e390521
modified,validation,genuine,110,110_3,110_4,57,42,63,64,42,200.24,ed2bbe5aa0a8b4f5dcabbd3c6da065be125e8063a990d1bbfc3a9c20e452200e,8d56e9b45d5bb691fe5463838857bdecb6442615a313d0302ba046d80942b3ac
modified,validation,genuine,110,110_3,110_5,57,47,63,63,26,206.86,ed2bbe5aa0a8b4f5dcabbd3c6da065be125e8063a990d1bbfc3a9c20e452200e,2ba7de40781d0414750fa33a198ee9a19949f5d597741bb8f3a6812839691359
modified,validation,genuine,110,110_3,110_6,57,52,63,66,60,227.91,ed2bbe5aa0a8b4f5dcabbd3c6da065be125e8063a990d1bbfc3a9c20e452200e,0fecd8857c81758d9492ea84e6e4e97ff3f440839317794eca71814de8470f44
modified,validation,genuine,110,110_3,110_7,57,68,63,59,24,206.43,ed2bbe5aa0a8b4f5dcabbd3c6da065be125e8063a990d1bbfc3a9c20e452200e,739e4a4cc440746d1f70e00aa3786ce9286a25ceb6367521506bfd316475433c
modified,validation,genuine,110,110_3,110_8,57,60,63,60,35,222.09,ed2bbe5aa0a8b4f5dcabbd3c6da065be125e8063a990d1bbfc3a9c20e452200e,f04a8d1376d955d320b6b1b7c1f1f4dba8699766905c78e8c74517b57e390521
modified,validation,genuine,110,110_4,110_5,42,47,64,63,33,216.37,8d56e9b45d5bb691fe5463838857bdecb6442615a313d0302ba046d80942b3ac,2ba7de40781d0414750fa33a198ee9a19949f5d597741bb8f3a6812839691359
modified,validation,genuine,110,110_4,110_6,42,52,64,66,35,221.43,8d56e9b45d5bb691fe5463838857bdecb6442615a313d0302ba046d80942b3ac,0fecd8857c81758d9492ea84e6e4e97ff3f440839317794eca71814de8470f44
modified,validation,genuine,110,110_4,110_7,42,68,64,59,10,231.16,8d56e9b45d5bb691fe5463838857bdecb6442615a313d0302ba046d80942b3ac,739e4a4cc440746d1f70e00aa3786ce9286a25ceb6367521506bfd316475433c
modified,validation,genuine,110,110_4,110_8,42,60,64,60,13,236.75,8d56e9b45d5bb691fe5463838857bdecb6442615a313d0302ba046d80942b3ac,f04a8d1376d955d320b6b1b7c1f1f4dba8699766905c78e8c74517b57e390521
modified,validation,genuine,110,110_5,110_6,47,52,63,66,29,228.23,2ba7de40781d0414750fa33a198ee9a19949f5d597741bb8f3a6812839691359,0fecd8857c81758d9492ea84e6e4e97ff3f440839317794eca71814de8470f44
modified,validation,genuine,110,110_5,110_7,47,68,63,59,14,214.73,2ba7de40781d0414750fa33a198ee9a19949f5d597741bb8f3a6812839691359,739e4a4cc440746d1f70e00aa3786ce9286a25ceb6367521506bfd316475433c
modified,validation,genuine,110,110_5,110_8,47,60,63,60,15,534.66,2ba7de40781d0414750fa33a198ee9a19949f5d597741bb8f3a6812839691359,f04a8d1376d955d320b6b1b7c1f1f4dba8699766905c78e8c74517b57e390521
modified,validation,genuine,110,110_6,110_7,52,68,66,59,40,213.98,0fecd8857c81758d9492ea84e6e4e97ff3f440839317794eca71814de8470f44,739e4a4cc440746d1f70e00aa3786ce9286a25ceb6367521506bfd316475433c
modified,validation,genuine,110,110_6,110_8,52,60,66,60,38,217.42,0fecd8857c81758d9492ea84e6e4e97ff3f440839317794eca71814de8470f44,f04a8d1376d955d320b6b1b7c1f1f4dba8699766905c78e8c74517b57e390521
modified,validation,genuine,110,110_7,110_8,68,60,59,60,78,235.31,739e4a4cc440746d1f70e00aa3786ce9286a25ceb6367521506bfd316475433c,f04a8d1376d955d320b6b1b7c1f1f4dba8699766905c78e8c74517b57e390521
modified,train,impostor,101,101_1,102_2,99,92,53,75,8,224.91,a13a88f6d6cf5ff0e20cccc25f583e6b3e883153b7746bb61fcc309be59bd041,93f2ea0b38206dc8bd31ccd78cc6895ec124ab41076cfdb05c8f27d65b0da861
modified,train,impostor,101,101_1,102_3,99,86,53,75,8,219.72,a13a88f6d6cf5ff0e20cccc25f583e6b3e883153b7746bb61fcc309be59bd041,f81ff06a65b93687a02cb1c34774b572f64459cc1736b85ca6156db84e2a0382
modified,train,impostor,101,101_1,102_4,99,83,53,75,8,204.36,a13a88f6d6cf5ff0e20cccc25f583e6b3e883153b7746bb61fcc309be59bd041,dc50fa608412e030455688dcd15e62a589bfb90a3f9de58b393f4a2dc6d13c23
modified,train,impostor,101,101_1,102_5,99,111,53,70,8,230.66,a13a88f6d6cf5ff0e20cccc25f583e6b3e883153b7746bb61fcc309be59bd041,aa51f5847c134d39f01be1c52ae899d6088fbdfec6015885fb56467185de10f4
modified,train,impostor,101,101_1,102_6,99,85,53,73,8,209.47,a13a88f6d6cf5ff0e20cccc25f583e6b3e883153b7746bb61fcc309be59bd041,09d21914ee265445826f0a28be1052145d159febb36f94592ea61dafc2852319
modified,train,impostor,101,101_1,102_7,99,97,53,75,9,191.95,a13a88f6d6cf5ff0e20cccc25f583e6b3e883153b7746bb61fcc309be59bd041,6ce8ba02e15625552ac0dd0adf1f520144fa09bcd5415de640b96fed03676f88
modified,train,impostor,101,101_1,102_8,99,91,53,73,8,222.42,a13a88f6d6cf5ff0e20cccc25f583e6b3e883153b7746bb61fcc309be59bd041,59fd2a8418c902c704588c33b1e1c10da37a21978f9b379707af54822881a061
modified,train,impostor,101,101_2,102_3,77,86,69,75,13,198.37,9c17d154297cbc3bf1c3b6a48e88792f225ef2f0c12f1f6d8dcc18fef7503a80,f81ff06a65b93687a02cb1c34774b572f64459cc1736b85ca6156db84e2a0382
modified,train,impostor,101,101_2,102_4,77,83,69,75,12,207.5,9c17d154297cbc3bf1c3b6a48e88792f225ef2f0c12f1f6d8dcc18fef7503a80,dc50fa608412e030455688dcd15e62a589bfb90a3f9de58b393f4a2dc6d13c23
modified,train,impostor,101,101_2,102_5,77,111,69,70,11,218.25,9c17d154297cbc3bf1c3b6a48e88792f225ef2f0c12f1f6d8dcc18fef7503a80,aa51f5847c134d39f01be1c52ae899d6088fbdfec6015885fb56467185de10f4
modified,train,impostor,101,101_2,102_6,77,85,69,73,7,211.04,9c17d154297cbc3bf1c3b6a48e88792f225ef2f0c12f1f6d8dcc18fef7503a80,09d21914ee265445826f0a28be1052145d159febb36f94592ea61dafc2852319
modified,train,impostor,101,101_2,102_7,77,97,69,75,11,212.53,9c17d154297cbc3bf1c3b6a48e88792f225ef2f0c12f1f6d8dcc18fef7503a80,6ce8ba02e15625552ac0dd0adf1f520144fa09bcd5415de640b96fed03676f88
modified,train,impostor,101,101_2,102_8,77,91,69,73,12,217.42,9c17d154297cbc3bf1c3b6a48e88792f225ef2f0c12f1f6d8dcc18fef7503a80,59fd2a8418c902c704588c33b1e1c10da37a21978f9b379707af54822881a061
modified,train,impostor,101,101_3,102_4,67,83,59,75,9,194.77,12df05142ec9f9afac6da9c12b76ab27294891811c6b1e26967f36e7bec2f8b3,dc50fa608412e030455688dcd15e62a589bfb90a3f9de58b393f4a2dc6d13c23
modified,train,impostor,101,101_3,102_5,67,111,59,70,9,199.31,12df05142ec9f9afac6da9c12b76ab27294891811c6b1e26967f36e7bec2f8b3,aa51f5847c134d39f01be1c52ae899d6088fbdfec6015885fb56467185de10f4
modified,train,impostor,101,101_3,102_6,67,85,59,73,14,198.6,12df05142ec9f9afac6da9c12b76ab27294891811c6b1e26967f36e7bec2f8b3,09d21914ee265445826f0a28be1052145d159febb36f94592ea61dafc2852319
modified,train,impostor,101,101_3,102_7,67,97,59,75,9,206.2,12df05142ec9f9afac6da9c12b76ab27294891811c6b1e26967f36e7bec2f8b3,6ce8ba02e15625552ac0dd0adf1f520144fa09bcd5415de640b96fed03676f88
modified,train,impostor,101,101_3,102_8,67,91,59,73,8,203.69,12df05142ec9f9afac6da9c12b76ab27294891811c6b1e26967f36e7bec2f8b3,59fd2a8418c902c704588c33b1e1c10da37a21978f9b379707af54822881a061
modified,train,impostor,101,101_4,102_5,115,111,56,70,12,202.22,791771e41903b1a6954e73fd0638dd69ff984eebaff24b1e3f191cb8ad1d6b10,aa51f5847c134d39f01be1c52ae899d6088fbdfec6015885fb56467185de10f4
modified,train,impostor,101,101_4,102_6,115,85,56,73,7,216.64,791771e41903b1a6954e73fd0638dd69ff984eebaff24b1e3f191cb8ad1d6b10,09d21914ee265445826f0a28be1052145d159febb36f94592ea61dafc2852319
modified,train,impostor,101,101_4,102_7,115,97,56,75,11,359.18,791771e41903b1a6954e73fd0638dd69ff984eebaff24b1e3f191cb8ad1d6b10,6ce8ba02e15625552ac0dd0adf1f520144fa09bcd5415de640b96fed03676f88
modified,train,impostor,101,101_4,102_8,115,91,56,73,11,209.41,791771e41903b1a6954e73fd0638dd69ff984eebaff24b1e3f191cb8ad1d6b10,59fd2a8418c902c704588c33b1e1c10da37a21978f9b379707af54822881a061
modified,train,impostor,101,101_5,102_6,113,85,59,73,10,214.43,3162e355ae5f457155d2e19c47574669e2ef47f47ca658bbefaf3738677bda36,09d21914ee265445826f0a28be1052145d159febb36f94592ea61dafc2852319
modified,train,impostor,101,101_5,102_7,113,97,59,75,9,221.72,3162e355ae5f457155d2e19c47574669e2ef47f47ca658bbefaf3738677bda36,6ce8ba02e15625552ac0dd0adf1f520144fa09bcd5415de640b96fed03676f88
modified,train,impostor,101,101_5,102_8,113,91,59,73,11,214.45,3162e355ae5f457155d2e19c47574669e2ef47f47ca658bbefaf3738677bda36,59fd2a8418c902c704588c33b1e1c10da37a21978f9b379707af54822881a061
modified,train,impostor,101,101_6,102_7,83,97,64,75,8,197.49,64082b6470c40b1b3f38b487440ee5bd6986ee897b3184c1b79bf5738ae0cfea,6ce8ba02e15625552ac0dd0adf1f520144fa09bcd5415de640b96fed03676f88
modified,train,impostor,101,101_6,102_8,83,91,64,73,5,188.02,64082b6470c40b1b3f38b487440ee5bd6986ee897b3184c1b79bf5738ae0cfea,59fd2a8418c902c704588c33b1e1c10da37a21978f9b379707af54822881a061
modified,train,impostor,101,101_7,102_8,68,91,64,73,10,211.82,8d86864ad3f8e14b6110f4f1c14aac29c8215391a446c4b1609d15054ceb3f05,59fd2a8418c902c704588c33b1e1c10da37a21978f9b379707af54822881a061
modified,train,impostor,102,102_1,103_2,109,87,77,74,7,219.26,5fba67c6d49702a2ae36388410f528d1050be8f924ce9022f8748ef170386d07,e7846128807a16eccc1b1c7e6625f440f3b150cc38c01681c99fb6848b12e151
modified,train,impostor,102,102_1,103_3,109,75,77,75,5,217.89,5fba67c6d49702a2ae36388410f528d1050be8f924ce9022f8748ef170386d07,7bf862e8eb1ba41047104e2f4d5d9ee6e2c7e6e02969efec6fdcdec5cdb5c65b
modified,train,impostor,102,102_1,103_4,109,51,77,75,3,238.2,5fba67c6d49702a2ae36388410f528d1050be8f924ce9022f8748ef170386d07,19de5b079f1d24f0bcf47a817e218d2e265ff4ada1f709aaf1c330316816edaf
modified,train,impostor,102,102_1,103_5,109,83,77,73,6,329.96,5fba67c6d49702a2ae36388410f528d1050be8f924ce9022f8748ef170386d07,87455c9373eb64e62d38cc349b4d30c027a08acd2b4bf7c1c4d200e22d706b21
modified,train,impostor,102,102_1,103_6,109,84,77,76,6,201.96,5fba67c6d49702a2ae36388410f528d1050be8f924ce9022f8748ef170386d07,eb87f61cdecea25de8f80fa04fcd3b0a88e7a8f772d3bbf73d51a7d41b3f459f
modified,train,impostor,102,102_1,103_7,109,57,77,75,6,211.36,5fba67c6d49702a2ae36388410f528d1050be8f924ce9022f8748ef170386d07,a36fb5b62ea144d51a2ab3b6a597d65749ace30c5fc9a34b0618a2b3ab6b82d9
modified,train,impostor,102,102_1,103_8,109,70,77,73,6,206.23,5fba67c6d49702a2ae36388410f528d1050be8f924ce9022f8748ef170386d07,f247673ad0b9e19f13a396739344c23363aef21827a65131266e23aaf2826a60
modified,train,impostor,102,102_2,103_3,92,75,75,75,8,210.63,93f2ea0b38206dc8bd31ccd78cc6895ec124ab41076cfdb05c8f27d65b0da861,7bf862e8eb1ba41047104e2f4d5d9ee6e2c7e6e02969efec6fdcdec5cdb5c65b
modified,train,impostor,102,102_2,103_4,92,51,75,75,4,193.15,93f2ea0b38206dc8bd31ccd78cc6895ec124ab41076cfdb05c8f27d65b0da861,19de5b079f1d24f0bcf47a817e218d2e265ff4ada1f709aaf1c330316816edaf
modified,train,impostor,102,102_2,103_5,92,83,75,73,8,202.73,93f2ea0b38206dc8bd31ccd78cc6895ec124ab41076cfdb05c8f27d65b0da861,87455c9373eb64e62d38cc349b4d30c027a08acd2b4bf7c1c4d200e22d706b21
modified,train,impostor,102,102_2,103_6,92,84,75,76,8,213.17,93f2ea0b38206dc8bd31ccd78cc6895ec124ab41076cfdb05c8f27d65b0da861,eb87f61cdecea25de8f80fa04fcd3b0a88e7a8f772d3bbf73d51a7d41b3f459f
modified,train,impostor,102,102_2,103_7,92,57,75,75,8,217.3,93f2ea0b38206dc8bd31ccd78cc6895ec124ab41076cfdb05c8f27d65b0da861,a36fb5b62ea144d51a2ab3b6a597d65749ace30c5fc9a34b0618a2b3ab6b82d9
modified,train,impostor,102,102_2,103_8,92,70,75,73,6,196.6,93f2ea0b38206dc8bd31ccd78cc6895ec124ab41076cfdb05c8f27d65b0da861,f247673ad0b9e19f13a396739344c23363aef21827a65131266e23aaf2826a60
modified,train,impostor,102,102_3,103_4,86,51,75,75,11,204.01,f81ff06a65b93687a02cb1c34774b572f64459cc1736b85ca6156db84e2a0382,19de5b079f1d24f0bcf47a817e218d2e265ff4ada1f709aaf1c330316816edaf
modified,train,impostor,102,102_3,103_5,86,83,75,73,9,201.66,f81ff06a65b93687a02cb1c34774b572f64459cc1736b85ca6156db84e2a0382,87455c9373eb64e62d38cc349b4d30c027a08acd2b4bf7c1c4d200e22d706b21
modified,train,impostor,102,102_3,103_6,86,84,75,76,8,306.41,f81ff06a65b93687a02cb1c34774b572f64459cc1736b85ca6156db84e2a0382,eb87f61cdecea25de8f80fa04fcd3b0a88e7a8f772d3bbf73d51a7d41b3f459f
modified,train,impostor,102,102_3,103_7,86,57,75,75,6,219.21,f81ff06a65b93687a02cb1c34774b572f64459cc1736b85ca6156db84e2a0382,a36fb5b62ea144d51a2ab3b6a597d65749ace30c5fc9a34b0618a2b3ab6b82d9
modified,train,impostor,102,102_3,103_8,86,70,75,73,10,217.26,f81ff06a65b93687a02cb1c34774b572f64459cc1736b85ca6156db84e2a0382,f247673ad0b9e19f13a396739344c23363aef21827a65131266e23aaf2826a60
modified,train,impostor,102,102_4,103_5,83,83,75,73,6,199.59,dc50fa608412e030455688dcd15e62a589bfb90a3f9de58b393f4a2dc6d13c23,87455c9373eb64e62d38cc349b4d30c027a08acd2b4bf7c1c4d200e22d706b21
modified,train,impostor,102,102_4,103_6,83,84,75,76,9,214.57,dc50fa608412e030455688dcd15e62a589bfb90a3f9de58b393f4a2dc6d13c23,eb87f61cdecea25de8f80fa04fcd3b0a88e7a8f772d3bbf73d51a7d41b3f459f
modified,train,impostor,102,102_4,103_7,83,57,75,75,8,222.81,dc50fa608412e030455688dcd15e62a589bfb90a3f9de58b393f4a2dc6d13c23,a36fb5b62ea144d51a2ab3b6a597d65749ace30c5fc9a34b0618a2b3ab6b82d9
modified,train,impostor,102,102_4,103_8,83,70,75,73,6,188.8,dc50fa608412e030455688dcd15e62a589bfb90a3f9de58b393f4a2dc6d13c23,f247673ad0b9e19f13a396739344c23363aef21827a65131266e23aaf2826a60
modified,train,impostor,102,102_5,103_6,111,84,70,76,8,210.14,aa51f5847c134d39f01be1c52ae899d6088fbdfec6015885fb56467185de10f4,eb87f61cdecea25de8f80fa04fcd3b0a88e7a8f772d3bbf73d51a7d41b3f459f
modified,train,impostor,102,102_5,103_7,111,57,70,75,6,190.84,aa51f5847c134d39f01be1c52ae899d6088fbdfec6015885fb56467185de10f4,a36fb5b62ea144d51a2ab3b6a597d65749ace30c5fc9a34b0618a2b3ab6b82d9
modified,train,impostor,102,102_5,103_8,111,70,70,73,9,223.1,aa51f5847c134d39f01be1c52ae899d6088fbdfec6015885fb56467185de10f4,f247673ad0b9e19f13a396739344c23363aef21827a65131266e23aaf2826a60
modified,train,impostor,102,102_6,103_7,85,57,73,75,6,225.78,09d21914ee265445826f0a28be1052145d159febb36f94592ea61dafc2852319,a36fb5b62ea144d51a2ab3b6a597d65749ace30c5fc9a34b0618a2b3ab6b82d9
modified,train,impostor,102,102_6,103_8,85,70,73,73,8,207.25,09d21914ee265445826f0a28be1052145d159febb36f94592ea61dafc2852319,f247673ad0b9e19f13a396739344c23363aef21827a65131266e23aaf2826a60
modified,train,impostor,102,102_7,103_8,97,70,75,73,11,192.46,6ce8ba02e15625552ac0dd0adf1f520144fa09bcd5415de640b96fed03676f88,f247673ad0b9e19f13a396739344c23363aef21827a65131266e23aaf2826a60
modified,train,impostor,103,103_1,104_2,71,59,74,57,9,213.13,5c627c13771140151439336021bfc985c0cd88c22ad8910eaca70789de660cc2,60f353c63afe8cbfef463b8ad5c2261e171d84cdff4dca94c8f4c24278f6d73f
modified,train,impostor,103,103_1,104_3,71,61,74,58,4,251.86,5c627c13771140151439336021bfc985c0cd88c22ad8910eaca70789de660cc2,9c09800ea79c6457c19d7e990a49f7dd8000d80a1eeafa6c7630deb3b69f3151
modified,train,impostor,103,103_1,104_4,71,65,74,63,7,221.85,5c627c13771140151439336021bfc985c0cd88c22ad8910eaca70789de660cc2,1a70f8a9e44845bf217acf3583c6b476bbe94106d8322cdf8e578c7d6d3e731e
modified,train,impostor,103,103_1,104_5,71,49,74,53,6,218.9,5c627c13771140151439336021bfc985c0cd88c22ad8910eaca70789de660cc2,136f9d0974710fed18b428da32946929b8a8668d291a927fbb374d7d6e237be1
modified,train,impostor,103,103_1,104_6,71,74,74,62,8,214.04,5c627c13771140151439336021bfc985c0cd88c22ad8910eaca70789de660cc2,b768b779036044ffb2d2f585a30fa8058a3e2961f290e2d13ec766a02fee8785
modified,train,impostor,103,103_1,104_7,71,61,74,56,7,229.15,5c627c13771140151439336021bfc985c0cd88c22ad8910eaca70789de660cc2,7e6bf37e9c8c92ed3cf9bf92943c7ae82c94c5b38f44ab53093f37de252695b0
modified,train,impostor,103,103_1,104_8,71,60,74,58,8,217.54,5c627c13771140151439336021bfc985c0cd88c22ad8910eaca70789de660cc2,5103953b3ebf1738429bf415f36e25014b96d7760243ab167313bc5f7cc991fd
modified,train,impostor,103,103_2,104_3,87,61,74,58,5,217.66,e7846128807a16eccc1b1c7e6625f440f3b150cc38c01681c99fb6848b12e151,9c09800ea79c6457c19d7e990a49f7dd8000d80a1eeafa6c7630deb3b69f3151
modified,train,impostor,103,103_2,104_4,87,65,74,63,8,222.54,e7846128807a16eccc1b1c7e6625f440f3b150cc38c01681c99fb6848b12e151,1a70f8a9e44845bf217acf3583c6b476bbe94106d8322cdf8e578c7d6d3e731e
modified,train,impostor,103,103_2,104_5,87,49,74,53,4,225.1,e7846128807a16eccc1b1c7e6625f440f3b150cc38c01681c99fb6848b12e151,136f9d0974710fed18b428da32946929b8a8668d291a927fbb374d7d6e237be1
modified,train,impostor,103,103_2,104_6,87,74,74,62,8,213.06,e7846128807a16eccc1b1c7e6625f440f3b150cc38c01681c99fb6848b12e151,b768b779036044ffb2d2f585a30fa8058a3e2961f290e2d13ec766a02fee8785
modified,train,impostor,103,103_2,104_7,87,61,74,56,4,348.39,e7846128807a16eccc1b1c7e6625f440f3b150cc38c01681c99fb6848b12e151,7e6bf37e9c8c92ed3cf9bf92943c7ae82c94c5b38f44ab53093f37de252695b0
modified,train,impostor,103,103_2,104_8,87,60,74,58,6,238.58,e7846128807a16eccc1b1c7e6625f440f3b150cc38c01681c99fb6848b12e151,5103953b3ebf1738429bf415f36e25014b96d7760243ab167313bc5f7cc991fd
modified,train,impostor,103,103_3,104_4,75,65,75,63,6,191.16,7bf862e8eb1ba41047104e2f4d5d9ee6e2c7e6e02969efec6fdcdec5cdb5c65b,1a70f8a9e44845bf217acf3583c6b476bbe94106d8322cdf8e578c7d6d3e731e
modified,train,impostor,103,103_3,104_5,75,49,75,53,4,216.08,7bf862e8eb1ba41047104e2f4d5d9ee6e2c7e6e02969efec6fdcdec5cdb5c65b,136f9d0974710fed18b428da32946929b8a8668d291a927fbb374d7d6e237be1
modified,train,impostor,103,103_3,104_6,75,74,75,62,9,197,7bf862e8eb1ba41047104e2f4d5d9ee6e2c7e6e02969efec6fdcdec5cdb5c65b,b768b779036044ffb2d2f585a30fa8058a3e2961f290e2d13ec766a02fee8785
modified,train,impostor,103,103_3,104_7,75,61,75,56,7,215.16,7bf862e8eb1ba41047104e2f4d5d9ee6e2c7e6e02969efec6fdcdec5cdb5c65b,7e6bf37e9c8c92ed3cf9bf92943c7ae82c94c5b38f44ab53093f37de252695b0
modified,train,impostor,103,103_3,104_8,75,60,75,58,8,200.74,7bf862e8eb1ba41047104e2f4d5d9ee6e2c7e6e02969efec6fdcdec5cdb5c65b,5103953b3ebf1738429bf415f36e25014b96d7760243ab167313bc5f7cc991fd
modified,train,impostor,103,103_4,104_5,51,49,75,53,7,207,19de5b079f1d24f0bcf47a817e218d2e265ff4ada1f709aaf1c330316816edaf,136f9d0974710fed18b428da32946929b8a8668d291a927fbb374d7d6e237be1
modified,train,impostor,103,103_4,104_6,51,74,75,62,8,213.35,19de5b079f1d24f0bcf47a817e218d2e265ff4ada1f709aaf1c330316816edaf,b768b779036044ffb2d2f585a30fa8058a3e2961f290e2d13ec766a02fee8785
modified,train,impostor,103,103_4,104_7,51,61,75,56,6,201.02,19de5b079f1d24f0bcf47a817e218d2e265ff4ada1f709aaf1c330316816edaf,7e6bf37e9c8c92ed3cf9bf92943c7ae82c94c5b38f44ab53093f37de252695b0
modified,train,impostor,103,103_4,104_8,51,60,75,58,8,234.23,19de5b079f1d24f0bcf47a817e218d2e265ff4ada1f709aaf1c330316816edaf,5103953b3ebf1738429bf415f36e25014b96d7760243ab167313bc5f7cc991fd
modified,train,impostor,103,103_5,104_6,83,74,73,62,9,184.93,87455c9373eb64e62d38cc349b4d30c027a08acd2b4bf7c1c4d200e22d706b21,b768b779036044ffb2d2f585a30fa8058a3e2961f290e2d13ec766a02fee8785
modified,train,impostor,103,103_5,104_7,83,61,73,56,5,203.29,87455c9373eb64e62d38cc349b4d30c027a08acd2b4bf7c1c4d200e22d706b21,7e6bf37e9c8c92ed3cf9bf92943c7ae82c94c5b38f44ab53093f37de252695b0
modified,train,impostor,103,103_5,104_8,83,60,73,58,6,201.95,87455c9373eb64e62d38cc349b4d30c027a08acd2b4bf7c1c4d200e22d706b21,5103953b3ebf1738429bf415f36e25014b96d7760243ab167313bc5f7cc991fd
modified,train,impostor,103,103_6,104_7,84,61,76,56,4,210.19,eb87f61cdecea25de8f80fa04fcd3b0a88e7a8f772d3bbf73d51a7d41b3f459f,7e6bf37e9c8c92ed3cf9bf92943c7ae82c94c5b38f44ab53093f37de252695b0
modified,train,impostor,103,103_6,104_8,84,60,76,58,7,223.75,eb87f61cdecea25de8f80fa04fcd3b0a88e7a8f772d3bbf73d51a7d41b3f459f,5103953b3ebf1738429bf415f36e25014b96d7760243ab167313bc5f7cc991fd
modified,train,impostor,103,103_7,104_8,57,60,75,58,15,198.82,a36fb5b62ea144d51a2ab3b6a597d65749ace30c5fc9a34b0618a2b3ab6b82d9,5103953b3ebf1738429bf415f36e25014b96d7760243ab167313bc5f7cc991fd
modified,train,impostor,104,104_1,105_2,74,73,65,72,19,199.99,42c43d155053e05f78f8cfdce43e6853f9e37bb00788100bec2b26b75ec754f0,cf948549d11300098cbb8d65832e9510322974e75371f592561287637fd4f162
modified,train,impostor,104,104_1,105_3,74,59,65,68,7,196.83,42c43d155053e05f78f8cfdce43e6853f9e37bb00788100bec2b26b75ec754f0,03bded64f4b57405dc6dc6cc1b6e677693a2619d68493fff3a38e09431b0ab41
modified,train,impostor,104,104_1,105_4,74,77,65,69,5,197.48,42c43d155053e05f78f8cfdce43e6853f9e37bb00788100bec2b26b75ec754f0,77df61781424a7f3ab4ad50478833e2be58b946a1de97819d8f4a578e3a9f88c
modified,train,impostor,104,104_1,105_5,74,78,65,67,8,205.36,42c43d155053e05f78f8cfdce43e6853f9e37bb00788100bec2b26b75ec754f0,c3c9428ab86246dcae062f39360e3ee0691fd46442653e3ff03258670dad8e7b
modified,train,impostor,104,104_1,105_6,74,88,65,67,8,205.46,42c43d155053e05f78f8cfdce43e6853f9e37bb00788100bec2b26b75ec754f0,e974a58cedd6e8de3f0fba6b0a78f6bdeb37a7ebd3f77f249ad9b3bbfd26fc34
modified,train,impostor,104,104_1,105_7,74,66,65,66,4,204.98,42c43d155053e05f78f8cfdce43e6853f9e37bb00788100bec2b26b75ec754f0,9da1010506f2b16a444fa4016247f59c50ee6431dca1d0ebc8b7a22193d27a88
modified,train,impostor,104,104_1,105_8,74,69,65,69,8,200.04,42c43d155053e05f78f8cfdce43e6853f9e37bb00788100bec2b26b75ec754f0,6fa513a58c2f22bc43624ada1c993377ee0b9885774405bab01db0e7a4758a34
modified,train,impostor,104,104_2,105_3,59,59,57,68,6,307.94,60f353c63afe8cbfef463b8ad5c2261e171d84cdff4dca94c8f4c24278f6d73f,03bded64f4b57405dc6dc6cc1b6e677693a2619d68493fff3a38e09431b0ab41
modified,train,impostor,104,104_2,105_4,59,77,57,69,5,260.41,60f353c63afe8cbfef463b8ad5c2261e171d84cdff4dca94c8f4c24278f6d73f,77df61781424a7f3ab4ad50478833e2be58b946a1de97819d8f4a578e3a9f88c
modified,train,impostor,104,104_2,105_5,59,78,57,67,5,210.17,60f353c63afe8cbfef463b8ad5c2261e171d84cdff4dca94c8f4c24278f6d73f,c3c9428ab86246dcae062f39360e3ee0691fd46442653e3ff03258670dad8e7b
modified,train,impostor,104,104_2,105_6,59,88,57,67,5,201.72,60f353c63afe8cbfef463b8ad5c2261e171d84cdff4dca94c8f4c24278f6d73f,e974a58cedd6e8de3f0fba6b0a78f6bdeb37a7ebd3f77f249ad9b3bbfd26fc34
modified,train,impostor,104,104_2,105_7,59,66,57,66,5,194.85,60f353c63afe8cbfef463b8ad5c2261e171d84cdff4dca94c8f4c24278f6d73f,9da1010506f2b16a444fa4016247f59c50ee6431dca1d0ebc8b7a22193d27a88
modified,train,impostor,104,104_2,105_8,59,69,57,69,3,210.32,60f353c63afe8cbfef463b8ad5c2261e171d84cdff4dca94c8f4c24278f6d73f,6fa513a58c2f22bc43624ada1c993377ee0b9885774405bab01db0e7a4758a34
modified,train,impostor,104,104_3,105_4,61,77,58,69,4,187.54,9c09800ea79c6457c19d7e990a49f7dd8000d80a1eeafa6c7630deb3b69f3151,77df61781424a7f3ab4ad50478833e2be58b946a1de97819d8f4a578e3a9f88c
modified,train,impostor,104,104_3,105_5,61,78,58,67,6,201.19,9c09800ea79c6457c19d7e990a49f7dd8000d80a1eeafa6c7630deb3b69f3151,c3c9428ab86246dcae062f39360e3ee0691fd46442653e3ff03258670dad8e7b
modified,train,impostor,104,104_3,105_6,61,88,58,67,6,203.67,9c09800ea79c6457c19d7e990a49f7dd8000d80a1eeafa6c7630deb3b69f3151,e974a58cedd6e8de3f0fba6b0a78f6bdeb37a7ebd3f77f249ad9b3bbfd26fc34
modified,train,impostor,104,104_3,105_7,61,66,58,66,5,200.88,9c09800ea79c6457c19d7e990a49f7dd8000d80a1eeafa6c7630deb3b69f3151,9da1010506f2b16a444fa4016247f59c50ee6431dca1d0ebc8b7a22193d27a88
modified,train,impostor,104,104_3,105_8,61,69,58,69,5,218.97,9c09800ea79c6457c19d7e990a49f7dd8000d80a1eeafa6c7630deb3b69f3151,6fa513a58c2f22bc43624ada1c993377ee0b9885774405bab01db0e7a4758a34
modified,train,impostor,104,104_4,105_5,65,78,63,67,8,201.47,1a70f8a9e44845bf217acf3583c6b476bbe94106d8322cdf8e578c7d6d3e731e,c3c9428ab86246dcae062f39360e3ee0691fd46442653e3ff03258670dad8e7b
modified,train,impostor,104,104_4,105_6,65,88,63,67,7,213.78,1a70f8a9e44845bf217acf3583c6b476bbe94106d8322cdf8e578c7d6d3e731e,e974a58cedd6e8de3f0fba6b0a78f6bdeb37a7ebd3f77f249ad9b3bbfd26fc34
modified,train,impostor,104,104_4,105_7,65,66,63,66,7,203.08,1a70f8a9e44845bf217acf3583c6b476bbe94106d8322cdf8e578c7d6d3e731e,9da1010506f2b16a444fa4016247f59c50ee6431dca1d0ebc8b7a22193d27a88
modified,train,impostor,104,104_4,105_8,65,69,63,69,6,201.39,1a70f8a9e44845bf217acf3583c6b476bbe94106d8322cdf8e578c7d6d3e731e,6fa513a58c2f22bc43624ada1c993377ee0b9885774405bab01db0e7a4758a34
modified,train,impostor,104,104_5,105_6,49,88,53,67,3,210.75,136f9d0974710fed18b428da32946929b8a8668d291a927fbb374d7d6e237be1,e974a58cedd6e8de3f0fba6b0a78f6bdeb37a7ebd3f77f249ad9b3bbfd26fc34
modified,train,impostor,104,104_5,105_7,49,66,53,66,4,201.41,136f9d0974710fed18b428da32946929b8a8668d291a927fbb374d7d6e237be1,9da1010506f2b16a444fa4016247f59c50ee6431dca1d0ebc8b7a22193d27a88
modified,train,impostor,104,104_5,105_8,49,69,53,69,7,197.28,136f9d0974710fed18b428da32946929b8a8668d291a927fbb374d7d6e237be1,6fa513a58c2f22bc43624ada1c993377ee0b9885774405bab01db0e7a4758a34
modified,train,impostor,104,104_6,105_7,74,66,62,66,7,189.51,b768b779036044ffb2d2f585a30fa8058a3e2961f290e2d13ec766a02fee8785,9da1010506f2b16a444fa4016247f59c50ee6431dca1d0ebc8b7a22193d27a88
modified,train,impostor,104,104_6,105_8,74,69,62,69,6,206.36,b768b779036044ffb2d2f585a30fa8058a3e2961f290e2d13ec766a02fee8785,6fa513a58c2f22bc43624ada1c993377ee0b9885774405bab01db0e7a4758a34
modified,train,impostor,104,104_7,105_8,61,69,56,69,4,230.75,7e6bf37e9c8c92ed3cf9bf92943c7ae82c94c5b38f44ab53093f37de252695b0,6fa513a58c2f22bc43624ada1c993377ee0b9885774405bab01db0e7a4758a34
modified,train,impostor,105,105_1,106_2,72,67,73,62,9,202.4,e132a5abfaf1dc75ccaccee91c85d1e59529b230b9ad8e64db841d5daabae415,3b63c783449eb7b0c322a512c6a59a84cdd3bb7d8f4a2e23730c0234fc224a4f
modified,train,impostor,105,105_1,106_3,72,67,73,62,12,226.7,e132a5abfaf1dc75ccaccee91c85d1e59529b230b9ad8e64db841d5daabae415,8fc7177f4cb3a2ef84afd7fbbfbabe6a0ac83e8a82241cab8d82e1ba1c0f6ffc
modified,train,impostor,105,105_1,106_4,72,68,73,64,12,205.1,e132a5abfaf1dc75ccaccee91c85d1e59529b230b9ad8e64db841d5daabae415,90cf9465a27ea0042127c2641653705d2f7dca700d8fa5fa48965360035ab242
modified,train,impostor,105,105_1,106_5,72,71,73,53,8,220.43,e132a5abfaf1dc75ccaccee91c85d1e59529b230b9ad8e64db841d5daabae415,e8666b40d0bd096b1137a464e09e27bace2f12933fdf90f0b65df64d7d2db57f
modified,train,impostor,105,105_1,106_6,72,68,73,57,11,343.14,e132a5abfaf1dc75ccaccee91c85d1e59529b230b9ad8e64db841d5daabae415,7fa4a1e3f55296d40d63bc4b5b1da7e914f9af54cd8205cf3021d50de7272910
modified,train,impostor,105,105_1,106_7,72,72,73,61,13,199.63,e132a5abfaf1dc75ccaccee91c85d1e59529b230b9ad8e64db841d5daabae415,895a718d11ae33c0d32d9ad97af3d3adbef3bcedbc93424f7c60686d8d9ca9b8
modified,train,impostor,105,105_1,106_8,72,58,73,59,6,219.31,e132a5abfaf1dc75ccaccee91c85d1e59529b230b9ad8e64db841d5daabae415,1ac7fe676dfe2865c15516fe9e5436924a2e142b8db7d5d56b657a26ad658eee
modified,train,impostor,105,105_2,106_3,73,67,72,62,9,217.09,cf948549d11300098cbb8d65832e9510322974e75371f592561287637fd4f162,8fc7177f4cb3a2ef84afd7fbbfbabe6a0ac83e8a82241cab8d82e1ba1c0f6ffc
modified,train,impostor,105,105_2,106_4,73,68,72,64,10,207.49,cf948549d11300098cbb8d65832e9510322974e75371f592561287637fd4f162,90cf9465a27ea0042127c2641653705d2f7dca700d8fa5fa48965360035ab242
modified,train,impostor,105,105_2,106_5,73,71,72,53,11,201.76,cf948549d11300098cbb8d65832e9510322974e75371f592561287637fd4f162,e8666b40d0bd096b1137a464e09e27bace2f12933fdf90f0b65df64d7d2db57f
modified,train,impostor,105,105_2,106_6,73,68,72,57,12,230.32,cf948549d11300098cbb8d65832e9510322974e75371f592561287637fd4f162,7fa4a1e3f55296d40d63bc4b5b1da7e914f9af54cd8205cf3021d50de7272910
modified,train,impostor,105,105_2,106_7,73,72,72,61,13,201.38,cf948549d11300098cbb8d65832e9510322974e75371f592561287637fd4f162,895a718d11ae33c0d32d9ad97af3d3adbef3bcedbc93424f7c60686d8d9ca9b8
modified,train,impostor,105,105_2,106_8,73,58,72,59,6,228.42,cf948549d11300098cbb8d65832e9510322974e75371f592561287637fd4f162,1ac7fe676dfe2865c15516fe9e5436924a2e142b8db7d5d56b657a26ad658eee
modified,train,impostor,105,105_3,106_4,59,68,68,64,6,217.33,03bded64f4b57405dc6dc6cc1b6e677693a2619d68493fff3a38e09431b0ab41,90cf9465a27ea0042127c2641653705d2f7dca700d8fa5fa48965360035ab242
modified,train,impostor,105,105_3,106_5,59,71,68,53,6,212.22,03bded64f4b57405dc6dc6cc1b6e677693a2619d68493fff3a38e09431b0ab41,e8666b40d0bd096b1137a464e09e27bace2f12933fdf90f0b65df64d7d2db57f
modified,train,impostor,105,105_3,106_6,59,68,68,57,8,228.01,03bded64f4b57405dc6dc6cc1b6e677693a2619d68493fff3a38e09431b0ab41,7fa4a1e3f55296d40d63bc4b5b1da7e914f9af54cd8205cf3021d50de7272910
modified,train,impostor,105,105_3,106_7,59,72,68,61,8,218.62,03bded64f4b57405dc6dc6cc1b6e677693a2619d68493fff3a38e09431b0ab41,895a718d11ae33c0d32d9ad97af3d3adbef3bcedbc93424f7c60686d8d9ca9b8
modified,train,impostor,105,105_3,106_8,59,58,68,59,9,203.71,03bded64f4b57405dc6dc6cc1b6e677693a2619d68493fff3a38e09431b0ab41,1ac7fe676dfe2865c15516fe9e5436924a2e142b8db7d5d56b657a26ad658eee
modified,train,impostor,105,105_4,106_5,77,71,69,53,6,221.57,77df61781424a7f3ab4ad50478833e2be58b946a1de97819d8f4a578e3a9f88c,e8666b40d0bd096b1137a464e09e27bace2f12933fdf90f0b65df64d7d2db57f
modified,train,impostor,105,105_4,106_6,77,68,69,57,10,228.69,77df61781424a7f3ab4ad50478833e2be58b946a1de97819d8f4a578e3a9f88c,7fa4a1e3f55296d40d63bc4b5b1da7e914f9af54cd8205cf3021d50de7272910
modified,train,impostor,105,105_4,106_7,77,72,69,61,6,223.65,77df61781424a7f3ab4ad50478833e2be58b946a1de97819d8f4a578e3a9f88c,895a718d11ae33c0d32d9ad97af3d3adbef3bcedbc93424f7c60686d8d9ca9b8
modified,train,impostor,105,105_4,106_8,77,58,69,59,8,226.21,77df61781424a7f3ab4ad50478833e2be58b946a1de97819d8f4a578e3a9f88c,1ac7fe676dfe2865c15516fe9e5436924a2e142b8db7d5d56b657a26ad658eee
modified,train,impostor,105,105_5,106_6,78,68,67,57,10,208.48,c3c9428ab86246dcae062f39360e3ee0691fd46442653e3ff03258670dad8e7b,7fa4a1e3f55296d40d63bc4b5b1da7e914f9af54cd8205cf3021d50de7272910
modified,train,impostor,105,105_5,106_7,78,72,67,61,5,216.17,c3c9428ab86246dcae062f39360e3ee0691fd46442653e3ff03258670dad8e7b,895a718d11ae33c0d32d9ad97af3d3adbef3bcedbc93424f7c60686d8d9ca9b8
modified,train,impostor,105,105_5,106_8,78,58,67,59,6,215.46,c3c9428ab86246dcae062f39360e3ee0691fd46442653e3ff03258670dad8e7b,1ac7fe676dfe2865c15516fe9e5436924a2e142b8db7d5d56b657a26ad658eee
modified,train,impostor,105,105_6,106_7,88,72,67,61,11,219.47,e974a58cedd6e8de3f0fba6b0a78f6bdeb37a7ebd3f77f249ad9b3bbfd26fc34,895a718d11ae33c0d32d9ad97af3d3adbef3bcedbc93424f7c60686d8d9ca9b8
modified,train,impostor,105,105_6,106_8,88,58,67,59,4,232.41,e974a58cedd6e8de3f0fba6b0a78f6bdeb37a7ebd3f77f249ad9b3bbfd26fc34,1ac7fe676dfe2865c15516fe9e5436924a2e142b8db7d5d56b657a26ad658eee
modified,train,impostor,105,105_7,106_8,66,58,66,59,10,336.97,9da1010506f2b16a444fa4016247f59c50ee6431dca1d0ebc8b7a22193d27a88,1ac7fe676dfe2865c15516fe9e5436924a2e142b8db7d5d56b657a26ad658eee
modified,validation,impostor,106,106_1,107_2,53,50,60,65,4,206.27,67a3a1e8e437a73957a804f2aad2e74164ad7de43ee3a7fc165603dcc20eeb84,feb7776b7c68b68a992ffffedf9823e74e0b6a9d8ce0405c6a0c6cae22479c2d
modified,validation,impostor,106,106_1,107_3,53,46,60,63,5,216.73,67a3a1e8e437a73957a804f2aad2e74164ad7de43ee3a7fc165603dcc20eeb84,935a4b1abed30df8c6b5a0e3c05a5e0059b8e327ea79b0f31ca4ff6391effaaf
modified,validation,impostor,106,106_1,107_4,53,39,60,60,8,235.24,67a3a1e8e437a73957a804f2aad2e74164ad7de43ee3a7fc165603dcc20eeb84,dc257787221b5bd8b84a58c7a1eb497adf46a8d464e93e44f4c87f490b4b791e
modified,validation,impostor,106,106_1,107_5,53,57,60,58,7,198.4,67a3a1e8e437a73957a804f2aad2e74164ad7de43ee3a7fc165603dcc20eeb84,bd4f77b545589078584732dcf8f818208c0da6327d92d9dd7ee5b7ac1a28dde1
modified,validation,impostor,106,106_1,107_6,53,43,60,58,4,192.19,67a3a1e8e437a73957a804f2aad2e74164ad7de43ee3a7fc165603dcc20eeb84,b55baf6371e933d468eb4a529e76fa6714edfee0a504cad70ab1483a07a783d6
modified,validation,impostor,106,106_1,107_7,53,49,60,55,4,197.95,67a3a1e8e437a73957a804f2aad2e74164ad7de43ee3a7fc165603dcc20eeb84,9eddaf1e916ee85334e588015d739003c6756a4c3016bea83654ea53cb2370d7
modified,validation,impostor,106,106_1,107_8,53,37,60,57,4,198.64,67a3a1e8e437a73957a804f2aad2e74164ad7de43ee3a7fc165603dcc20eeb84,033f2cfa804c1c9ba0ea7dbdf7cf78cf215cb8646c80ae3ce0edf8e8cb709a7d
modified,validation,impostor,106,106_2,107_3,67,46,62,63,5,216.8,3b63c783449eb7b0c322a512c6a59a84cdd3bb7d8f4a2e23730c0234fc224a4f,935a4b1abed30df8c6b5a0e3c05a5e0059b8e327ea79b0f31ca4ff6391effaaf
modified,validation,impostor,106,106_2,107_4,67,39,62,60,5,208.27,3b63c783449eb7b0c322a512c6a59a84cdd3bb7d8f4a2e23730c0234fc224a4f,dc257787221b5bd8b84a58c7a1eb497adf46a8d464e93e44f4c87f490b4b791e
modified,validation,impostor,106,106_2,107_5,67,57,62,58,7,204.46,3b63c783449eb7b0c322a512c6a59a84cdd3bb7d8f4a2e23730c0234fc224a4f,bd4f77b545589078584732dcf8f818208c0da6327d92d9dd7ee5b7ac1a28dde1
modified,validation,impostor,106,106_2,107_6,67,43,62,58,8,199.07,3b63c783449eb7b0c322a512c6a59a84cdd3bb7d8f4a2e23730c0234fc224a4f,b55baf6371e933d468eb4a529e76fa6714edfee0a504cad70ab1483a07a783d6
modified,validation,impostor,106,106_2,107_7,67,49,62,55,4,204.25,3b63c783449eb7b0c322a512c6a59a84cdd3bb7d8f4a2e23730c0234fc224a4f,9eddaf1e916ee85334e588015d739003c6756a4c3016bea83654ea53cb2370d7
modified,validation,impostor,106,106_2,107_8,67,37,62,57,4,213.44,3b63c783449eb7b0c322a512c6a59a84cdd3bb7d8f4a2e23730c0234fc224a4f,033f2cfa804c1c9ba0ea7dbdf7cf78cf215cb8646c80ae3ce0edf8e8cb709a7d
modified,validation,impostor,106,106_3,107_4,67,39,62,60,4,187.38,8fc7177f4cb3a2ef84afd7fbbfbabe6a0ac83e8a82241cab8d82e1ba1c0f6ffc,dc257787221b5bd8b84a58c7a1eb497adf46a8d464e93e44f4c87f490b4b791e
modified,validation,impostor,106,106_3,107_5,67,57,62,58,8,192.55,8fc7177f4cb3a2ef84afd7fbbfbabe6a0ac83e8a82241cab8d82e1ba1c0f6ffc,bd4f77b545589078584732dcf8f818208c0da6327d92d9dd7ee5b7ac1a28dde1
modified,validation,impostor,106,106_3,107_6,67,43,62,58,6,201.44,8fc7177f4cb3a2ef84afd7fbbfbabe6a0ac83e8a82241cab8d82e1ba1c0f6ffc,b55baf6371e933d468eb4a529e76fa6714edfee0a504cad70ab1483a07a783d6
modified,validation,impostor,106,106_3,107_7,67,49,62,55,4,203.36,8fc7177f4cb3a2ef84afd7fbbfbabe6a0ac83e8a82241cab8d82e1ba1c0f6ffc,9eddaf1e916ee85334e588015d739003c6756a4c3016bea83654ea53cb2370d7
modified,validation,impostor,106,106_3,107_8,67,37,62,57,4,232.5,8fc7177f4cb3a2ef84afd7fbbfbabe6a0ac83e8a82241cab8d82e1ba1c0f6ffc,033f2cfa804c1c9ba0ea7dbdf7cf78cf215cb8646c80ae3ce0edf8e8cb709a7d
modified,validation,impostor,106,106_4,107_5,68,57,64,58,7,198.77,90cf9465a27ea0042127c2641653705d2f7dca700d8fa5fa48965360035ab242,bd4f77b545589078584732dcf8f818208c0da6327d92d9dd7ee5b7ac1a28dde1
modified,validation,impostor,106,106_4,107_6,68,43,64,58,7,201.08,90cf9465a27ea0042127c2641653705d2f7dca700d8fa5fa48965360035ab242,b55baf6371e933d468eb4a529e76fa6714edfee0a504cad70ab1483a07a783d6
modified,validation,impostor,106,106_4,107_7,68,49,64,55,4,194.54,90cf9465a27ea0042127c2641653705d2f7dca700d8fa5fa48965360035ab242,9eddaf1e916ee85334e588015d739003c6756a4c3016bea83654ea53cb2370d7
modified,validation,impostor,106,106_4,107_8,68,37,64,57,5,197.36,90cf9465a27ea0042127c2641653705d2f7dca700d8fa5fa48965360035ab242,033f2cfa804c1c9ba0ea7dbdf7cf78cf215cb8646c80ae3ce0edf8e8cb709a7d
modified,validation,impostor,106,106_5,107_6,71,43,53,58,6,215.08,e8666b40d0bd096b1137a464e09e27bace2f12933fdf90f0b65df64d7d2db57f,b55baf6371e933d468eb4a529e76fa6714edfee0a504cad70ab1483a07a783d6
modified,validation,impostor,106,106_5,107_7,71,49,53,55,7,202.65,e8666b40d0bd096b1137a464e09e27bace2f12933fdf90f0b65df64d7d2db57f,9eddaf1e916ee85334e588015d739003c6756a4c3016bea83654ea53cb2370d7
modified,validation,impostor,106,106_5,107_8,71,37,53,57,4,318.8,e8666b40d0bd096b1137a464e09e27bace2f12933fdf90f0b65df64d7d2db57f,033f2cfa804c1c9ba0ea7dbdf7cf78cf215cb8646c80ae3ce0edf8e8cb709a7d
modified,validation,impostor,106,106_6,107_7,68,49,57,55,4,202.39,7fa4a1e3f55296d40d63bc4b5b1da7e914f9af54cd8205cf3021d50de7272910,9eddaf1e916ee85334e588015d739003c6756a4c3016bea83654ea53cb2370d7
modified,validation,impostor,106,106_6,107_8,68,37,57,57,4,200.23,7fa4a1e3f55296d40d63bc4b5b1da7e914f9af54cd8205cf3021d50de7272910,033f2cfa804c1c9ba0ea7dbdf7cf78cf215cb8646c80ae3ce0edf8e8cb709a7d
modified,validation,impostor,106,106_7,107_8,72,37,61,57,4,205.21,895a718d11ae33c0d32d9ad97af3d3adbef3bcedbc93424f7c60686d8d9ca9b8,033f2cfa804c1c9ba0ea7dbdf7cf78cf215cb8646c80ae3ce0edf8e8cb709a7d
modified,validation,impostor,107,107_1,108_2,59,62,64,65,5,198.43,1801e65cf63d92c68943e0128966cfeb6f92f7ced92db364f43e430c2df09bb9,457bca22928c9bfc6ccaeff0e348702ec75653f8422458cf1635aad49824cc62
modified,validation,impostor,107,107_1,108_3,59,56,64,69,7,209.24,1801e65cf63d92c68943e0128966cfeb6f92f7ced92db364f43e430c2df09bb9,51379adb91f0d874fb1ba65196161dd07437145922b3636a2018fb4e831bd032
modified,validation,impostor,107,107_1,108_4,59,62,64,68,9,196.04,1801e65cf63d92c68943e0128966cfeb6f92f7ced92db364f43e430c2df09bb9,5fef4834563d904fb169d0ff2ce46126236943f09f7e629acb0cfaf3e45b900d
modified,validation,impostor,107,107_1,108_5,59,63,64,72,9,210.16,1801e65cf63d92c68943e0128966cfeb6f92f7ced92db364f43e430c2df09bb9,987fcf5810ef387a1a50b94e04666e32c6c005b8a21b3af8f402b2e4c51b50f8
modified,validation,impostor,107,107_1,108_6,59,76,64,70,6,210.6,1801e65cf63d92c68943e0128966cfeb6f92f7ced92db364f43e430c2df09bb9,f34b646c693931e6ee49d11b3fc0b6d69db74012d8a1d1eaa18d3155a6f92d07
modified,validation,impostor,107,107_1,108_7,59,78,64,69,9,216.03,1801e65cf63d92c68943e0128966cfeb6f92f7ced92db364f43e430c2df09bb9,a018cf67a43f1ac795747c667eddf689b976f081630f398496775ace25e1c368
modified,validation,impostor,107,107_1,108_8,59,61,64,72,7,193.21,1801e65cf63d92c68943e0128966cfeb6f92f7ced92db364f43e430c2df09bb9,fa4a30c3b6b74ea65618f899c8755be3e3e5b5fd9dc685b82df654212bc4338d
modified,validation,impostor,107,107_2,108_3,50,56,65,69,5,206.41,feb7776b7c68b68a992ffffedf9823e74e0b6a9d8ce0405c6a0c6cae22479c2d,51379adb91f0d874fb1ba65196161dd07437145922b3636a2018fb4e831bd032
modified,validation,impostor,107,107_2,108_4,50,62,65,68,5,213.75,feb7776b7c68b68a992ffffedf9823e74e0b6a9d8ce0405c6a0c6cae22479c2d,5fef4834563d904fb169d0ff2ce46126236943f09f7e629acb0cfaf3e45b900d
modified,validation,impostor,107,107_2,108_5,50,63,65,72,6,196.18,feb7776b7c68b68a992ffffedf9823e74e0b6a9d8ce0405c6a0c6cae22479c2d,987fcf5810ef387a1a50b94e04666e32c6c005b8a21b3af8f402b2e4c51b50f8
modified,validation,impostor,107,107_2,108_6,50,76,65,70,3,200.6,feb7776b7c68b68a992ffffedf9823e74e0b6a9d8ce0405c6a0c6cae22479c2d,f34b646c693931e6ee49d11b3fc0b6d69db74012d8a1d1eaa18d3155a6f92d07
modified,validation,impostor,107,107_2,108_7,50,78,65,69,6,198.52,feb7776b7c68b68a992ffffedf9823e74e0b6a9d8ce0405c6a0c6cae22479c2d,a018cf67a43f1ac795747c667eddf689b976f081630f398496775ace25e1c368
modified,validation,impostor,107,107_2,108_8,50,61,65,72,5,195.59,feb7776b7c68b68a992ffffedf9823e74e0b6a9d8ce0405c6a0c6cae22479c2d,fa4a30c3b6b74ea65618f899c8755be3e3e5b5fd9dc685b82df654212bc4338d
modified,validation,impostor,107,107_3,108_4,46,62,63,68,4,199.23,935a4b1abed30df8c6b5a0e3c05a5e0059b8e327ea79b0f31ca4ff6391effaaf,5fef4834563d904fb169d0ff2ce46126236943f09f7e629acb0cfaf3e45b900d
modified,validation,impostor,107,107_3,108_5,46,63,63,72,4,198.69,935a4b1abed30df8c6b5a0e3c05a5e0059b8e327ea79b0f31ca4ff6391effaaf,987fcf5810ef387a1a50b94e04666e32c6c005b8a21b3af8f402b2e4c51b50f8
modified,validation,impostor,107,107_3,108_6,46,76,63,70,5,189.21,935a4b1abed30df8c6b5a0e3c05a5e0059b8e327ea79b0f31ca4ff6391effaaf,f34b646c693931e6ee49d11b3fc0b6d69db74012d8a1d1eaa18d3155a6f92d07
modified,validation,impostor,107,107_3,108_7,46,78,63,69,6,208.66,935a4b1abed30df8c6b5a0e3c05a5e0059b8e327ea79b0f31ca4ff6391effaaf,a018cf67a43f1ac795747c667eddf689b976f081630f398496775ace25e1c368
modified,validation,impostor,107,107_3,108_8,46,61,63,72,5,196.51,935a4b1abed30df8c6b5a0e3c05a5e0059b8e327ea79b0f31ca4ff6391effaaf,fa4a30c3b6b74ea65618f899c8755be3e3e5b5fd9dc685b82df654212bc4338d
modified,validation,impostor,107,107_4,108_5,39,63,60,72,6,204.67,dc257787221b5bd8b84a58c7a1eb497adf46a8d464e93e44f4c87f490b4b791e,987fcf5810ef387a1a50b94e04666e32c6c005b8a21b3af8f402b2e4c51b50f8
modified,validation,impostor,107,107_4,108_6,39,76,60,70,3,199.81,dc257787221b5bd8b84a58c7a1eb497adf46a8d464e93e44f4c87f490b4b791e,f34b646c693931e6ee49d11b3fc0b6d69db74012d8a1d1eaa18d3155a6f92d07
modified,validation,impostor,107,107_4,108_7,39,78,60,69,4,188.31,dc257787221b5bd8b84a58c7a1eb497adf46a8d464e93e44f4c87f490b4b791e,a018cf67a43f1ac795747c667eddf689b976f081630f398496775ace25e1c368
modified,validation,impostor,107,107_4,108_8,39,61,60,72,4,334.33,dc257787221b5bd8b84a58c7a1eb497adf46a8d464e93e44f4c87f490b4b791e,fa4a30c3b6b74ea65618f899c8755be3e3e5b5fd9dc685b82df654212bc4338d
modified,validation,impostor,107,107_5,108_6,57,76,58,70,6,213.43,bd4f77b545589078584732dcf8f818208c0da6327d92d9dd7ee5b7ac1a28dde1,f34b646c693931e6ee49d11b3fc0b6d69db74012d8a1d1eaa18d3155a6f92d07
modified,validation,impostor,107,107_5,108_7,57,78,58,69,7,242.2,bd4f77b545589078584732dcf8f818208c0da6327d92d9dd7ee5b7ac1a28dde1,a018cf67a43f1ac795747c667eddf689b976f081630f398496775ace25e1c368
modified,validation,impostor,107,107_5,108_8,57,61,58,72,5,211.7,bd4f77b545589078584732dcf8f818208c0da6327d92d9dd7ee5b7ac1a28dde1,fa4a30c3b6b74ea65618f899c8755be3e3e5b5fd9dc685b82df654212bc4338d
modified,validation,impostor,107,107_6,108_7,43,78,58,69,11,236.46,b55baf6371e933d468eb4a529e76fa6714edfee0a504cad70ab1483a07a783d6,a018cf67a43f1ac795747c667eddf689b976f081630f398496775ace25e1c368
modified,validation,impostor,107,107_6,108_8,43,61,58,72,6,223.33,b55baf6371e933d468eb4a529e76fa6714edfee0a504cad70ab1483a07a783d6,fa4a30c3b6b74ea65618f899c8755be3e3e5b5fd9dc685b82df654212bc4338d
modified,validation,impostor,107,107_7,108_8,49,61,55,72,5,215.73,9eddaf1e916ee85334e588015d739003c6756a4c3016bea83654ea53cb2370d7,fa4a30c3b6b74ea65618f899c8755be3e3e5b5fd9dc685b82df654212bc4338d
modified,validation,impostor,108,108_1,109_2,58,40,68,58,6,195.13,685d9854b81c06e8a4f66f93e3e75fcbc39d829ed03569ac010ed2b555b5e42f,382dfa6f30e1c672f9cb0743e443b52e7613dc9f26ac9f6baf8068e3a0d6f4c4
modified,validation,impostor,108,108_1,109_3,58,48,68,59,3,225.65,685d9854b81c06e8a4f66f93e3e75fcbc39d829ed03569ac010ed2b555b5e42f,3d142d3c41e99b3f34f0baa0405172075ab63d0093f344ed22099b7e6948b531
modified,validation,impostor,108,108_1,109_4,58,31,68,60,4,217.48,685d9854b81c06e8a4f66f93e3e75fcbc39d829ed03569ac010ed2b555b5e42f,2dfefee7ed0776414a9b3b92ab3087f22cc5ea8be92527700ac7f68f01a31832
modified,validation,impostor,108,108_1,109_5,58,59,68,61,7,208.7,685d9854b81c06e8a4f66f93e3e75fcbc39d829ed03569ac010ed2b555b5e42f,a81ebb7ecd3fc702a189bbe32cde87ce1137c66a6167c180278727ec1c9f5739
modified,validation,impostor,108,108_1,109_6,58,49,68,52,5,209.52,685d9854b81c06e8a4f66f93e3e75fcbc39d829ed03569ac010ed2b555b5e42f,8b95877136708919c1b0b045d6c4a6146c5ee121127dff385cdf516fb43ca5f5
modified,validation,impostor,108,108_1,109_7,58,42,68,63,4,223.56,685d9854b81c06e8a4f66f93e3e75fcbc39d829ed03569ac010ed2b555b5e42f,c4eb7d80033b898d8e7601d7d74891be6a88149e7a871c301dcd838cf5b752fe
modified,validation,impostor,108,108_1,109_8,58,47,68,59,3,212.1,685d9854b81c06e8a4f66f93e3e75fcbc39d829ed03569ac010ed2b555b5e42f,975478e048c221393d086a02ddfb6f006bcf18be450e4215c3a3cbdf3f45741f
modified,validation,impostor,108,108_2,109_3,62,48,65,59,5,215.95,457bca22928c9bfc6ccaeff0e348702ec75653f8422458cf1635aad49824cc62,3d142d3c41e99b3f34f0baa0405172075ab63d0093f344ed22099b7e6948b531
modified,validation,impostor,108,108_2,109_4,62,31,65,60,6,222.02,457bca22928c9bfc6ccaeff0e348702ec75653f8422458cf1635aad49824cc62,2dfefee7ed0776414a9b3b92ab3087f22cc5ea8be92527700ac7f68f01a31832
modified,validation,impostor,108,108_2,109_5,62,59,65,61,7,215.85,457bca22928c9bfc6ccaeff0e348702ec75653f8422458cf1635aad49824cc62,a81ebb7ecd3fc702a189bbe32cde87ce1137c66a6167c180278727ec1c9f5739
modified,validation,impostor,108,108_2,109_6,62,49,65,52,4,184.45,457bca22928c9bfc6ccaeff0e348702ec75653f8422458cf1635aad49824cc62,8b95877136708919c1b0b045d6c4a6146c5ee121127dff385cdf516fb43ca5f5
modified,validation,impostor,108,108_2,109_7,62,42,65,63,5,199.25,457bca22928c9bfc6ccaeff0e348702ec75653f8422458cf1635aad49824cc62,c4eb7d80033b898d8e7601d7d74891be6a88149e7a871c301dcd838cf5b752fe
modified,validation,impostor,108,108_2,109_8,62,47,65,59,4,192.37,457bca22928c9bfc6ccaeff0e348702ec75653f8422458cf1635aad49824cc62,975478e048c221393d086a02ddfb6f006bcf18be450e4215c3a3cbdf3f45741f
modified,validation,impostor,108,108_3,109_4,56,31,69,60,4,222.71,51379adb91f0d874fb1ba65196161dd07437145922b3636a2018fb4e831bd032,2dfefee7ed0776414a9b3b92ab3087f22cc5ea8be92527700ac7f68f01a31832
modified,validation,impostor,108,108_3,109_5,56,59,69,61,4,216.8,51379adb91f0d874fb1ba65196161dd07437145922b3636a2018fb4e831bd032,a81ebb7ecd3fc702a189bbe32cde87ce1137c66a6167c180278727ec1c9f5739
modified,validation,impostor,108,108_3,109_6,56,49,69,52,6,195.46,51379adb91f0d874fb1ba65196161dd07437145922b3636a2018fb4e831bd032,8b95877136708919c1b0b045d6c4a6146c5ee121127dff385cdf516fb43ca5f5
modified,validation,impostor,108,108_3,109_7,56,42,69,63,5,211.53,51379adb91f0d874fb1ba65196161dd07437145922b3636a2018fb4e831bd032,c4eb7d80033b898d8e7601d7d74891be6a88149e7a871c301dcd838cf5b752fe
modified,validation,impostor,108,108_3,109_8,56,47,69,59,4,348.35,51379adb91f0d874fb1ba65196161dd07437145922b3636a2018fb4e831bd032,975478e048c221393d086a02ddfb6f006bcf18be450e4215c3a3cbdf3f45741f
modified,validation,impostor,108,108_4,109_5,62,59,68,61,9,204.33,5fef4834563d904fb169d0ff2ce46126236943f09f7e629acb0cfaf3e45b900d,a81ebb7ecd3fc702a189bbe32cde87ce1137c66a6167c180278727ec1c9f5739
modified,validation,impostor,108,108_4,109_6,62,49,68,52,4,196.63,5fef4834563d904fb169d0ff2ce46126236943f09f7e629acb0cfaf3e45b900d,8b95877136708919c1b0b045d6c4a6146c5ee121127dff385cdf516fb43ca5f5
modified,validation,impostor,108,108_4,109_7,62,42,68,63,5,200.48,5fef4834563d904fb169d0ff2ce46126236943f09f7e629acb0cfaf3e45b900d,c4eb7d80033b898d8e7601d7d74891be6a88149e7a871c301dcd838cf5b752fe
modified,validation,impostor,108,108_4,109_8,62,47,68,59,7,200.01,5fef4834563d904fb169d0ff2ce46126236943f09f7e629acb0cfaf3e45b900d,975478e048c221393d086a02ddfb6f006bcf18be450e4215c3a3cbdf3f45741f
modified,validation,impostor,108,108_5,109_6,63,49,72,52,9,201.71,987fcf5810ef387a1a50b94e04666e32c6c005b8a21b3af8f402b2e4c51b50f8,8b95877136708919c1b0b045d6c4a6146c5ee121127dff385cdf516fb43ca5f5
modified,validation,impostor,108,108_5,109_7,63,42,72,63,6,195.41,987fcf5810ef387a1a50b94e04666e32c6c005b8a21b3af8f402b2e4c51b50f8,c4eb7d80033b898d8e7601d7d74891be6a88149e7a871c301dcd838cf5b752fe
modified,validation,impostor,108,108_5,109_8,63,47,72,59,7,216.43,987fcf5810ef387a1a50b94e04666e32c6c005b8a21b3af8f402b2e4c51b50f8,975478e048c221393d086a02ddfb6f006bcf18be450e4215c3a3cbdf3f45741f
modified,validation,impostor,108,108_6,109_7,76,42,70,63,3,215.13,f34b646c693931e6ee49d11b3fc0b6d69db74012d8a1d1eaa18d3155a6f92d07,c4eb7d80033b898d8e7601d7d74891be6a88149e7a871c301dcd838cf5b752fe
modified,validation,impostor,108,108_6,109_8,76,47,70,59,5,206.34,f34b646c693931e6ee49d11b3fc0b6d69db74012d8a1d1eaa18d3155a6f92d07,975478e048c221393d086a02ddfb6f006bcf18be450e4215c3a3cbdf3f45741f
modified,validation,impostor,108,108_7,109_8,78,47,69,59,5,208.24,a018cf67a43f1ac795747c667eddf689b976f081630f398496775ace25e1c368,975478e048c221393d086a02ddfb6f006bcf18be450e4215c3a3cbdf3f45741f
modified,validation,impostor,109,109_1,110_2,60,57,61,59,5,217.63,439aa29d9dac8b7ca60df8060e8ecc95b5a60d6d0fd90308b62c97c41463b9e7,2353e4ef894f4752f8c395ba7baba2c53f10da7866d9db14210610ec00a05629
modified,validation,impostor,109,109_1,110_3,60,57,61,63,4,230.86,439aa29d9dac8b7ca60df8060e8ecc95b5a60d6d0fd90308b62c97c41463b9e7,ed2bbe5aa0a8b4f5dcabbd3c6da065be125e8063a990d1bbfc3a9c20e452200e
modified,validation,impostor,109,109_1,110_4,60,42,61,64,5,198.26,439aa29d9dac8b7ca60df8060e8ecc95b5a60d6d0fd90308b62c97c41463b9e7,8d56e9b45d5bb691fe5463838857bdecb6442615a313d0302ba046d80942b3ac
modified,validation,impostor,109,109_1,110_5,60,47,61,63,4,250.78,439aa29d9dac8b7ca60df8060e8ecc95b5a60d6d0fd90308b62c97c41463b9e7,2ba7de40781d0414750fa33a198ee9a19949f5d597741bb8f3a6812839691359
modified,validation,impostor,109,109_1,110_6,60,52,61,66,4,192.67,439aa29d9dac8b7ca60df8060e8ecc95b5a60d6d0fd90308b62c97c41463b9e7,0fecd8857c81758d9492ea84e6e4e97ff3f440839317794eca71814de8470f44
modified,validation,impostor,109,109_1,110_7,60,68,61,59,7,192.81,439aa29d9dac8b7ca60df8060e8ecc95b5a60d6d0fd90308b62c97c41463b9e7,739e4a4cc440746d1f70e00aa3786ce9286a25ceb6367521506bfd316475433c
modified,validation,impostor,109,109_1,110_8,60,60,61,60,4,195.18,439aa29d9dac8b7ca60df8060e8ecc95b5a60d6d0fd90308b62c97c41463b9e7,f04a8d1376d955d320b6b1b7c1f1f4dba8699766905c78e8c74517b57e390521
modified,validation,impostor,109,109_2,110_3,40,57,58,63,6,191.06,382dfa6f30e1c672f9cb0743e443b52e7613dc9f26ac9f6baf8068e3a0d6f4c4,ed2bbe5aa0a8b4f5dcabbd3c6da065be125e8063a990d1bbfc3a9c20e452200e
modified,validation,impostor,109,109_2,110_4,40,42,58,64,4,228.7,382dfa6f30e1c672f9cb0743e443b52e7613dc9f26ac9f6baf8068e3a0d6f4c4,8d56e9b45d5bb691fe5463838857bdecb6442615a313d0302ba046d80942b3ac
modified,validation,impostor,109,109_2,110_5,40,47,58,63,5,195.95,382dfa6f30e1c672f9cb0743e443b52e7613dc9f26ac9f6baf8068e3a0d6f4c4,2ba7de40781d0414750fa33a198ee9a19949f5d597741bb8f3a6812839691359
modified,validation,impostor,109,109_2,110_6,40,52,58,66,6,208.31,382dfa6f30e1c672f9cb0743e443b52e7613dc9f26ac9f6baf8068e3a0d6f4c4,0fecd8857c81758d9492ea84e6e4e97ff3f440839317794eca71814de8470f44
modified,validation,impostor,109,109_2,110_7,40,68,58,59,4,208.57,382dfa6f30e1c672f9cb0743e443b52e7613dc9f26ac9f6baf8068e3a0d6f4c4,739e4a4cc440746d1f70e00aa3786ce9286a25ceb6367521506bfd316475433c
modified,validation,impostor,109,109_2,110_8,40,60,58,60,8,198.34,382dfa6f30e1c672f9cb0743e443b52e7613dc9f26ac9f6baf8068e3a0d6f4c4,f04a8d1376d955d320b6b1b7c1f1f4dba8699766905c78e8c74517b57e390521
modified,validation,impostor,109,109_3,110_4,48,42,59,64,4,312.1,3d142d3c41e99b3f34f0baa0405172075ab63d0093f344ed22099b7e6948b531,8d56e9b45d5bb691fe5463838857bdecb6442615a313d0302ba046d80942b3ac
modified,validation,impostor,109,109_3,110_5,48,47,59,63,3,207.49,3d142d3c41e99b3f34f0baa0405172075ab63d0093f344ed22099b7e6948b531,2ba7de40781d0414750fa33a198ee9a19949f5d597741bb8f3a6812839691359
modified,validation,impostor,109,109_3,110_6,48,52,59,66,4,194.62,3d142d3c41e99b3f34f0baa0405172075ab63d0093f344ed22099b7e6948b531,0fecd8857c81758d9492ea84e6e4e97ff3f440839317794eca71814de8470f44
modified,validation,impostor,109,109_3,110_7,48,68,59,59,16,188.68,3d142d3c41e99b3f34f0baa0405172075ab63d0093f344ed22099b7e6948b531,739e4a4cc440746d1f70e00aa3786ce9286a25ceb6367521506bfd316475433c
modified,validation,impostor,109,109_3,110_8,48,60,59,60,18,190.9,3d142d3c41e99b3f34f0baa0405172075ab63d0093f344ed22099b7e6948b531,f04a8d1376d955d320b6b1b7c1f1f4dba8699766905c78e8c74517b57e390521
modified,validation,impostor,109,109_4,110_5,31,47,60,63,3,213.95,2dfefee7ed0776414a9b3b92ab3087f22cc5ea8be92527700ac7f68f01a31832,2ba7de40781d0414750fa33a198ee9a19949f5d597741bb8f3a6812839691359
modified,validation,impostor,109,109_4,110_6,31,52,60,66,5,187.07,2dfefee7ed0776414a9b3b92ab3087f22cc5ea8be92527700ac7f68f01a31832,0fecd8857c81758d9492ea84e6e4e97ff3f440839317794eca71814de8470f44
modified,validation,impostor,109,109_4,110_7,31,68,60,59,5,195.08,2dfefee7ed0776414a9b3b92ab3087f22cc5ea8be92527700ac7f68f01a31832,739e4a4cc440746d1f70e00aa3786ce9286a25ceb6367521506bfd316475433c
modified,validation,impostor,109,109_4,110_8,31,60,60,60,6,215.72,2dfefee7ed0776414a9b3b92ab3087f22cc5ea8be92527700ac7f68f01a31832,f04a8d1376d955d320b6b1b7c1f1f4dba8699766905c78e8c74517b57e390521
modified,validation,impostor,109,109_5,110_6,59,52,61,66,11,197.62,a81ebb7ecd3fc702a189bbe32cde87ce1137c66a6167c180278727ec1c9f5739,0fecd8857c81758d9492ea84e6e4e97ff3f440839317794eca71814de8470f44
modified,validation,impostor,109,109_5,110_7,59,68,61,59,7,204.57,a81ebb7ecd3fc702a189bbe32cde87ce1137c66a6167c180278727ec1c9f5739,739e4a4cc440746d1f70e00aa3786ce9286a25ceb6367521506bfd316475433c
modified,validation,impostor,109,109_5,110_8,59,60,61,60,7,204.85,a81ebb7ecd3fc702a189bbe32cde87ce1137c66a6167c180278727ec1c9f5739,f04a8d1376d955d320b6b1b7c1f1f4dba8699766905c78e8c74517b57e390521
modified,validation,impostor,109,109_6,110_7,49,68,52,59,3,197.26,8b95877136708919c1b0b045d6c4a6146c5ee121127dff385cdf516fb43ca5f5,739e4a4cc440746d1f70e00aa3786ce9286a25ceb6367521506bfd316475433c
modified,validation,impostor,109,109_6,110_8,49,60,52,60,4,193.41,8b95877136708919c1b0b045d6c4a6146c5ee121127dff385cdf516fb43ca5f5,f04a8d1376d955d320b6b1b7c1f1f4dba8699766905c78e8c74517b57e390521
modified,validation,impostor,109,109_7,110_8,42,60,63,60,14,204.26,c4eb7d80033b898d8e7601d7d74891be6a88149e7a871c301dcd838cf5b752fe,f04a8d1376d955d320b6b1b7c1f1f4dba8699766905c78e8c74517b57e390521
modified,validation,impostor,110,110_1,101_2,46,77,58,69,8,214.61,c65b430d70cb6f27e90fac217fbd81446ead8912606b542af06f817b29b1a6d9,9c17d154297cbc3bf1c3b6a48e88792f225ef2f0c12f1f6d8dcc18fef7503a80
modified,validation,impostor,110,110_1,101_3,46,67,58,59,6,199.38,c65b430d70cb6f27e90fac217fbd81446ead8912606b542af06f817b29b1a6d9,12df05142ec9f9afac6da9c12b76ab27294891811c6b1e26967f36e7bec2f8b3
modified,validation,impostor,110,110_1,101_4,46,115,58,56,6,203.27,c65b430d70cb6f27e90fac217fbd81446ead8912606b542af06f817b29b1a6d9,791771e41903b1a6954e73fd0638dd69ff984eebaff24b1e3f191cb8ad1d6b10
modified,validation,impostor,110,110_1,101_5,46,113,58,59,4,209.9,c65b430d70cb6f27e90fac217fbd81446ead8912606b542af06f817b29b1a6d9,3162e355ae5f457155d2e19c47574669e2ef47f47ca658bbefaf3738677bda36
modified,validation,impostor,110,110_1,101_6,46,83,58,64,5,191.46,c65b430d70cb6f27e90fac217fbd81446ead8912606b542af06f817b29b1a6d9,64082b6470c40b1b3f38b487440ee5bd6986ee897b3184c1b79bf5738ae0cfea
modified,validation,impostor,110,110_1,101_7,46,68,58,64,9,213.83,c65b430d70cb6f27e90fac217fbd81446ead8912606b542af06f817b29b1a6d9,8d86864ad3f8e14b6110f4f1c14aac29c8215391a446c4b1609d15054ceb3f05
modified,validation,impostor,110,110_1,101_8,46,81,58,58,5,230.78,c65b430d70cb6f27e90fac217fbd81446ead8912606b542af06f817b29b1a6d9,3561dcf03008767ffe1e7ba2befdbcd5fbe9efdd776456f976d719c5ee14306b
modified,validation,impostor,110,110_2,101_3,57,67,59,59,6,214.54,2353e4ef894f4752f8c395ba7baba2c53f10da7866d9db14210610ec00a05629,12df05142ec9f9afac6da9c12b76ab27294891811c6b1e26967f36e7bec2f8b3
modified,validation,impostor,110,110_2,101_4,57,115,59,56,5,234.82,2353e4ef894f4752f8c395ba7baba2c53f10da7866d9db14210610ec00a05629,791771e41903b1a6954e73fd0638dd69ff984eebaff24b1e3f191cb8ad1d6b10
modified,validation,impostor,110,110_2,101_5,57,113,59,59,4,204.38,2353e4ef894f4752f8c395ba7baba2c53f10da7866d9db14210610ec00a05629,3162e355ae5f457155d2e19c47574669e2ef47f47ca658bbefaf3738677bda36
modified,validation,impostor,110,110_2,101_6,57,83,59,64,4,305.52,2353e4ef894f4752f8c395ba7baba2c53f10da7866d9db14210610ec00a05629,64082b6470c40b1b3f38b487440ee5bd6986ee897b3184c1b79bf5738ae0cfea
modified,validation,impostor,110,110_2,101_7,57,68,59,64,5,207.92,2353e4ef894f4752f8c395ba7baba2c53f10da7866d9db14210610ec00a05629,8d86864ad3f8e14b6110f4f1c14aac29c8215391a446c4b1609d15054ceb3f05
modified,validation,impostor,110,110_2,101_8,57,81,59,58,3,219.38,2353e4ef894f4752f8c395ba7baba2c53f10da7866d9db14210610ec00a05629,3561dcf03008767ffe1e7ba2befdbcd5fbe9efdd776456f976d719c5ee14306b
modified,validation,impostor,110,110_3,101_4,57,115,63,56,3,234.5,ed2bbe5aa0a8b4f5dcabbd3c6da065be125e8063a990d1bbfc3a9c20e452200e,791771e41903b1a6954e73fd0638dd69ff984eebaff24b1e3f191cb8ad1d6b10
modified,validation,impostor,110,110_3,101_5,57,113,63,59,4,226.48,ed2bbe5aa0a8b4f5dcabbd3c6da065be125e8063a990d1bbfc3a9c20e452200e,3162e355ae5f457155d2e19c47574669e2ef47f47ca658bbefaf3738677bda36
modified,validation,impostor,110,110_3,101_6,57,83,63,64,3,212.64,ed2bbe5aa0a8b4f5dcabbd3c6da065be125e8063a990d1bbfc3a9c20e452200e,64082b6470c40b1b3f38b487440ee5bd6986ee897b3184c1b79bf5738ae0cfea
modified,validation,impostor,110,110_3,101_7,57,68,63,64,3,214.01,ed2bbe5aa0a8b4f5dcabbd3c6da065be125e8063a990d1bbfc3a9c20e452200e,8d86864ad3f8e14b6110f4f1c14aac29c8215391a446c4b1609d15054ceb3f05
modified,validation,impostor,110,110_3,101_8,57,81,63,58,4,222.48,ed2bbe5aa0a8b4f5dcabbd3c6da065be125e8063a990d1bbfc3a9c20e452200e,3561dcf03008767ffe1e7ba2befdbcd5fbe9efdd776456f976d719c5ee14306b
modified,validation,impostor,110,110_4,101_5,42,113,64,59,3,234.22,8d56e9b45d5bb691fe5463838857bdecb6442615a313d0302ba046d80942b3ac,3162e355ae5f457155d2e19c47574669e2ef47f47ca658bbefaf3738677bda36
modified,validation,impostor,110,110_4,101_6,42,83,64,64,3,215.02,8d56e9b45d5bb691fe5463838857bdecb6442615a313d0302ba046d80942b3ac,64082b6470c40b1b3f38b487440ee5bd6986ee897b3184c1b79bf5738ae0cfea
modified,validation,impostor,110,110_4,101_7,42,68,64,64,4,214.9,8d56e9b45d5bb691fe5463838857bdecb6442615a313d0302ba046d80942b3ac,8d86864ad3f8e14b6110f4f1c14aac29c8215391a446c4b1609d15054ceb3f05
modified,validation,impostor,110,110_4,101_8,42,81,64,58,0,216.16,8d56e9b45d5bb691fe5463838857bdecb6442615a313d0302ba046d80942b3ac,3561dcf03008767ffe1e7ba2befdbcd5fbe9efdd776456f976d719c5ee14306b
modified,validation,impostor,110,110_5,101_6,47,83,63,64,3,223.21,2ba7de40781d0414750fa33a198ee9a19949f5d597741bb8f3a6812839691359,64082b6470c40b1b3f38b487440ee5bd6986ee897b3184c1b79bf5738ae0cfea
modified,validation,impostor,110,110_5,101_7,47,68,63,64,8,220.89,2ba7de40781d0414750fa33a198ee9a19949f5d597741bb8f3a6812839691359,8d86864ad3f8e14b6110f4f1c14aac29c8215391a446c4b1609d15054ceb3f05
modified,validation,impostor,110,110_5,101_8,47,81,63,58,3,210.83,2ba7de40781d0414750fa33a198ee9a19949f5d597741bb8f3a6812839691359,3561dcf03008767ffe1e7ba2befdbcd5fbe9efdd776456f976d719c5ee14306b
modified,validation,impostor,110,110_6,101_7,52,68,66,64,6,203.78,0fecd8857c81758d9492ea84e6e4e97ff3f440839317794eca71814de8470f44,8d86864ad3f8e14b6110f4f1c14aac29c8215391a446c4b1609d15054ceb3f05
modified,validation,impostor,110,110_6,101_8,52,81,66,58,3,219.1,0fecd8857c81758d9492ea84e6e4e97ff3f440839317794eca71814de8470f44,3561dcf03008767ffe1e7ba2befdbcd5fbe9efdd776456f976d719c5ee14306b
modified,validation,impostor,110,110_7,101_8,68,81,59,58,4,219.83,739e4a4cc440746d1f70e00aa3786ce9286a25ceb6367521506bfd316475433c,3561dcf03008767ffe1e7ba2befdbcd5fbe9efdd776456f976d719c5ee14306b
